Date,Num,Archive
2009-01,11,cs
2009-02,19,cs
2009-03,36,cs
2009-04,18,cs
2009-05,20,cs
2009-06,20,cs
2009-07,17,cs
2009-08,7,cs
2009-09,24,cs
2009-10,27,cs
2009-11,16,cs
2009-12,13,cs
2010-01,16,cs
2010-02,22,cs
2010-03,27,cs
2010-04,27,cs
2010-05,29,cs
2010-06,41,cs
2010-07,31,cs
2010-08,22,cs
2010-09,17,cs
2010-10,12,cs
2010-11,21,cs
2010-12,42,cs
2011-01,11,cs
2011-02,19,cs
2011-03,29,cs
2011-04,27,cs
2011-05,44,cs
2011-06,124,cs
2011-07,71,cs
2011-08,41,cs
2011-09,72,cs
2011-10,47,cs
2011-11,41,cs
2011-12,13,cs
2012-01,29,cs
2012-02,56,cs
2012-03,44,cs
2012-04,37,cs
2012-05,40,cs
2012-06,131,cs
2012-07,121,cs
2012-08,27,cs
2012-09,40,cs
2012-10,59,cs
2012-11,24,cs
2012-12,66,cs
2013-01,280,cs
2013-02,257,cs
2013-03,197,cs
2013-04,345,cs
2013-05,37,cs
2013-06,43,cs
2013-07,41,cs
2013-08,34,cs
2013-09,60,cs
2013-10,31,cs
2013-11,36,cs
2013-12,52,cs
2014-01,137,cs
2014-02,50,cs
2014-03,31,cs
2014-04,55,cs
2014-05,78,cs
2014-06,47,cs
2014-07,50,cs
2014-08,44,cs
2014-09,33,cs
2014-10,35,cs
2014-11,51,cs
2014-12,49,cs
2015-01,39,cs
2015-02,48,cs
2015-03,41,cs
2015-04,47,cs
2015-05,51,cs
2015-06,51,cs
2015-07,53,cs
2015-08,42,cs
2015-09,51,cs
2015-10,39,cs
2015-11,55,cs
2015-12,65,cs
2016-01,41,cs
2016-02,66,cs
2016-03,50,cs
2016-04,85,cs
2016-05,59,cs
2016-06,104,cs
2016-07,80,cs
2016-08,79,cs
2016-09,73,cs
2016-10,76,cs
2016-11,84,cs
2016-12,74,cs
2017-01,63,cs
2017-02,59,cs
2017-03,97,cs
2017-04,93,cs
2017-05,140,cs
2017-06,107,cs
2017-07,130,cs
2017-08,84,cs
2017-09,127,cs
2017-10,88,cs
2017-11,130,cs
2017-12,74,cs
2018-01,104,cs
2018-02,145,cs
2018-03,96,cs
2018-04,116,cs
2018-05,124,cs
2018-06,127,cs
2018-07,110,cs
2018-08,93,cs
2018-09,134,cs
2018-10,145,cs
2018-11,139,cs
2018-12,99,cs
2019-01,78,cs
2019-02,93,cs
2019-03,112,cs
2019-04,70,cs
2019-05,95,cs
2019-06,102,cs
2019-07,107,cs
2019-08,67,cs
2019-09,169,cs
2019-10,100,cs
2019-11,113,cs
2019-12,104,cs
2020-01,120,cs
2020-02,140,cs
2020-03,144,cs
2020-04,127,cs
2020-05,141,cs
2020-06,163,cs
2020-07,163,cs
2020-08,147,cs
2020-09,199,cs
2020-10,182,cs
2020-11,176,cs
2020-12,196,cs
2021-01,122,cs
2021-02,189,cs
2021-03,195,cs
2021-04,186,cs
2021-05,224,cs
2021-06,202,cs
2021-07,174,cs
2021-08,164,cs
2021-09,189,cs
2021-10,155,cs
2021-11,178,cs
2021-12,145,cs
2022-01,150,cs
2022-02,184,cs
2022-03,150,cs
2022-04,135,cs
2022-05,231,cs
2022-06,200,cs
2022-07,156,cs
2022-08,169,cs
2022-09,192,cs
2022-10,179,cs
2022-11,179,cs
2022-12,179,cs
2023-01,152,cs
2023-02,256,cs
2023-03,219,cs
2023-04,213,cs
2023-05,271,cs
2023-06,301,cs
2023-07,277,cs
2023-08,350,cs
2023-09,255,cs
2023-10,394,cs
2023-11,284,cs
2023-12,348,cs
2024-01,217,cs
2024-02,402,cs
2024-03,374,cs
2009-01,3,cs
2009-04,1,cs
2009-06,2,cs
2009-09,3,cs
2009-10,4,cs
2010-01,4,cs
2010-02,3,cs
2010-06,1,cs
2010-07,1,cs
2010-08,12,cs
2010-09,7,cs
2010-10,1,cs
2010-11,2,cs
2011-01,3,cs
2011-02,1,cs
2011-03,1,cs
2011-04,2,cs
2011-05,5,cs
2011-06,3,cs
2011-07,1,cs
2011-08,2,cs
2011-09,3,cs
2011-10,7,cs
2011-11,8,cs
2011-12,1,cs
2012-01,4,cs
2012-02,1,cs
2012-03,4,cs
2012-04,4,cs
2012-05,7,cs
2012-06,3,cs
2012-07,6,cs
2012-08,2,cs
2012-09,2,cs
2012-10,2,cs
2012-11,1,cs
2012-12,2,cs
2013-01,2,cs
2013-02,5,cs
2013-03,3,cs
2013-04,3,cs
2013-05,1,cs
2013-06,4,cs
2013-07,7,cs
2013-08,2,cs
2013-09,12,cs
2013-10,7,cs
2013-11,4,cs
2013-12,1,cs
2014-01,10,cs
2014-02,17,cs
2014-03,8,cs
2014-04,8,cs
2014-05,4,cs
2014-06,6,cs
2014-07,3,cs
2014-08,3,cs
2014-09,4,cs
2014-10,3,cs
2014-11,7,cs
2014-12,7,cs
2015-01,3,cs
2015-02,6,cs
2015-03,7,cs
2015-04,3,cs
2015-05,7,cs
2015-06,5,cs
2015-07,2,cs
2015-08,7,cs
2015-09,12,cs
2015-10,3,cs
2015-11,4,cs
2015-12,2,cs
2016-01,5,cs
2016-02,10,cs
2016-03,8,cs
2016-04,3,cs
2016-05,6,cs
2016-06,19,cs
2016-07,7,cs
2016-08,5,cs
2016-09,7,cs
2016-10,11,cs
2016-11,11,cs
2016-12,10,cs
2017-01,9,cs
2017-02,5,cs
2017-03,3,cs
2017-04,9,cs
2017-05,28,cs
2017-06,10,cs
2017-07,10,cs
2017-08,6,cs
2017-09,5,cs
2017-10,10,cs
2017-11,14,cs
2017-12,17,cs
2018-01,9,cs
2018-02,5,cs
2018-03,13,cs
2018-04,5,cs
2018-05,29,cs
2018-06,7,cs
2018-07,13,cs
2018-08,12,cs
2018-09,8,cs
2018-10,7,cs
2018-11,6,cs
2018-12,7,cs
2019-01,6,cs
2019-02,10,cs
2019-03,12,cs
2019-04,12,cs
2019-05,12,cs
2019-06,9,cs
2019-07,13,cs
2019-08,19,cs
2019-09,11,cs
2019-10,17,cs
2019-11,8,cs
2019-12,5,cs
2020-01,9,cs
2020-02,14,cs
2020-03,12,cs
2020-04,21,cs
2020-05,17,cs
2020-06,19,cs
2020-07,40,cs
2020-08,33,cs
2020-09,46,cs
2020-10,29,cs
2020-11,34,cs
2020-12,33,cs
2021-01,25,cs
2021-02,27,cs
2021-03,39,cs
2021-04,42,cs
2021-05,39,cs
2021-06,25,cs
2021-07,30,cs
2021-08,25,cs
2021-09,34,cs
2021-10,31,cs
2021-11,31,cs
2021-12,39,cs
2022-01,33,cs
2022-02,29,cs
2022-03,44,cs
2022-04,29,cs
2022-05,54,cs
2022-06,40,cs
2022-07,32,cs
2022-08,34,cs
2022-09,36,cs
2022-10,33,cs
2022-11,39,cs
2022-12,25,cs
2023-01,31,cs
2023-02,41,cs
2023-03,44,cs
2023-04,50,cs
2023-05,46,cs
2023-06,39,cs
2023-07,34,cs
2023-08,43,cs
2023-09,51,cs
2023-10,46,cs
2023-11,59,cs
2023-12,42,cs
2024-01,62,cs
2024-02,56,cs
2024-03,53,cs
2009-01,8,cs
2009-02,23,cs
2009-03,7,cs
2009-04,11,cs
2009-05,3,cs
2009-06,33,cs
2009-07,17,cs
2009-08,11,cs
2009-09,12,cs
2009-10,18,cs
2009-11,14,cs
2009-12,21,cs
2010-01,19,cs
2010-02,14,cs
2010-03,8,cs
2010-04,30,cs
2010-05,12,cs
2010-06,19,cs
2010-07,17,cs
2010-08,17,cs
2010-09,21,cs
2010-10,9,cs
2010-11,19,cs
2010-12,22,cs
2011-01,12,cs
2011-02,22,cs
2011-03,8,cs
2011-04,21,cs
2011-05,9,cs
2011-06,12,cs
2011-07,15,cs
2011-08,16,cs
2011-09,13,cs
2011-10,28,cs
2011-11,21,cs
2011-12,18,cs
2012-01,23,cs
2012-02,17,cs
2012-03,20,cs
2012-04,32,cs
2012-05,22,cs
2012-06,19,cs
2012-07,17,cs
2012-08,13,cs
2012-09,15,cs
2012-10,21,cs
2012-11,25,cs
2012-12,18,cs
2013-01,15,cs
2013-02,20,cs
2013-03,18,cs
2013-04,37,cs
2013-05,24,cs
2013-06,22,cs
2013-07,21,cs
2013-08,19,cs
2013-09,31,cs
2013-10,25,cs
2013-11,30,cs
2013-12,34,cs
2014-01,22,cs
2014-02,23,cs
2014-03,19,cs
2014-04,31,cs
2014-05,13,cs
2014-06,17,cs
2014-07,28,cs
2014-08,21,cs
2014-09,20,cs
2014-10,25,cs
2014-11,33,cs
2014-12,27,cs
2015-01,21,cs
2015-02,27,cs
2015-03,14,cs
2015-04,34,cs
2015-05,21,cs
2015-06,31,cs
2015-07,24,cs
2015-08,25,cs
2015-09,18,cs
2015-10,23,cs
2015-11,40,cs
2015-12,19,cs
2016-01,18,cs
2016-02,38,cs
2016-03,20,cs
2016-04,31,cs
2016-05,19,cs
2016-06,23,cs
2016-07,29,cs
2016-08,18,cs
2016-09,25,cs
2016-10,24,cs
2016-11,28,cs
2016-12,23,cs
2017-01,22,cs
2017-02,35,cs
2017-03,24,cs
2017-04,32,cs
2017-05,26,cs
2017-06,33,cs
2017-07,15,cs
2017-08,16,cs
2017-09,23,cs
2017-10,29,cs
2017-11,30,cs
2017-12,21,cs
2018-01,26,cs
2018-02,30,cs
2018-03,28,cs
2018-04,23,cs
2018-05,22,cs
2018-06,21,cs
2018-07,22,cs
2018-08,17,cs
2018-09,25,cs
2018-10,27,cs
2018-11,23,cs
2018-12,18,cs
2019-01,21,cs
2019-02,34,cs
2019-03,22,cs
2019-04,30,cs
2019-05,21,cs
2019-06,19,cs
2019-07,43,cs
2019-08,23,cs
2019-09,25,cs
2019-10,31,cs
2019-11,31,cs
2019-12,20,cs
2020-01,18,cs
2020-02,36,cs
2020-03,28,cs
2020-04,24,cs
2020-05,33,cs
2020-06,28,cs
2020-07,21,cs
2020-08,22,cs
2020-09,31,cs
2020-10,30,cs
2020-11,32,cs
2020-12,30,cs
2021-01,19,cs
2021-02,27,cs
2021-03,25,cs
2021-04,24,cs
2021-05,24,cs
2021-06,25,cs
2021-07,45,cs
2021-08,14,cs
2021-09,28,cs
2021-10,24,cs
2021-11,37,cs
2021-12,27,cs
2022-01,22,cs
2022-02,32,cs
2022-03,29,cs
2022-04,17,cs
2022-05,38,cs
2022-06,18,cs
2022-07,22,cs
2022-08,24,cs
2022-09,33,cs
2022-10,16,cs
2022-11,51,cs
2022-12,16,cs
2023-01,25,cs
2023-02,36,cs
2023-03,23,cs
2023-04,31,cs
2023-05,37,cs
2023-06,30,cs
2023-07,32,cs
2023-08,20,cs
2023-09,29,cs
2023-10,27,cs
2023-11,35,cs
2023-12,38,cs
2024-01,30,cs
2024-02,40,cs
2024-03,27,cs
2009-01,1,cs
2009-02,2,cs
2009-03,1,cs
2009-04,1,cs
2009-05,1,cs
2009-07,1,cs
2009-08,4,cs
2009-09,2,cs
2009-10,6,cs
2009-11,13,cs
2009-12,7,cs
2010-01,6,cs
2010-02,10,cs
2010-03,1,cs
2010-04,2,cs
2010-05,4,cs
2010-06,6,cs
2010-07,2,cs
2010-08,6,cs
2010-09,2,cs
2010-10,5,cs
2010-11,13,cs
2010-12,7,cs
2011-01,1,cs
2011-02,6,cs
2011-03,6,cs
2011-04,5,cs
2011-05,3,cs
2011-06,2,cs
2011-07,4,cs
2011-08,5,cs
2011-09,9,cs
2011-10,6,cs
2011-11,5,cs
2011-12,2,cs
2012-01,7,cs
2012-02,2,cs
2012-03,5,cs
2012-04,4,cs
2012-05,6,cs
2012-06,9,cs
2012-07,13,cs
2012-08,15,cs
2012-09,6,cs
2012-10,5,cs
2012-11,14,cs
2012-12,27,cs
2013-01,6,cs
2013-02,8,cs
2013-03,10,cs
2013-04,12,cs
2013-05,13,cs
2013-06,17,cs
2013-07,23,cs
2013-08,11,cs
2013-09,29,cs
2013-10,12,cs
2013-11,11,cs
2013-12,14,cs
2014-01,17,cs
2014-02,21,cs
2014-03,23,cs
2014-04,26,cs
2014-05,16,cs
2014-06,7,cs
2014-07,16,cs
2014-08,11,cs
2014-09,14,cs
2014-10,13,cs
2014-11,12,cs
2014-12,23,cs
2015-01,21,cs
2015-02,11,cs
2015-03,9,cs
2015-04,9,cs
2015-05,14,cs
2015-06,23,cs
2015-07,9,cs
2015-08,13,cs
2015-09,10,cs
2015-10,13,cs
2015-11,7,cs
2015-12,4,cs
2016-01,11,cs
2016-02,11,cs
2016-03,6,cs
2016-04,13,cs
2016-05,9,cs
2016-06,13,cs
2016-07,11,cs
2016-08,5,cs
2016-09,11,cs
2016-10,20,cs
2016-11,15,cs
2016-12,11,cs
2017-01,15,cs
2017-02,15,cs
2017-03,14,cs
2017-04,10,cs
2017-05,18,cs
2017-06,17,cs
2017-07,13,cs
2017-08,18,cs
2017-09,14,cs
2017-10,17,cs
2017-11,14,cs
2017-12,23,cs
2018-01,17,cs
2018-02,25,cs
2018-03,9,cs
2018-04,19,cs
2018-05,16,cs
2018-06,17,cs
2018-07,24,cs
2018-08,25,cs
2018-09,20,cs
2018-10,19,cs
2018-11,14,cs
2018-12,3,cs
2019-01,19,cs
2019-02,20,cs
2019-03,20,cs
2019-04,15,cs
2019-05,24,cs
2019-06,17,cs
2019-07,21,cs
2019-08,14,cs
2019-09,26,cs
2019-10,19,cs
2019-11,27,cs
2019-12,17,cs
2020-01,32,cs
2020-02,27,cs
2020-03,31,cs
2020-04,31,cs
2020-05,36,cs
2020-06,43,cs
2020-07,31,cs
2020-08,31,cs
2020-09,36,cs
2020-10,41,cs
2020-11,31,cs
2020-12,36,cs
2021-01,25,cs
2021-02,21,cs
2021-03,39,cs
2021-04,34,cs
2021-05,21,cs
2021-06,27,cs
2021-07,28,cs
2021-08,38,cs
2021-09,21,cs
2021-10,26,cs
2021-11,38,cs
2021-12,28,cs
2022-01,33,cs
2022-02,32,cs
2022-03,33,cs
2022-04,30,cs
2022-05,34,cs
2022-06,40,cs
2022-07,30,cs
2022-08,29,cs
2022-09,38,cs
2022-10,35,cs
2022-11,19,cs
2022-12,30,cs
2023-01,21,cs
2023-02,29,cs
2023-03,37,cs
2023-04,16,cs
2023-05,36,cs
2023-06,37,cs
2023-07,41,cs
2023-08,46,cs
2023-09,45,cs
2023-10,60,cs
2023-11,61,cs
2023-12,47,cs
2024-01,59,cs
2024-02,45,cs
2024-03,84,cs
2009-01,3,cs
2009-02,2,cs
2009-03,6,cs
2009-04,5,cs
2009-05,10,cs
2009-06,10,cs
2009-07,9,cs
2009-08,11,cs
2009-09,15,cs
2009-10,8,cs
2009-11,7,cs
2009-12,7,cs
2010-01,15,cs
2010-02,6,cs
2010-03,8,cs
2010-04,9,cs
2010-05,8,cs
2010-06,5,cs
2010-07,10,cs
2010-08,7,cs
2010-09,18,cs
2010-10,7,cs
2010-11,9,cs
2010-12,14,cs
2011-01,7,cs
2011-02,11,cs
2011-03,13,cs
2011-04,12,cs
2011-05,11,cs
2011-06,11,cs
2011-07,14,cs
2011-08,14,cs
2011-09,11,cs
2011-10,3,cs
2011-11,12,cs
2011-12,16,cs
2012-01,10,cs
2012-02,10,cs
2012-03,13,cs
2012-04,18,cs
2012-05,17,cs
2012-06,19,cs
2012-07,16,cs
2012-08,12,cs
2012-09,16,cs
2012-10,13,cs
2012-11,19,cs
2012-12,18,cs
2013-01,11,cs
2013-02,17,cs
2013-03,19,cs
2013-04,22,cs
2013-05,14,cs
2013-06,17,cs
2013-07,15,cs
2013-08,22,cs
2013-09,16,cs
2013-10,20,cs
2013-11,17,cs
2013-12,29,cs
2014-01,21,cs
2014-02,13,cs
2014-03,16,cs
2014-04,20,cs
2014-05,13,cs
2014-06,17,cs
2014-07,12,cs
2014-08,17,cs
2014-09,16,cs
2014-10,19,cs
2014-11,27,cs
2014-12,28,cs
2015-01,21,cs
2015-02,15,cs
2015-03,19,cs
2015-04,12,cs
2015-05,20,cs
2015-06,14,cs
2015-07,25,cs
2015-08,17,cs
2015-09,30,cs
2015-10,17,cs
2015-11,12,cs
2015-12,37,cs
2016-01,14,cs
2016-02,18,cs
2016-03,31,cs
2016-04,17,cs
2016-05,16,cs
2016-06,20,cs
2016-07,34,cs
2016-08,31,cs
2016-09,15,cs
2016-10,10,cs
2016-11,21,cs
2016-12,20,cs
2017-01,13,cs
2017-02,23,cs
2017-03,29,cs
2017-04,18,cs
2017-05,17,cs
2017-06,26,cs
2017-07,22,cs
2017-08,43,cs
2017-09,35,cs
2017-10,26,cs
2017-11,16,cs
2017-12,35,cs
2018-01,20,cs
2018-02,16,cs
2018-03,45,cs
2018-04,22,cs
2018-05,20,cs
2018-06,19,cs
2018-07,31,cs
2018-08,31,cs
2018-09,28,cs
2018-10,33,cs
2018-11,24,cs
2018-12,34,cs
2019-01,18,cs
2019-02,24,cs
2019-03,41,cs
2019-04,31,cs
2019-05,18,cs
2019-06,21,cs
2019-07,26,cs
2019-08,36,cs
2019-09,21,cs
2019-10,22,cs
2019-11,23,cs
2019-12,22,cs
2020-01,23,cs
2020-02,32,cs
2020-03,36,cs
2020-04,36,cs
2020-05,12,cs
2020-06,18,cs
2020-07,47,cs
2020-08,24,cs
2020-09,18,cs
2020-10,19,cs
2020-11,24,cs
2020-12,32,cs
2021-01,26,cs
2021-02,14,cs
2021-03,50,cs
2021-04,23,cs
2021-05,32,cs
2021-06,39,cs
2021-07,30,cs
2021-08,29,cs
2021-09,29,cs
2021-10,20,cs
2021-11,31,cs
2021-12,33,cs
2022-01,25,cs
2022-02,28,cs
2022-03,36,cs
2022-04,15,cs
2022-05,26,cs
2022-06,32,cs
2022-07,21,cs
2022-08,32,cs
2022-09,32,cs
2022-10,19,cs
2022-11,23,cs
2022-12,20,cs
2023-01,19,cs
2023-02,20,cs
2023-03,44,cs
2023-04,11,cs
2023-05,24,cs
2023-06,33,cs
2023-07,18,cs
2023-08,29,cs
2023-09,27,cs
2023-10,17,cs
2023-11,26,cs
2023-12,30,cs
2024-01,21,cs
2024-02,40,cs
2024-03,42,cs
2009-01,7,cs
2009-02,6,cs
2009-03,1,cs
2009-04,1,cs
2009-05,4,cs
2009-06,6,cs
2009-07,7,cs
2009-08,2,cs
2009-09,12,cs
2009-10,6,cs
2009-11,14,cs
2009-12,6,cs
2010-01,4,cs
2010-02,11,cs
2010-03,11,cs
2010-04,2,cs
2010-05,6,cs
2010-06,7,cs
2010-07,3,cs
2010-08,5,cs
2010-09,4,cs
2010-10,2,cs
2010-11,8,cs
2010-12,3,cs
2011-01,5,cs
2011-02,3,cs
2011-03,4,cs
2011-04,5,cs
2011-05,6,cs
2011-06,8,cs
2011-07,11,cs
2011-08,13,cs
2011-09,10,cs
2011-10,12,cs
2011-11,10,cs
2011-12,5,cs
2012-01,5,cs
2012-02,5,cs
2012-03,27,cs
2012-04,15,cs
2012-05,11,cs
2012-06,14,cs
2012-07,12,cs
2012-08,7,cs
2012-09,6,cs
2012-10,19,cs
2012-11,9,cs
2012-12,13,cs
2013-01,16,cs
2013-02,17,cs
2013-03,20,cs
2013-04,11,cs
2013-05,14,cs
2013-06,16,cs
2013-07,17,cs
2013-08,18,cs
2013-09,33,cs
2013-10,19,cs
2013-11,15,cs
2013-12,18,cs
2014-01,51,cs
2014-02,21,cs
2014-03,27,cs
2014-04,27,cs
2014-05,46,cs
2014-06,36,cs
2014-07,18,cs
2014-08,19,cs
2014-09,32,cs
2014-10,34,cs
2014-11,29,cs
2014-12,54,cs
2015-01,16,cs
2015-02,20,cs
2015-03,39,cs
2015-04,39,cs
2015-05,40,cs
2015-06,83,cs
2015-07,49,cs
2015-08,66,cs
2015-09,55,cs
2015-10,52,cs
2015-11,72,cs
2015-12,48,cs
2016-01,58,cs
2016-02,55,cs
2016-03,109,cs
2016-04,82,cs
2016-05,89,cs
2016-06,193,cs
2016-07,89,cs
2016-08,105,cs
2016-09,127,cs
2016-10,144,cs
2016-11,139,cs
2016-12,106,cs
2017-01,87,cs
2017-02,135,cs
2017-03,119,cs
2017-04,193,cs
2017-05,157,cs
2017-06,153,cs
2017-07,225,cs
2017-08,188,cs
2017-09,179,cs
2017-10,162,cs
2017-11,191,cs
2017-12,127,cs
2018-01,114,cs
2018-02,145,cs
2018-03,159,cs
2018-04,299,cs
2018-05,367,cs
2018-06,255,cs
2018-07,195,cs
2018-08,359,cs
2018-09,318,cs
2018-10,271,cs
2018-11,319,cs
2018-12,158,cs
2019-01,147,cs
2019-02,195,cs
2019-03,194,cs
2019-04,360,cs
2019-05,308,cs
2019-06,512,cs
2019-07,289,cs
2019-08,371,cs
2019-09,602,cs
2019-10,444,cs
2019-11,489,cs
2019-12,249,cs
2020-01,182,cs
2020-02,254,cs
2020-03,260,cs
2020-04,727,cs
2020-05,634,cs
2020-06,362,cs
2020-07,282,cs
2020-08,271,cs
2020-09,463,cs
2020-10,1108,cs
2020-11,496,cs
2020-12,509,cs
2021-01,386,cs
2021-02,338,cs
2021-03,427,cs
2021-04,784,cs
2021-05,571,cs
2021-06,750,cs
2021-07,362,cs
2021-08,421,cs
2021-09,968,cs
2021-10,671,cs
2021-11,369,cs
2021-12,504,cs
2022-01,338,cs
2022-02,345,cs
2022-03,661,cs
2022-04,731,cs
2022-05,844,cs
2022-06,448,cs
2022-07,298,cs
2022-08,360,cs
2022-09,473,cs
2022-10,1179,cs
2022-11,721,cs
2022-12,708,cs
2023-01,405,cs
2023-02,522,cs
2023-03,526,cs
2023-04,566,cs
2023-05,1950,cs
2023-06,974,cs
2023-07,628,cs
2023-08,633,cs
2023-09,777,cs
2023-10,1614,cs
2023-11,1112,cs
2023-12,715,cs
2024-01,888,cs
2024-02,1536,cs
2024-03,1210,cs
2009-01,11,cs
2009-02,6,cs
2009-03,9,cs
2009-04,11,cs
2009-05,10,cs
2009-06,25,cs
2009-07,21,cs
2009-08,23,cs
2009-09,33,cs
2009-10,24,cs
2009-11,21,cs
2009-12,36,cs
2010-01,33,cs
2010-02,32,cs
2010-03,33,cs
2010-04,42,cs
2010-05,47,cs
2010-06,29,cs
2010-07,14,cs
2010-08,18,cs
2010-09,19,cs
2010-10,26,cs
2010-11,27,cs
2010-12,25,cs
2011-01,31,cs
2011-02,31,cs
2011-03,31,cs
2011-04,19,cs
2011-05,22,cs
2011-06,18,cs
2011-07,29,cs
2011-08,31,cs
2011-09,29,cs
2011-10,29,cs
2011-11,43,cs
2011-12,41,cs
2012-01,26,cs
2012-02,31,cs
2012-03,48,cs
2012-04,40,cs
2012-05,34,cs
2012-06,37,cs
2012-07,41,cs
2012-08,58,cs
2012-09,40,cs
2012-10,39,cs
2012-11,33,cs
2012-12,42,cs
2013-01,31,cs
2013-02,41,cs
2013-03,35,cs
2013-04,38,cs
2013-05,48,cs
2013-06,50,cs
2013-07,43,cs
2013-08,32,cs
2013-09,31,cs
2013-10,30,cs
2013-11,27,cs
2013-12,41,cs
2014-01,48,cs
2014-02,40,cs
2014-03,45,cs
2014-04,38,cs
2014-05,52,cs
2014-06,40,cs
2014-07,46,cs
2014-08,38,cs
2014-09,35,cs
2014-10,68,cs
2014-11,40,cs
2014-12,40,cs
2015-01,39,cs
2015-02,55,cs
2015-03,43,cs
2015-04,56,cs
2015-05,48,cs
2015-06,69,cs
2015-07,55,cs
2015-08,34,cs
2015-09,30,cs
2015-10,47,cs
2015-11,50,cs
2015-12,60,cs
2016-01,41,cs
2016-02,49,cs
2016-03,63,cs
2016-04,53,cs
2016-05,75,cs
2016-06,47,cs
2016-07,57,cs
2016-08,60,cs
2016-09,62,cs
2016-10,58,cs
2016-11,74,cs
2016-12,63,cs
2017-01,59,cs
2017-02,65,cs
2017-03,87,cs
2017-04,61,cs
2017-05,86,cs
2017-06,94,cs
2017-07,70,cs
2017-08,126,cs
2017-09,109,cs
2017-10,97,cs
2017-11,100,cs
2017-12,91,cs
2018-01,119,cs
2018-02,107,cs
2018-03,87,cs
2018-04,123,cs
2018-05,138,cs
2018-06,127,cs
2018-07,115,cs
2018-08,136,cs
2018-09,127,cs
2018-10,128,cs
2018-11,167,cs
2018-12,149,cs
2019-01,137,cs
2019-02,151,cs
2019-03,133,cs
2019-04,166,cs
2019-05,192,cs
2019-06,153,cs
2019-07,155,cs
2019-08,157,cs
2019-09,164,cs
2019-10,178,cs
2019-11,168,cs
2019-12,161,cs
2020-01,156,cs
2020-02,174,cs
2020-03,177,cs
2020-04,198,cs
2020-05,228,cs
2020-06,219,cs
2020-07,235,cs
2020-08,174,cs
2020-09,193,cs
2020-10,223,cs
2020-11,199,cs
2020-12,207,cs
2021-01,192,cs
2021-02,195,cs
2021-03,276,cs
2021-04,219,cs
2021-05,243,cs
2021-06,229,cs
2021-07,201,cs
2021-08,192,cs
2021-09,240,cs
2021-10,210,cs
2021-11,222,cs
2021-12,234,cs
2022-01,237,cs
2022-02,242,cs
2022-03,233,cs
2022-04,188,cs
2022-05,241,cs
2022-06,210,cs
2022-07,227,cs
2022-08,290,cs
2022-09,247,cs
2022-10,251,cs
2022-11,227,cs
2022-12,219,cs
2023-01,208,cs
2023-02,221,cs
2023-03,228,cs
2023-04,244,cs
2023-05,256,cs
2023-06,325,cs
2023-07,254,cs
2023-08,288,cs
2023-09,273,cs
2023-10,312,cs
2023-11,270,cs
2023-12,339,cs
2024-01,300,cs
2024-02,339,cs
2024-03,334,cs
2009-01,2,cs
2009-02,5,cs
2009-03,5,cs
2009-04,3,cs
2009-05,7,cs
2009-06,12,cs
2009-07,12,cs
2009-08,6,cs
2009-09,11,cs
2009-10,14,cs
2009-11,10,cs
2009-12,11,cs
2010-01,17,cs
2010-02,20,cs
2010-03,33,cs
2010-04,26,cs
2010-05,17,cs
2010-06,20,cs
2010-07,26,cs
2010-08,9,cs
2010-09,23,cs
2010-10,17,cs
2010-11,16,cs
2010-12,12,cs
2011-01,19,cs
2011-02,11,cs
2011-03,16,cs
2011-04,26,cs
2011-05,25,cs
2011-06,22,cs
2011-07,30,cs
2011-08,19,cs
2011-09,28,cs
2011-10,20,cs
2011-11,30,cs
2011-12,26,cs
2012-01,29,cs
2012-02,28,cs
2012-03,31,cs
2012-04,41,cs
2012-05,21,cs
2012-06,28,cs
2012-07,36,cs
2012-08,30,cs
2012-09,35,cs
2012-10,49,cs
2012-11,42,cs
2012-12,39,cs
2013-01,40,cs
2013-02,38,cs
2013-03,53,cs
2013-04,67,cs
2013-05,48,cs
2013-06,50,cs
2013-07,54,cs
2013-08,38,cs
2013-09,46,cs
2013-10,64,cs
2013-11,57,cs
2013-12,88,cs
2014-01,61,cs
2014-02,60,cs
2014-03,74,cs
2014-04,67,cs
2014-05,88,cs
2014-06,100,cs
2014-07,88,cs
2014-08,68,cs
2014-09,78,cs
2014-10,96,cs
2014-11,123,cs
2014-12,176,cs
2015-01,112,cs
2015-02,137,cs
2015-03,120,cs
2015-04,145,cs
2015-05,187,cs
2015-06,173,cs
2015-07,115,cs
2015-08,99,cs
2015-09,150,cs
2015-10,135,cs
2015-11,292,cs
2015-12,163,cs
2016-01,135,cs
2016-02,147,cs
2016-03,283,cs
2016-04,290,cs
2016-05,248,cs
2016-06,196,cs
2016-07,231,cs
2016-08,261,cs
2016-09,266,cs
2016-10,244,cs
2016-11,394,cs
2016-12,371,cs
2017-01,230,cs
2017-02,277,cs
2017-03,448,cs
2017-04,412,cs
2017-05,432,cs
2017-06,334,cs
2017-07,463,cs
2017-08,479,cs
2017-09,444,cs
2017-10,345,cs
2017-11,560,cs
2017-12,442,cs
2018-01,383,cs
2018-02,422,cs
2018-03,641,cs
2018-04,652,cs
2018-05,645,cs
2018-06,585,cs
2018-07,746,cs
2018-08,498,cs
2018-09,535,cs
2018-10,569,cs
2018-11,854,cs
2018-12,703,cs
2019-01,561,cs
2019-02,512,cs
2019-03,675,cs
2019-04,1112,cs
2019-05,737,cs
2019-06,598,cs
2019-07,692,cs
2019-08,713,cs
2019-09,702,cs
2019-10,632,cs
2019-11,691,cs
2019-12,799,cs
2020-01,530,cs
2020-02,588,cs
2020-03,1085,cs
2020-04,939,cs
2020-05,684,cs
2020-06,973,cs
2020-07,1243,cs
2020-08,1011,cs
2020-09,821,cs
2020-10,916,cs
2020-11,1025,cs
2020-12,1123,cs
2021-01,690,cs
2021-02,631,cs
2021-03,1463,cs
2021-04,1304,cs
2021-05,968,cs
2021-06,1187,cs
2021-07,920,cs
2021-08,1175,cs
2021-09,880,cs
2021-10,1102,cs
2021-11,1126,cs
2021-12,1209,cs
2022-01,776,cs
2022-02,725,cs
2022-03,1712,cs
2022-04,1188,cs
2022-05,1080,cs
2022-06,1104,cs
2022-07,1511,cs
2022-08,1154,cs
2022-09,1123,cs
2022-10,1474,cs
2022-11,1519,cs
2022-12,1154,cs
2023-01,811,cs
2023-02,957,cs
2023-03,2214,cs
2023-04,1513,cs
2023-05,1683,cs
2023-06,1401,cs
2023-07,1444,cs
2023-08,1797,cs
2023-09,1551,cs
2023-10,1527,cs
2023-11,1836,cs
2023-12,1991,cs
2024-01,1492,cs
2024-02,1323,cs
2024-03,2360,cs
2009-01,4,cs
2009-02,3,cs
2009-03,7,cs
2009-04,4,cs
2009-05,4,cs
2009-06,7,cs
2009-07,4,cs
2009-08,8,cs
2009-09,4,cs
2009-10,3,cs
2009-11,12,cs
2009-12,14,cs
2010-01,12,cs
2010-02,8,cs
2010-03,9,cs
2010-04,8,cs
2010-05,6,cs
2010-06,10,cs
2010-07,2,cs
2010-08,7,cs
2010-09,6,cs
2010-10,3,cs
2010-11,4,cs
2010-12,5,cs
2011-01,1,cs
2011-02,4,cs
2011-03,1,cs
2011-05,6,cs
2011-06,2,cs
2011-07,6,cs
2011-08,4,cs
2011-09,5,cs
2011-10,5,cs
2011-11,9,cs
2011-12,6,cs
2012-01,5,cs
2012-02,7,cs
2012-03,9,cs
2012-04,15,cs
2012-05,6,cs
2012-06,11,cs
2012-07,16,cs
2012-08,11,cs
2012-09,9,cs
2012-10,11,cs
2012-11,18,cs
2012-12,9,cs
2013-01,13,cs
2013-02,14,cs
2013-03,13,cs
2013-04,24,cs
2013-05,25,cs
2013-06,20,cs
2013-07,32,cs
2013-08,32,cs
2013-09,19,cs
2013-10,30,cs
2013-11,13,cs
2013-12,28,cs
2014-01,37,cs
2014-02,27,cs
2014-03,17,cs
2014-04,23,cs
2014-05,18,cs
2014-06,30,cs
2014-07,25,cs
2014-08,18,cs
2014-09,32,cs
2014-10,32,cs
2014-11,27,cs
2014-12,34,cs
2015-01,25,cs
2015-02,35,cs
2015-03,42,cs
2015-04,29,cs
2015-05,40,cs
2015-06,27,cs
2015-07,70,cs
2015-08,36,cs
2015-09,29,cs
2015-10,20,cs
2015-11,37,cs
2015-12,28,cs
2016-01,21,cs
2016-02,31,cs
2016-03,26,cs
2016-04,34,cs
2016-05,56,cs
2016-06,134,cs
2016-07,25,cs
2016-08,29,cs
2016-09,61,cs
2016-10,48,cs
2016-11,29,cs
2016-12,25,cs
2017-01,38,cs
2017-02,41,cs
2017-03,44,cs
2017-04,34,cs
2017-05,46,cs
2017-06,56,cs
2017-07,46,cs
2017-08,42,cs
2017-09,32,cs
2017-10,92,cs
2017-11,67,cs
2017-12,51,cs
2018-01,42,cs
2018-02,56,cs
2018-03,89,cs
2018-04,64,cs
2018-05,77,cs
2018-06,72,cs
2018-07,83,cs
2018-08,70,cs
2018-09,54,cs
2018-10,53,cs
2018-11,76,cs
2018-12,72,cs
2019-01,86,cs
2019-02,47,cs
2019-03,64,cs
2019-04,63,cs
2019-05,66,cs
2019-06,61,cs
2019-07,77,cs
2019-08,62,cs
2019-09,65,cs
2019-10,61,cs
2019-11,65,cs
2019-12,50,cs
2020-01,95,cs
2020-02,61,cs
2020-03,74,cs
2020-04,95,cs
2020-05,129,cs
2020-06,195,cs
2020-07,145,cs
2020-08,161,cs
2020-09,146,cs
2020-10,123,cs
2020-11,100,cs
2020-12,109,cs
2021-01,108,cs
2021-02,111,cs
2021-03,78,cs
2021-04,103,cs
2021-05,115,cs
2021-06,75,cs
2021-07,103,cs
2021-08,148,cs
2021-09,72,cs
2021-10,81,cs
2021-11,79,cs
2021-12,89,cs
2022-01,67,cs
2022-02,79,cs
2022-03,74,cs
2022-04,70,cs
2022-05,83,cs
2022-06,94,cs
2022-07,86,cs
2022-08,89,cs
2022-09,66,cs
2022-10,74,cs
2022-11,101,cs
2022-12,101,cs
2023-01,94,cs
2023-02,71,cs
2023-03,101,cs
2023-04,114,cs
2023-05,147,cs
2023-06,139,cs
2023-07,87,cs
2023-08,119,cs
2023-09,123,cs
2023-10,105,cs
2023-11,170,cs
2023-12,120,cs
2024-01,136,cs
2024-02,174,cs
2024-03,239,cs
2009-01,3,cs
2009-02,4,cs
2009-03,8,cs
2009-04,13,cs
2009-05,5,cs
2009-06,14,cs
2009-07,6,cs
2009-08,6,cs
2009-09,36,cs
2009-10,2,cs
2009-11,6,cs
2009-12,14,cs
2010-01,11,cs
2010-02,9,cs
2010-03,17,cs
2010-04,13,cs
2010-05,23,cs
2010-06,17,cs
2010-07,5,cs
2010-08,13,cs
2010-09,13,cs
2010-10,7,cs
2010-11,3,cs
2010-12,17,cs
2011-01,6,cs
2011-02,10,cs
2011-03,29,cs
2011-04,17,cs
2011-05,15,cs
2011-06,10,cs
2011-07,6,cs
2011-08,16,cs
2011-09,20,cs
2011-10,18,cs
2011-11,24,cs
2011-12,16,cs
2012-01,21,cs
2012-02,19,cs
2012-03,32,cs
2012-04,21,cs
2012-05,30,cs
2012-06,9,cs
2012-07,28,cs
2012-08,79,cs
2012-09,20,cs
2012-10,19,cs
2012-11,22,cs
2012-12,21,cs
2013-01,15,cs
2013-02,14,cs
2013-03,14,cs
2013-04,20,cs
2013-05,15,cs
2013-06,15,cs
2013-07,20,cs
2013-08,21,cs
2013-09,15,cs
2013-10,20,cs
2013-11,29,cs
2013-12,25,cs
2014-01,22,cs
2014-02,29,cs
2014-03,26,cs
2014-04,19,cs
2014-05,21,cs
2014-06,23,cs
2014-07,20,cs
2014-08,18,cs
2014-09,24,cs
2014-10,11,cs
2014-11,21,cs
2014-12,23,cs
2015-01,26,cs
2015-02,18,cs
2015-03,41,cs
2015-04,28,cs
2015-05,14,cs
2015-06,18,cs
2015-07,20,cs
2015-08,20,cs
2015-09,21,cs
2015-10,20,cs
2015-11,18,cs
2015-12,32,cs
2016-01,24,cs
2016-02,31,cs
2016-03,29,cs
2016-04,23,cs
2016-05,23,cs
2016-06,32,cs
2016-07,19,cs
2016-08,17,cs
2016-09,33,cs
2016-10,24,cs
2016-11,33,cs
2016-12,23,cs
2017-01,47,cs
2017-02,30,cs
2017-03,51,cs
2017-04,23,cs
2017-05,18,cs
2017-06,17,cs
2017-07,24,cs
2017-08,29,cs
2017-09,40,cs
2017-10,25,cs
2017-11,24,cs
2017-12,31,cs
2018-01,42,cs
2018-02,32,cs
2018-03,30,cs
2018-04,32,cs
2018-05,39,cs
2018-06,26,cs
2018-07,29,cs
2018-08,31,cs
2018-09,25,cs
2018-10,35,cs
2018-11,24,cs
2018-12,32,cs
2019-01,35,cs
2019-02,41,cs
2019-03,38,cs
2019-04,51,cs
2019-05,51,cs
2019-06,44,cs
2019-07,33,cs
2019-08,33,cs
2019-09,32,cs
2019-10,37,cs
2019-11,38,cs
2019-12,39,cs
2020-01,42,cs
2020-02,43,cs
2020-03,59,cs
2020-04,72,cs
2020-05,42,cs
2020-06,44,cs
2020-07,42,cs
2020-08,43,cs
2020-09,46,cs
2020-10,51,cs
2020-11,38,cs
2020-12,45,cs
2021-01,41,cs
2021-02,31,cs
2021-03,66,cs
2021-04,45,cs
2021-05,48,cs
2021-06,37,cs
2021-07,63,cs
2021-08,29,cs
2021-09,28,cs
2021-10,43,cs
2021-11,38,cs
2021-12,43,cs
2022-01,49,cs
2022-02,46,cs
2022-03,50,cs
2022-04,40,cs
2022-05,32,cs
2022-06,53,cs
2022-07,43,cs
2022-08,51,cs
2022-09,43,cs
2022-10,44,cs
2022-11,36,cs
2022-12,43,cs
2023-01,35,cs
2023-02,36,cs
2023-03,54,cs
2023-04,54,cs
2023-05,47,cs
2023-06,49,cs
2023-07,61,cs
2023-08,47,cs
2023-09,42,cs
2023-10,52,cs
2023-11,52,cs
2023-12,64,cs
2024-01,39,cs
2024-02,30,cs
2024-03,70,cs
2009-01,9,cs
2009-02,7,cs
2009-03,14,cs
2009-04,3,cs
2009-05,11,cs
2009-06,15,cs
2009-07,12,cs
2009-08,6,cs
2009-09,9,cs
2009-10,17,cs
2009-11,10,cs
2009-12,9,cs
2010-01,14,cs
2010-02,19,cs
2010-03,22,cs
2010-04,20,cs
2010-05,16,cs
2010-06,45,cs
2010-07,28,cs
2010-08,11,cs
2010-09,13,cs
2010-10,23,cs
2010-11,25,cs
2010-12,10,cs
2011-01,18,cs
2011-02,17,cs
2011-03,20,cs
2011-04,17,cs
2011-05,31,cs
2011-06,44,cs
2011-07,14,cs
2011-08,25,cs
2011-09,27,cs
2011-10,20,cs
2011-11,25,cs
2011-12,25,cs
2012-01,12,cs
2012-02,30,cs
2012-03,34,cs
2012-04,24,cs
2012-05,25,cs
2012-06,25,cs
2012-07,34,cs
2012-08,32,cs
2012-09,27,cs
2012-10,35,cs
2012-11,23,cs
2012-12,18,cs
2013-01,17,cs
2013-02,43,cs
2013-03,24,cs
2013-04,29,cs
2013-05,34,cs
2013-06,27,cs
2013-07,36,cs
2013-08,32,cs
2013-09,37,cs
2013-10,47,cs
2013-11,39,cs
2013-12,41,cs
2014-01,29,cs
2014-02,46,cs
2014-03,42,cs
2014-04,45,cs
2014-05,41,cs
2014-06,30,cs
2014-07,41,cs
2014-08,38,cs
2014-09,24,cs
2014-10,43,cs
2014-11,38,cs
2014-12,39,cs
2015-01,45,cs
2015-02,50,cs
2015-03,49,cs
2015-04,41,cs
2015-05,63,cs
2015-06,60,cs
2015-07,60,cs
2015-08,60,cs
2015-09,50,cs
2015-10,55,cs
2015-11,51,cs
2015-12,54,cs
2016-01,66,cs
2016-02,55,cs
2016-03,54,cs
2016-04,57,cs
2016-05,57,cs
2016-06,69,cs
2016-07,58,cs
2016-08,66,cs
2016-09,37,cs
2016-10,63,cs
2016-11,59,cs
2016-12,46,cs
2017-01,56,cs
2017-02,75,cs
2017-03,72,cs
2017-04,66,cs
2017-05,84,cs
2017-06,52,cs
2017-07,62,cs
2017-08,90,cs
2017-09,103,cs
2017-10,87,cs
2017-11,75,cs
2017-12,58,cs
2018-01,77,cs
2018-02,89,cs
2018-03,84,cs
2018-04,94,cs
2018-05,132,cs
2018-06,90,cs
2018-07,91,cs
2018-08,74,cs
2018-09,67,cs
2018-10,114,cs
2018-11,84,cs
2018-12,74,cs
2019-01,109,cs
2019-02,101,cs
2019-03,95,cs
2019-04,115,cs
2019-05,129,cs
2019-06,88,cs
2019-07,107,cs
2019-08,98,cs
2019-09,111,cs
2019-10,109,cs
2019-11,96,cs
2019-12,95,cs
2020-01,95,cs
2020-02,114,cs
2020-03,114,cs
2020-04,113,cs
2020-05,135,cs
2020-06,126,cs
2020-07,125,cs
2020-08,121,cs
2020-09,101,cs
2020-10,162,cs
2020-11,99,cs
2020-12,96,cs
2021-01,72,cs
2021-02,108,cs
2021-03,127,cs
2021-04,110,cs
2021-05,151,cs
2021-06,110,cs
2021-07,101,cs
2021-08,137,cs
2021-09,115,cs
2021-10,101,cs
2021-11,93,cs
2021-12,119,cs
2022-01,80,cs
2022-02,90,cs
2022-03,115,cs
2022-04,98,cs
2022-05,120,cs
2022-06,110,cs
2022-07,93,cs
2022-08,126,cs
2022-09,89,cs
2022-10,102,cs
2022-11,99,cs
2022-12,90,cs
2023-01,99,cs
2023-02,75,cs
2023-03,106,cs
2023-04,118,cs
2023-05,151,cs
2023-06,115,cs
2023-07,93,cs
2023-08,103,cs
2023-09,118,cs
2023-10,108,cs
2023-11,129,cs
2023-12,114,cs
2024-01,121,cs
2024-02,111,cs
2024-03,122,cs
2009-01,3,cs
2009-02,5,cs
2009-03,1,cs
2009-04,1,cs
2009-05,5,cs
2009-06,6,cs
2009-07,3,cs
2009-09,2,cs
2009-10,4,cs
2009-11,16,cs
2009-12,11,cs
2010-01,6,cs
2010-02,2,cs
2010-03,13,cs
2010-04,8,cs
2010-05,10,cs
2010-06,6,cs
2010-07,2,cs
2010-08,1,cs
2010-09,3,cs
2010-10,8,cs
2010-11,4,cs
2010-12,18,cs
2011-01,8,cs
2011-02,12,cs
2011-03,10,cs
2011-04,3,cs
2011-05,13,cs
2011-06,7,cs
2011-07,4,cs
2011-08,5,cs
2011-09,12,cs
2011-10,10,cs
2011-11,3,cs
2011-12,6,cs
2012-01,9,cs
2012-02,12,cs
2012-03,8,cs
2012-04,9,cs
2012-05,12,cs
2012-06,9,cs
2012-07,4,cs
2012-08,5,cs
2012-09,11,cs
2012-10,8,cs
2012-11,9,cs
2012-12,10,cs
2013-01,28,cs
2013-02,15,cs
2013-03,11,cs
2013-04,20,cs
2013-05,23,cs
2013-06,18,cs
2013-07,26,cs
2013-08,9,cs
2013-09,19,cs
2013-10,18,cs
2013-11,5,cs
2013-12,12,cs
2014-01,12,cs
2014-02,10,cs
2014-03,8,cs
2014-04,19,cs
2014-05,8,cs
2014-06,14,cs
2014-07,13,cs
2014-08,11,cs
2014-09,17,cs
2014-10,21,cs
2014-11,15,cs
2014-12,11,cs
2015-01,12,cs
2015-02,15,cs
2015-03,19,cs
2015-04,15,cs
2015-05,14,cs
2015-06,9,cs
2015-07,17,cs
2015-08,8,cs
2015-09,12,cs
2015-10,17,cs
2015-11,18,cs
2015-12,23,cs
2016-01,14,cs
2016-02,18,cs
2016-03,14,cs
2016-04,16,cs
2016-05,14,cs
2016-06,18,cs
2016-07,15,cs
2016-08,9,cs
2016-09,18,cs
2016-10,10,cs
2016-11,15,cs
2016-12,17,cs
2017-01,6,cs
2017-02,18,cs
2017-03,17,cs
2017-04,4,cs
2017-05,20,cs
2017-06,20,cs
2017-07,27,cs
2017-08,22,cs
2017-09,17,cs
2017-10,24,cs
2017-11,13,cs
2017-12,13,cs
2018-01,23,cs
2018-02,29,cs
2018-03,22,cs
2018-04,30,cs
2018-05,16,cs
2018-06,29,cs
2018-07,24,cs
2018-08,19,cs
2018-09,13,cs
2018-10,66,cs
2018-11,36,cs
2018-12,27,cs
2019-01,14,cs
2019-02,12,cs
2019-03,13,cs
2019-04,13,cs
2019-05,31,cs
2019-06,31,cs
2019-07,14,cs
2019-08,13,cs
2019-09,25,cs
2019-10,22,cs
2019-11,14,cs
2019-12,12,cs
2020-01,17,cs
2020-02,15,cs
2020-03,25,cs
2020-04,32,cs
2020-05,38,cs
2020-06,45,cs
2020-07,15,cs
2020-08,26,cs
2020-09,23,cs
2020-10,13,cs
2020-11,24,cs
2020-12,19,cs
2021-01,24,cs
2021-02,31,cs
2021-03,44,cs
2021-04,39,cs
2021-05,35,cs
2021-06,38,cs
2021-07,35,cs
2021-08,25,cs
2021-09,34,cs
2021-10,25,cs
2021-11,19,cs
2021-12,26,cs
2022-01,20,cs
2022-02,25,cs
2022-03,18,cs
2022-04,30,cs
2022-05,23,cs
2022-06,16,cs
2022-07,15,cs
2022-08,22,cs
2022-09,26,cs
2022-10,41,cs
2022-11,18,cs
2022-12,21,cs
2023-01,22,cs
2023-02,22,cs
2023-03,27,cs
2023-04,29,cs
2023-05,21,cs
2023-06,19,cs
2023-07,23,cs
2023-08,31,cs
2023-09,22,cs
2023-10,19,cs
2023-11,25,cs
2023-12,20,cs
2024-01,27,cs
2024-02,29,cs
2024-03,21,cs
2009-01,8,cs
2009-02,16,cs
2009-03,22,cs
2009-04,16,cs
2009-05,12,cs
2009-06,13,cs
2009-07,17,cs
2009-08,5,cs
2009-09,14,cs
2009-10,10,cs
2009-11,24,cs
2009-12,17,cs
2010-01,9,cs
2010-02,15,cs
2010-03,21,cs
2010-04,19,cs
2010-05,12,cs
2010-06,19,cs
2010-07,16,cs
2010-08,17,cs
2010-09,9,cs
2010-10,12,cs
2010-11,15,cs
2010-12,25,cs
2011-01,17,cs
2011-02,25,cs
2011-03,16,cs
2011-04,27,cs
2011-05,18,cs
2011-06,21,cs
2011-07,21,cs
2011-08,12,cs
2011-09,17,cs
2011-10,15,cs
2011-11,26,cs
2011-12,20,cs
2012-01,24,cs
2012-02,25,cs
2012-03,12,cs
2012-04,21,cs
2012-05,23,cs
2012-06,19,cs
2012-07,24,cs
2012-08,10,cs
2012-09,17,cs
2012-10,20,cs
2012-11,20,cs
2012-12,18,cs
2013-01,13,cs
2013-02,23,cs
2013-03,20,cs
2013-04,27,cs
2013-05,13,cs
2013-06,22,cs
2013-07,17,cs
2013-08,17,cs
2013-09,40,cs
2013-10,21,cs
2013-11,17,cs
2013-12,28,cs
2014-01,27,cs
2014-02,24,cs
2014-03,17,cs
2014-04,22,cs
2014-05,25,cs
2014-06,21,cs
2014-07,25,cs
2014-08,21,cs
2014-09,20,cs
2014-10,21,cs
2014-11,20,cs
2014-12,22,cs
2015-01,18,cs
2015-02,24,cs
2015-03,36,cs
2015-04,24,cs
2015-05,23,cs
2015-06,30,cs
2015-07,32,cs
2015-08,30,cs
2015-09,37,cs
2015-10,29,cs
2015-11,26,cs
2015-12,32,cs
2016-01,23,cs
2016-02,28,cs
2016-03,26,cs
2016-04,24,cs
2016-05,33,cs
2016-06,27,cs
2016-07,24,cs
2016-08,28,cs
2016-09,27,cs
2016-10,22,cs
2016-11,37,cs
2016-12,18,cs
2017-01,33,cs
2017-02,25,cs
2017-03,27,cs
2017-04,23,cs
2017-05,38,cs
2017-06,31,cs
2017-07,31,cs
2017-08,26,cs
2017-09,20,cs
2017-10,24,cs
2017-11,27,cs
2017-12,24,cs
2018-01,26,cs
2018-02,21,cs
2018-03,35,cs
2018-04,28,cs
2018-05,35,cs
2018-06,18,cs
2018-07,39,cs
2018-08,28,cs
2018-09,25,cs
2018-10,23,cs
2018-11,26,cs
2018-12,28,cs
2019-01,14,cs
2019-02,23,cs
2019-03,18,cs
2019-04,31,cs
2019-05,35,cs
2019-06,30,cs
2019-07,37,cs
2019-08,19,cs
2019-09,28,cs
2019-10,32,cs
2019-11,49,cs
2019-12,20,cs
2020-01,20,cs
2020-02,28,cs
2020-03,22,cs
2020-04,29,cs
2020-05,20,cs
2020-06,26,cs
2020-07,29,cs
2020-08,22,cs
2020-09,16,cs
2020-10,20,cs
2020-11,21,cs
2020-12,15,cs
2021-01,21,cs
2021-02,21,cs
2021-03,21,cs
2021-04,19,cs
2021-05,23,cs
2021-06,22,cs
2021-07,24,cs
2021-08,18,cs
2021-09,17,cs
2021-10,13,cs
2021-11,24,cs
2021-12,18,cs
2022-01,22,cs
2022-02,20,cs
2022-03,29,cs
2022-04,22,cs
2022-05,26,cs
2022-06,26,cs
2022-07,17,cs
2022-08,30,cs
2022-09,9,cs
2022-10,12,cs
2022-11,19,cs
2022-12,10,cs
2023-01,21,cs
2023-02,19,cs
2023-03,23,cs
2023-04,17,cs
2023-05,21,cs
2023-06,24,cs
2023-07,25,cs
2023-08,25,cs
2023-09,22,cs
2023-10,16,cs
2023-11,22,cs
2023-12,22,cs
2024-01,19,cs
2024-02,33,cs
2024-03,16,cs
2009-01,17,cs
2009-02,26,cs
2009-03,23,cs
2009-04,29,cs
2009-05,20,cs
2009-06,33,cs
2009-07,26,cs
2009-08,18,cs
2009-09,33,cs
2009-10,29,cs
2009-11,26,cs
2009-12,32,cs
2010-01,27,cs
2010-02,20,cs
2010-03,23,cs
2010-04,48,cs
2010-05,24,cs
2010-06,37,cs
2010-07,44,cs
2010-08,30,cs
2010-09,33,cs
2010-10,37,cs
2010-11,45,cs
2010-12,43,cs
2011-01,33,cs
2011-02,41,cs
2011-03,36,cs
2011-04,61,cs
2011-05,30,cs
2011-06,29,cs
2011-07,47,cs
2011-08,34,cs
2011-09,38,cs
2011-10,46,cs
2011-11,51,cs
2011-12,36,cs
2012-01,32,cs
2012-02,46,cs
2012-03,38,cs
2012-04,69,cs
2012-05,46,cs
2012-06,37,cs
2012-07,70,cs
2012-08,36,cs
2012-09,49,cs
2012-10,49,cs
2012-11,47,cs
2012-12,34,cs
2013-01,52,cs
2013-02,47,cs
2013-03,53,cs
2013-04,99,cs
2013-05,55,cs
2013-06,55,cs
2013-07,82,cs
2013-08,42,cs
2013-09,57,cs
2013-10,36,cs
2013-11,59,cs
2013-12,56,cs
2014-01,70,cs
2014-02,62,cs
2014-03,41,cs
2014-04,103,cs
2014-05,40,cs
2014-06,46,cs
2014-07,95,cs
2014-08,54,cs
2014-09,61,cs
2014-10,65,cs
2014-11,72,cs
2014-12,65,cs
2015-01,47,cs
2015-02,74,cs
2015-03,77,cs
2015-04,100,cs
2015-05,62,cs
2015-06,69,cs
2015-07,104,cs
2015-08,55,cs
2015-09,64,cs
2015-10,53,cs
2015-11,91,cs
2015-12,71,cs
2016-01,48,cs
2016-02,88,cs
2016-03,62,cs
2016-04,85,cs
2016-05,87,cs
2016-06,85,cs
2016-07,77,cs
2016-08,75,cs
2016-09,73,cs
2016-10,96,cs
2016-11,115,cs
2016-12,75,cs
2017-01,51,cs
2017-02,85,cs
2017-03,85,cs
2017-04,110,cs
2017-05,93,cs
2017-06,82,cs
2017-07,103,cs
2017-08,105,cs
2017-09,73,cs
2017-10,79,cs
2017-11,116,cs
2017-12,63,cs
2018-01,53,cs
2018-02,115,cs
2018-03,65,cs
2018-04,131,cs
2018-05,111,cs
2018-06,89,cs
2018-07,142,cs
2018-08,79,cs
2018-09,64,cs
2018-10,116,cs
2018-11,142,cs
2018-12,82,cs
2019-01,80,cs
2019-02,107,cs
2019-03,74,cs
2019-04,119,cs
2019-05,133,cs
2019-06,73,cs
2019-07,157,cs
2019-08,111,cs
2019-09,90,cs
2019-10,118,cs
2019-11,135,cs
2019-12,90,cs
2020-01,90,cs
2020-02,149,cs
2020-03,91,cs
2020-04,161,cs
2020-05,108,cs
2020-06,120,cs
2020-07,157,cs
2020-08,100,cs
2020-09,109,cs
2020-10,108,cs
2020-11,150,cs
2020-12,89,cs
2021-01,69,cs
2021-02,109,cs
2021-03,64,cs
2021-04,69,cs
2021-05,119,cs
2021-06,127,cs
2021-07,129,cs
2021-08,82,cs
2021-09,72,cs
2021-10,103,cs
2021-11,144,cs
2021-12,97,cs
2022-01,84,cs
2022-02,93,cs
2022-03,87,cs
2022-04,113,cs
2022-05,93,cs
2022-06,85,cs
2022-07,119,cs
2022-08,113,cs
2022-09,97,cs
2022-10,95,cs
2022-11,176,cs
2022-12,77,cs
2023-01,76,cs
2023-02,117,cs
2023-03,80,cs
2023-04,113,cs
2023-05,132,cs
2023-06,105,cs
2023-07,173,cs
2023-08,136,cs
2023-09,91,cs
2023-10,118,cs
2023-11,139,cs
2023-12,78,cs
2024-01,71,cs
2024-02,131,cs
2024-03,108,cs
2011-02,1,cs
2011-04,2,cs
2011-05,2,cs
2011-06,2,cs
2011-07,2,cs
2011-08,1,cs
2011-09,4,cs
2011-10,6,cs
2011-11,2,cs
2011-12,3,cs
2012-01,4,cs
2012-02,4,cs
2012-03,3,cs
2012-04,3,cs
2012-05,4,cs
2012-06,1,cs
2012-07,2,cs
2012-08,1,cs
2012-09,1,cs
2012-10,3,cs
2012-11,2,cs
2012-12,6,cs
2013-01,2,cs
2013-02,6,cs
2013-03,4,cs
2013-04,9,cs
2013-05,2,cs
2013-06,7,cs
2013-07,3,cs
2013-08,5,cs
2013-09,4,cs
2013-10,5,cs
2013-11,4,cs
2013-12,8,cs
2014-01,4,cs
2014-02,9,cs
2014-03,10,cs
2014-04,7,cs
2014-05,7,cs
2014-06,7,cs
2014-07,7,cs
2014-08,10,cs
2014-09,1,cs
2014-10,12,cs
2014-11,11,cs
2014-12,13,cs
2015-01,2,cs
2015-02,5,cs
2015-03,15,cs
2015-04,7,cs
2015-05,4,cs
2015-06,7,cs
2015-07,12,cs
2015-08,9,cs
2015-09,8,cs
2015-10,10,cs
2015-11,21,cs
2015-12,15,cs
2016-01,8,cs
2016-02,10,cs
2016-03,4,cs
2016-04,16,cs
2016-05,8,cs
2016-06,24,cs
2016-07,6,cs
2016-08,7,cs
2016-09,15,cs
2016-10,11,cs
2016-11,13,cs
2016-12,19,cs
2017-01,12,cs
2017-02,13,cs
2017-03,18,cs
2017-04,9,cs
2017-05,11,cs
2017-06,6,cs
2017-07,8,cs
2017-08,12,cs
2017-09,29,cs
2017-10,9,cs
2017-11,10,cs
2017-12,14,cs
2018-01,18,cs
2018-02,11,cs
2018-03,17,cs
2018-04,12,cs
2018-05,12,cs
2018-06,9,cs
2018-07,21,cs
2018-08,22,cs
2018-09,23,cs
2018-10,19,cs
2018-11,13,cs
2018-12,15,cs
2019-01,24,cs
2019-02,11,cs
2019-03,23,cs
2019-04,17,cs
2019-05,15,cs
2019-06,19,cs
2019-07,18,cs
2019-08,21,cs
2019-09,16,cs
2019-10,13,cs
2019-11,20,cs
2019-12,19,cs
2020-01,10,cs
2020-02,18,cs
2020-03,18,cs
2020-04,20,cs
2020-05,15,cs
2020-06,15,cs
2020-07,15,cs
2020-08,11,cs
2020-09,19,cs
2020-10,12,cs
2020-11,16,cs
2020-12,13,cs
2021-01,14,cs
2021-02,12,cs
2021-03,23,cs
2021-04,12,cs
2021-05,22,cs
2021-06,21,cs
2021-07,19,cs
2021-08,14,cs
2021-09,17,cs
2021-10,18,cs
2021-11,21,cs
2021-12,26,cs
2022-01,9,cs
2022-02,16,cs
2022-03,21,cs
2022-04,31,cs
2022-05,24,cs
2022-06,19,cs
2022-07,14,cs
2022-08,17,cs
2022-09,11,cs
2022-10,9,cs
2022-11,25,cs
2022-12,15,cs
2023-01,21,cs
2023-02,19,cs
2023-03,13,cs
2023-04,15,cs
2023-05,27,cs
2023-06,18,cs
2023-07,22,cs
2023-08,19,cs
2023-09,27,cs
2023-10,16,cs
2023-11,15,cs
2023-12,20,cs
2024-01,31,cs
2024-02,17,cs
2024-03,34,cs
2009-02,5,cs
2009-03,4,cs
2009-04,4,cs
2009-05,5,cs
2009-06,6,cs
2009-07,31,cs
2009-08,5,cs
2009-09,2,cs
2009-10,7,cs
2009-11,8,cs
2009-12,2,cs
2010-01,7,cs
2010-02,7,cs
2010-03,3,cs
2010-04,12,cs
2010-05,6,cs
2010-06,14,cs
2010-07,7,cs
2010-08,22,cs
2010-09,8,cs
2010-10,8,cs
2010-11,14,cs
2010-12,10,cs
2011-01,12,cs
2011-02,18,cs
2011-03,8,cs
2011-04,12,cs
2011-05,8,cs
2011-06,7,cs
2011-07,4,cs
2011-08,27,cs
2011-09,6,cs
2011-10,9,cs
2011-11,9,cs
2011-12,10,cs
2012-01,6,cs
2012-02,8,cs
2012-03,12,cs
2012-04,11,cs
2012-05,11,cs
2012-06,6,cs
2012-07,16,cs
2012-08,33,cs
2012-09,7,cs
2012-10,14,cs
2012-11,3,cs
2012-12,8,cs
2013-01,15,cs
2013-02,16,cs
2013-03,9,cs
2013-04,18,cs
2013-05,8,cs
2013-06,10,cs
2013-07,8,cs
2013-08,9,cs
2013-09,13,cs
2013-10,17,cs
2013-11,19,cs
2013-12,7,cs
2014-01,17,cs
2014-02,16,cs
2014-03,17,cs
2014-04,26,cs
2014-05,32,cs
2014-06,16,cs
2014-07,9,cs
2014-08,16,cs
2014-09,12,cs
2014-10,18,cs
2014-11,10,cs
2014-12,18,cs
2015-01,20,cs
2015-02,12,cs
2015-03,17,cs
2015-04,17,cs
2015-05,5,cs
2015-06,23,cs
2015-07,12,cs
2015-08,9,cs
2015-09,15,cs
2015-10,21,cs
2015-11,14,cs
2015-12,12,cs
2016-01,5,cs
2016-02,20,cs
2016-03,18,cs
2016-04,16,cs
2016-05,19,cs
2016-06,14,cs
2016-07,11,cs
2016-08,11,cs
2016-09,15,cs
2016-10,19,cs
2016-11,11,cs
2016-12,12,cs
2017-01,20,cs
2017-02,27,cs
2017-03,12,cs
2017-04,13,cs
2017-05,20,cs
2017-06,11,cs
2017-07,18,cs
2017-08,20,cs
2017-09,12,cs
2017-10,18,cs
2017-11,16,cs
2017-12,8,cs
2018-01,14,cs
2018-02,14,cs
2018-03,8,cs
2018-04,20,cs
2018-05,20,cs
2018-06,12,cs
2018-07,21,cs
2018-08,9,cs
2018-09,12,cs
2018-10,17,cs
2018-11,14,cs
2018-12,14,cs
2019-01,13,cs
2019-02,24,cs
2019-03,24,cs
2019-04,26,cs
2019-05,19,cs
2019-06,19,cs
2019-07,21,cs
2019-08,11,cs
2019-09,25,cs
2019-10,19,cs
2019-11,20,cs
2019-12,12,cs
2020-01,16,cs
2020-02,25,cs
2020-03,8,cs
2020-04,15,cs
2020-05,27,cs
2020-06,13,cs
2020-07,23,cs
2020-08,18,cs
2020-09,13,cs
2020-10,15,cs
2020-11,27,cs
2020-12,19,cs
2021-01,19,cs
2021-02,25,cs
2021-03,23,cs
2021-04,18,cs
2021-05,37,cs
2021-06,22,cs
2021-07,15,cs
2021-08,18,cs
2021-09,16,cs
2021-10,15,cs
2021-11,22,cs
2021-12,11,cs
2022-01,13,cs
2022-02,13,cs
2022-03,18,cs
2022-04,9,cs
2022-05,21,cs
2022-06,22,cs
2022-07,20,cs
2022-08,23,cs
2022-09,30,cs
2022-10,15,cs
2022-11,14,cs
2022-12,20,cs
2023-01,19,cs
2023-02,23,cs
2023-03,10,cs
2023-04,19,cs
2023-05,24,cs
2023-06,21,cs
2023-07,32,cs
2023-08,16,cs
2023-09,40,cs
2023-10,25,cs
2023-11,19,cs
2023-12,7,cs
2024-01,22,cs
2024-02,17,cs
2024-03,9,cs
2009-04,2,cs
2009-08,1,cs
2009-10,1,cs
2010-02,1,cs
2012-05,1,cs
2012-06,1,cs
2012-07,3,cs
2012-10,2,cs
2012-11,1,cs
2013-03,1,cs
2013-04,1,cs
2013-06,2,cs
2013-07,1,cs
2013-12,2,cs
2014-02,1,cs
2015-06,1,cs
2016-02,2,cs
2016-03,1,cs
2016-05,2,cs
2017-03,2,cs
2017-06,1,cs
2017-08,1,cs
2018-06,3,cs
2018-07,4,cs
2018-10,1,cs
2018-11,1,cs
2019-01,1,cs
2019-03,2,cs
2019-04,1,cs
2019-05,1,cs
2019-07,3,cs
2019-08,2,cs
2019-09,1,cs
2020-03,1,cs
2020-05,1,cs
2020-06,1,cs
2020-08,2,cs
2020-10,1,cs
2020-12,1,cs
2021-04,2,cs
2021-05,2,cs
2021-09,1,cs
2022-01,1,cs
2022-05,1,cs
2022-06,2,cs
2022-07,1,cs
2022-08,1,cs
2022-09,1,cs
2023-03,1,cs
2023-04,1,cs
2023-07,1,cs
2023-09,2,cs
2023-11,1,cs
2024-02,2,cs
2024-03,1,cs
2009-06,3,cs
2009-07,1,cs
2009-10,1,cs
2009-11,2,cs
2009-12,3,cs
2010-01,3,cs
2010-02,1,cs
2010-03,3,cs
2010-04,3,cs
2010-05,6,cs
2010-06,1,cs
2010-07,1,cs
2010-08,3,cs
2010-09,2,cs
2010-10,1,cs
2010-11,1,cs
2011-01,7,cs
2011-02,4,cs
2011-03,1,cs
2011-05,1,cs
2011-06,1,cs
2011-07,3,cs
2011-09,3,cs
2011-11,1,cs
2011-12,2,cs
2012-01,2,cs
2012-02,2,cs
2012-04,3,cs
2012-05,1,cs
2012-06,5,cs
2012-07,3,cs
2012-08,2,cs
2012-09,2,cs
2012-10,1,cs
2012-11,5,cs
2012-12,4,cs
2013-01,5,cs
2013-02,2,cs
2013-03,2,cs
2013-04,10,cs
2013-05,5,cs
2013-06,1,cs
2013-07,3,cs
2013-08,8,cs
2013-09,4,cs
2013-10,5,cs
2013-11,7,cs
2013-12,4,cs
2014-01,2,cs
2014-02,2,cs
2014-03,3,cs
2014-04,4,cs
2014-05,3,cs
2014-06,4,cs
2014-07,6,cs
2014-08,4,cs
2014-09,5,cs
2014-10,4,cs
2014-11,3,cs
2014-12,4,cs
2015-01,3,cs
2015-02,7,cs
2015-03,4,cs
2015-04,6,cs
2015-05,8,cs
2015-06,17,cs
2015-07,7,cs
2015-08,5,cs
2015-09,7,cs
2015-10,4,cs
2015-11,5,cs
2015-12,2,cs
2016-01,8,cs
2016-02,9,cs
2016-03,9,cs
2016-04,8,cs
2016-05,8,cs
2016-06,2,cs
2016-07,3,cs
2016-08,15,cs
2016-09,9,cs
2016-10,10,cs
2016-11,7,cs
2016-12,6,cs
2017-01,7,cs
2017-02,8,cs
2017-03,8,cs
2017-04,9,cs
2017-05,16,cs
2017-06,13,cs
2017-07,18,cs
2017-08,12,cs
2017-09,13,cs
2017-10,12,cs
2017-11,14,cs
2017-12,7,cs
2018-01,10,cs
2018-02,10,cs
2018-03,9,cs
2018-04,17,cs
2018-05,20,cs
2018-06,22,cs
2018-07,17,cs
2018-08,15,cs
2018-09,16,cs
2018-10,18,cs
2018-11,26,cs
2018-12,18,cs
2019-01,17,cs
2019-02,14,cs
2019-03,10,cs
2019-04,27,cs
2019-05,14,cs
2019-06,32,cs
2019-07,28,cs
2019-08,25,cs
2019-09,18,cs
2019-10,23,cs
2019-11,16,cs
2019-12,29,cs
2020-01,10,cs
2020-02,22,cs
2020-03,18,cs
2020-04,20,cs
2020-05,29,cs
2020-06,19,cs
2020-07,29,cs
2020-08,26,cs
2020-09,46,cs
2020-10,21,cs
2020-11,21,cs
2020-12,13,cs
2021-01,14,cs
2021-02,17,cs
2021-03,28,cs
2021-04,24,cs
2021-05,19,cs
2021-06,21,cs
2021-07,22,cs
2021-08,21,cs
2021-09,27,cs
2021-10,17,cs
2021-11,23,cs
2021-12,19,cs
2022-01,26,cs
2022-02,27,cs
2022-03,22,cs
2022-04,23,cs
2022-05,34,cs
2022-06,29,cs
2022-07,17,cs
2022-08,38,cs
2022-09,23,cs
2022-10,26,cs
2022-11,27,cs
2022-12,18,cs
2023-01,29,cs
2023-02,26,cs
2023-03,28,cs
2023-04,23,cs
2023-05,50,cs
2023-06,41,cs
2023-07,24,cs
2023-08,35,cs
2023-09,36,cs
2023-10,42,cs
2023-11,25,cs
2023-12,30,cs
2024-01,33,cs
2024-02,31,cs
2024-03,30,cs
2009-01,6,cs
2009-02,7,cs
2009-03,8,cs
2009-04,11,cs
2009-05,11,cs
2009-06,8,cs
2009-07,18,cs
2009-08,9,cs
2009-09,14,cs
2009-10,10,cs
2009-11,6,cs
2009-12,5,cs
2010-01,13,cs
2010-02,14,cs
2010-03,18,cs
2010-04,17,cs
2010-05,12,cs
2010-06,21,cs
2010-07,12,cs
2010-08,19,cs
2010-09,12,cs
2010-10,18,cs
2010-11,21,cs
2010-12,11,cs
2011-01,11,cs
2011-02,22,cs
2011-03,21,cs
2011-04,19,cs
2011-05,9,cs
2011-06,20,cs
2011-07,31,cs
2011-08,14,cs
2011-09,14,cs
2011-10,19,cs
2011-11,17,cs
2011-12,16,cs
2012-01,17,cs
2012-02,43,cs
2012-03,22,cs
2012-04,18,cs
2012-05,18,cs
2012-06,26,cs
2012-07,34,cs
2012-08,29,cs
2012-09,17,cs
2012-10,35,cs
2012-11,24,cs
2012-12,21,cs
2013-01,26,cs
2013-02,23,cs
2013-03,24,cs
2013-04,31,cs
2013-05,30,cs
2013-06,24,cs
2013-07,31,cs
2013-08,21,cs
2013-09,19,cs
2013-10,37,cs
2013-11,25,cs
2013-12,17,cs
2014-01,52,cs
2014-02,32,cs
2014-03,28,cs
2014-04,45,cs
2014-05,34,cs
2014-06,21,cs
2014-07,37,cs
2014-08,30,cs
2014-09,32,cs
2014-10,15,cs
2014-11,20,cs
2014-12,30,cs
2015-01,19,cs
2015-02,29,cs
2015-03,40,cs
2015-04,29,cs
2015-05,27,cs
2015-06,31,cs
2015-07,41,cs
2015-08,19,cs
2015-09,33,cs
2015-10,24,cs
2015-11,39,cs
2015-12,25,cs
2016-01,17,cs
2016-02,41,cs
2016-03,39,cs
2016-04,48,cs
2016-05,37,cs
2016-06,30,cs
2016-07,35,cs
2016-08,37,cs
2016-09,39,cs
2016-10,40,cs
2016-11,40,cs
2016-12,25,cs
2017-01,37,cs
2017-02,36,cs
2017-03,52,cs
2017-04,35,cs
2017-05,42,cs
2017-06,25,cs
2017-07,42,cs
2017-08,28,cs
2017-09,32,cs
2017-10,28,cs
2017-11,52,cs
2017-12,37,cs
2018-01,17,cs
2018-02,36,cs
2018-03,37,cs
2018-04,48,cs
2018-05,42,cs
2018-06,36,cs
2018-07,40,cs
2018-08,39,cs
2018-09,45,cs
2018-10,39,cs
2018-11,46,cs
2018-12,25,cs
2019-01,26,cs
2019-02,47,cs
2019-03,38,cs
2019-04,37,cs
2019-05,70,cs
2019-06,48,cs
2019-07,61,cs
2019-08,19,cs
2019-09,46,cs
2019-10,38,cs
2019-11,62,cs
2019-12,31,cs
2020-01,44,cs
2020-02,74,cs
2020-03,42,cs
2020-04,35,cs
2020-05,47,cs
2020-06,61,cs
2020-07,87,cs
2020-08,24,cs
2020-09,50,cs
2020-10,39,cs
2020-11,44,cs
2020-12,58,cs
2021-01,38,cs
2021-02,69,cs
2021-03,57,cs
2021-04,42,cs
2021-05,60,cs
2021-06,87,cs
2021-07,86,cs
2021-08,27,cs
2021-09,57,cs
2021-10,55,cs
2021-11,59,cs
2021-12,49,cs
2022-01,55,cs
2022-02,77,cs
2022-03,63,cs
2022-04,62,cs
2022-05,75,cs
2022-06,45,cs
2022-07,64,cs
2022-08,53,cs
2022-09,61,cs
2022-10,62,cs
2022-11,57,cs
2022-12,31,cs
2023-01,71,cs
2023-02,89,cs
2023-03,54,cs
2023-04,51,cs
2023-05,109,cs
2023-06,60,cs
2023-07,79,cs
2023-08,49,cs
2023-09,50,cs
2023-10,90,cs
2023-11,56,cs
2023-12,89,cs
2024-01,60,cs
2024-02,138,cs
2024-03,92,cs
2009-01,2,cs
2009-02,1,cs
2009-03,2,cs
2009-04,2,cs
2009-05,5,cs
2009-06,3,cs
2009-07,3,cs
2009-08,14,cs
2009-09,6,cs
2009-10,1,cs
2009-11,7,cs
2009-12,7,cs
2010-01,7,cs
2010-02,4,cs
2010-03,4,cs
2010-04,8,cs
2010-05,5,cs
2010-06,2,cs
2010-07,3,cs
2010-08,4,cs
2010-09,5,cs
2010-10,3,cs
2010-11,9,cs
2010-12,5,cs
2011-01,5,cs
2011-02,3,cs
2011-03,4,cs
2011-04,3,cs
2011-05,5,cs
2011-06,6,cs
2011-07,2,cs
2011-09,5,cs
2011-10,7,cs
2011-11,3,cs
2011-12,5,cs
2012-01,5,cs
2012-02,7,cs
2012-03,7,cs
2012-04,4,cs
2012-05,6,cs
2012-06,4,cs
2012-07,8,cs
2012-08,6,cs
2012-09,8,cs
2012-10,4,cs
2012-11,13,cs
2012-12,5,cs
2013-01,4,cs
2013-02,11,cs
2013-03,2,cs
2013-04,7,cs
2013-05,6,cs
2013-06,8,cs
2013-07,16,cs
2013-08,8,cs
2013-09,5,cs
2013-10,15,cs
2013-11,14,cs
2013-12,6,cs
2014-01,14,cs
2014-02,16,cs
2014-03,8,cs
2014-04,26,cs
2014-05,9,cs
2014-06,12,cs
2014-07,23,cs
2014-08,8,cs
2014-09,14,cs
2014-10,5,cs
2014-11,8,cs
2014-12,15,cs
2015-01,12,cs
2015-02,12,cs
2015-03,20,cs
2015-04,17,cs
2015-05,16,cs
2015-06,11,cs
2015-07,17,cs
2015-08,9,cs
2015-09,17,cs
2015-10,20,cs
2015-11,12,cs
2015-12,14,cs
2016-01,27,cs
2016-02,25,cs
2016-03,25,cs
2016-04,25,cs
2016-05,27,cs
2016-06,24,cs
2016-07,30,cs
2016-08,19,cs
2016-09,40,cs
2016-10,23,cs
2016-11,21,cs
2016-12,19,cs
2017-01,25,cs
2017-02,18,cs
2017-03,29,cs
2017-04,14,cs
2017-05,23,cs
2017-06,36,cs
2017-07,36,cs
2017-08,48,cs
2017-09,44,cs
2017-10,38,cs
2017-11,35,cs
2017-12,28,cs
2018-01,36,cs
2018-02,39,cs
2018-03,51,cs
2018-04,44,cs
2018-05,44,cs
2018-06,40,cs
2018-07,34,cs
2018-08,39,cs
2018-09,61,cs
2018-10,46,cs
2018-11,54,cs
2018-12,50,cs
2019-01,38,cs
2019-02,52,cs
2019-03,65,cs
2019-04,73,cs
2019-05,70,cs
2019-06,69,cs
2019-07,107,cs
2019-08,95,cs
2019-09,77,cs
2019-10,72,cs
2019-11,62,cs
2019-12,53,cs
2020-01,95,cs
2020-02,100,cs
2020-03,72,cs
2020-04,81,cs
2020-05,98,cs
2020-06,89,cs
2020-07,89,cs
2020-08,111,cs
2020-09,134,cs
2020-10,110,cs
2020-11,68,cs
2020-12,83,cs
2021-01,145,cs
2021-02,107,cs
2021-03,104,cs
2021-04,99,cs
2021-05,94,cs
2021-06,94,cs
2021-07,111,cs
2021-08,114,cs
2021-09,116,cs
2021-10,105,cs
2021-11,86,cs
2021-12,95,cs
2022-01,118,cs
2022-02,124,cs
2022-03,106,cs
2022-04,143,cs
2022-05,121,cs
2022-06,91,cs
2022-07,117,cs
2022-08,154,cs
2022-09,149,cs
2022-10,131,cs
2022-11,99,cs
2022-12,108,cs
2023-01,121,cs
2023-02,176,cs
2023-03,225,cs
2023-04,173,cs
2023-05,173,cs
2023-06,166,cs
2023-07,166,cs
2023-08,253,cs
2023-09,206,cs
2023-10,212,cs
2023-11,171,cs
2023-12,160,cs
2024-01,246,cs
2024-02,260,cs
2024-03,293,cs
2009-01,1,cs
2009-02,1,cs
2009-03,5,cs
2009-04,3,cs
2009-05,6,cs
2009-06,13,cs
2009-07,9,cs
2009-08,11,cs
2009-09,7,cs
2009-10,4,cs
2009-11,15,cs
2009-12,11,cs
2010-01,10,cs
2010-02,9,cs
2010-03,8,cs
2010-04,15,cs
2010-05,6,cs
2010-06,13,cs
2010-07,6,cs
2010-08,11,cs
2010-09,7,cs
2010-10,5,cs
2010-11,5,cs
2010-12,11,cs
2011-01,9,cs
2011-02,14,cs
2011-03,9,cs
2011-04,10,cs
2011-05,10,cs
2011-06,7,cs
2011-07,5,cs
2011-08,10,cs
2011-09,16,cs
2011-10,8,cs
2011-11,7,cs
2011-12,9,cs
2012-01,11,cs
2012-02,20,cs
2012-03,13,cs
2012-04,17,cs
2012-05,24,cs
2012-06,34,cs
2012-07,17,cs
2012-08,20,cs
2012-09,17,cs
2012-10,9,cs
2012-11,13,cs
2012-12,25,cs
2013-01,19,cs
2013-02,19,cs
2013-03,25,cs
2013-04,16,cs
2013-05,24,cs
2013-06,13,cs
2013-07,21,cs
2013-08,11,cs
2013-09,14,cs
2013-10,14,cs
2013-11,19,cs
2013-12,18,cs
2014-01,27,cs
2014-02,19,cs
2014-03,15,cs
2014-04,12,cs
2014-05,31,cs
2014-06,28,cs
2014-07,21,cs
2014-08,11,cs
2014-09,22,cs
2014-10,12,cs
2014-11,11,cs
2014-12,15,cs
2015-01,22,cs
2015-02,28,cs
2015-03,29,cs
2015-04,21,cs
2015-05,24,cs
2015-06,13,cs
2015-07,20,cs
2015-08,14,cs
2015-09,14,cs
2015-10,12,cs
2015-11,29,cs
2015-12,17,cs
2016-01,20,cs
2016-02,23,cs
2016-03,14,cs
2016-04,28,cs
2016-05,16,cs
2016-06,39,cs
2016-07,22,cs
2016-08,28,cs
2016-09,26,cs
2016-10,24,cs
2016-11,26,cs
2016-12,21,cs
2017-01,32,cs
2017-02,29,cs
2017-03,34,cs
2017-04,26,cs
2017-05,33,cs
2017-06,52,cs
2017-07,56,cs
2017-08,47,cs
2017-09,40,cs
2017-10,34,cs
2017-11,47,cs
2017-12,43,cs
2018-01,35,cs
2018-02,34,cs
2018-03,41,cs
2018-04,41,cs
2018-05,70,cs
2018-06,51,cs
2018-07,74,cs
2018-08,68,cs
2018-09,86,cs
2018-10,70,cs
2018-11,69,cs
2018-12,62,cs
2019-01,62,cs
2019-02,49,cs
2019-03,47,cs
2019-04,102,cs
2019-05,86,cs
2019-06,63,cs
2019-07,105,cs
2019-08,86,cs
2019-09,74,cs
2019-10,58,cs
2019-11,55,cs
2019-12,53,cs
2020-01,78,cs
2020-02,50,cs
2020-03,56,cs
2020-04,88,cs
2020-05,130,cs
2020-06,86,cs
2020-07,102,cs
2020-08,91,cs
2020-09,72,cs
2020-10,90,cs
2020-11,64,cs
2020-12,93,cs
2021-01,82,cs
2021-02,99,cs
2021-03,81,cs
2021-04,87,cs
2021-05,127,cs
2021-06,124,cs
2021-07,74,cs
2021-08,121,cs
2021-09,112,cs
2021-10,104,cs
2021-11,81,cs
2021-12,101,cs
2022-01,109,cs
2022-02,84,cs
2022-03,86,cs
2022-04,154,cs
2022-05,124,cs
2022-06,111,cs
2022-07,96,cs
2022-08,132,cs
2022-09,103,cs
2022-10,119,cs
2022-11,97,cs
2022-12,72,cs
2023-01,83,cs
2023-02,103,cs
2023-03,101,cs
2023-04,154,cs
2023-05,204,cs
2023-06,157,cs
2023-07,131,cs
2023-08,199,cs
2023-09,121,cs
2023-10,141,cs
2023-11,146,cs
2023-12,128,cs
2024-01,168,cs
2024-02,183,cs
2024-03,186,cs
2009-01,139,cs
2009-02,59,cs
2009-03,87,cs
2009-04,72,cs
2009-05,76,cs
2009-06,78,cs
2009-07,58,cs
2009-08,93,cs
2009-09,70,cs
2009-10,84,cs
2009-11,74,cs
2009-12,48,cs
2010-01,178,cs
2010-02,83,cs
2010-03,72,cs
2010-04,137,cs
2010-05,91,cs
2010-06,115,cs
2010-07,74,cs
2010-08,85,cs
2010-09,102,cs
2010-10,124,cs
2010-11,81,cs
2010-12,74,cs
2011-01,106,cs
2011-02,196,cs
2011-03,123,cs
2011-04,102,cs
2011-05,126,cs
2011-06,92,cs
2011-07,93,cs
2011-08,97,cs
2011-09,110,cs
2011-10,90,cs
2011-11,104,cs
2011-12,92,cs
2012-01,116,cs
2012-02,194,cs
2012-03,118,cs
2012-04,131,cs
2012-05,139,cs
2012-06,101,cs
2012-07,166,cs
2012-08,93,cs
2012-09,121,cs
2012-10,157,cs
2012-11,134,cs
2012-12,113,cs
2013-01,223,cs
2013-02,182,cs
2013-03,183,cs
2013-04,176,cs
2013-05,160,cs
2013-06,132,cs
2013-07,167,cs
2013-08,118,cs
2013-09,129,cs
2013-10,166,cs
2013-11,147,cs
2013-12,145,cs
2014-01,263,cs
2014-02,130,cs
2014-03,160,cs
2014-04,216,cs
2014-05,168,cs
2014-06,129,cs
2014-07,149,cs
2014-08,137,cs
2014-09,142,cs
2014-10,185,cs
2014-11,155,cs
2014-12,150,cs
2015-01,233,cs
2015-02,177,cs
2015-03,202,cs
2015-04,265,cs
2015-05,214,cs
2015-06,187,cs
2015-07,185,cs
2015-08,176,cs
2015-09,214,cs
2015-10,191,cs
2015-11,198,cs
2015-12,157,cs
2016-01,264,cs
2016-02,237,cs
2016-03,178,cs
2016-04,230,cs
2016-05,264,cs
2016-06,191,cs
2016-07,241,cs
2016-08,176,cs
2016-09,203,cs
2016-10,199,cs
2016-11,190,cs
2016-12,195,cs
2017-01,351,cs
2017-02,249,cs
2017-03,238,cs
2017-04,225,cs
2017-05,270,cs
2017-06,206,cs
2017-07,219,cs
2017-08,179,cs
2017-09,215,cs
2017-10,219,cs
2017-11,197,cs
2017-12,198,cs
2018-01,357,cs
2018-02,199,cs
2018-03,193,cs
2018-04,197,cs
2018-05,245,cs
2018-06,205,cs
2018-07,172,cs
2018-08,177,cs
2018-09,169,cs
2018-10,158,cs
2018-11,165,cs
2018-12,161,cs
2019-01,302,cs
2019-02,194,cs
2019-03,201,cs
2019-04,217,cs
2019-05,166,cs
2019-06,117,cs
2019-07,184,cs
2019-08,143,cs
2019-09,149,cs
2019-10,202,cs
2019-11,182,cs
2019-12,175,cs
2020-01,294,cs
2020-02,195,cs
2020-03,162,cs
2020-04,173,cs
2020-05,209,cs
2020-06,169,cs
2020-07,195,cs
2020-08,159,cs
2020-09,179,cs
2020-10,210,cs
2020-11,194,cs
2020-12,200,cs
2021-01,230,cs
2021-02,268,cs
2021-03,240,cs
2021-04,191,cs
2021-05,275,cs
2021-06,201,cs
2021-07,210,cs
2021-08,186,cs
2021-09,188,cs
2021-10,219,cs
2021-11,201,cs
2021-12,206,cs
2022-01,244,cs
2022-02,267,cs
2022-03,185,cs
2022-04,154,cs
2022-05,271,cs
2022-06,212,cs
2022-07,192,cs
2022-08,231,cs
2022-09,183,cs
2022-10,210,cs
2022-11,204,cs
2022-12,171,cs
2023-01,164,cs
2023-02,167,cs
2023-03,210,cs
2023-04,188,cs
2023-05,324,cs
2023-06,167,cs
2023-07,198,cs
2023-08,198,cs
2023-09,193,cs
2023-10,208,cs
2023-11,206,cs
2023-12,206,cs
2024-01,337,cs
2024-02,205,cs
2024-03,228,cs
2009-01,8,cs
2009-02,9,cs
2009-03,14,cs
2009-04,11,cs
2009-05,4,cs
2009-06,16,cs
2009-07,9,cs
2009-08,6,cs
2009-09,14,cs
2009-10,12,cs
2009-11,10,cs
2009-12,13,cs
2010-01,10,cs
2010-02,15,cs
2010-03,20,cs
2010-04,14,cs
2010-05,28,cs
2010-06,16,cs
2010-07,10,cs
2010-08,13,cs
2010-09,20,cs
2010-10,14,cs
2010-11,11,cs
2010-12,15,cs
2011-01,8,cs
2011-02,9,cs
2011-03,16,cs
2011-04,14,cs
2011-05,23,cs
2011-06,33,cs
2011-07,18,cs
2011-08,18,cs
2011-09,31,cs
2011-10,30,cs
2011-11,21,cs
2011-12,21,cs
2012-01,18,cs
2012-02,57,cs
2012-03,61,cs
2012-04,28,cs
2012-05,53,cs
2012-06,257,cs
2012-07,59,cs
2012-08,28,cs
2012-09,44,cs
2012-10,62,cs
2012-11,45,cs
2012-12,64,cs
2013-01,135,cs
2013-02,55,cs
2013-03,47,cs
2013-04,40,cs
2013-05,43,cs
2013-06,55,cs
2013-07,58,cs
2013-08,24,cs
2013-09,62,cs
2013-10,49,cs
2013-11,61,cs
2013-12,79,cs
2014-01,59,cs
2014-02,59,cs
2014-03,48,cs
2014-04,53,cs
2014-05,54,cs
2014-06,65,cs
2014-07,46,cs
2014-08,64,cs
2014-09,67,cs
2014-10,58,cs
2014-11,64,cs
2014-12,90,cs
2015-01,42,cs
2015-02,104,cs
2015-03,90,cs
2015-04,80,cs
2015-05,66,cs
2015-06,116,cs
2015-07,76,cs
2015-08,58,cs
2015-09,91,cs
2015-10,63,cs
2015-11,222,cs
2015-12,89,cs
2016-01,58,cs
2016-02,148,cs
2016-03,128,cs
2016-04,92,cs
2016-05,179,cs
2016-06,127,cs
2016-07,84,cs
2016-08,123,cs
2016-09,111,cs
2016-10,129,cs
2016-11,207,cs
2016-12,132,cs
2017-01,108,cs
2017-02,167,cs
2017-03,242,cs
2017-04,124,cs
2017-05,247,cs
2017-06,226,cs
2017-07,149,cs
2017-08,156,cs
2017-09,180,cs
2017-10,216,cs
2017-11,298,cs
2017-12,199,cs
2018-01,161,cs
2018-02,415,cs
2018-03,302,cs
2018-04,222,cs
2018-05,415,cs
2018-06,397,cs
2018-07,376,cs
2018-08,273,cs
2018-09,404,cs
2018-10,595,cs
2018-11,621,cs
2018-12,523,cs
2019-01,561,cs
2019-02,610,cs
2019-03,494,cs
2019-04,580,cs
2019-05,1080,cs
2019-06,881,cs
2019-07,658,cs
2019-08,478,cs
2019-09,757,cs
2019-10,1025,cs
2019-11,925,cs
2019-12,732,cs
2020-01,573,cs
2020-02,1023,cs
2020-03,711,cs
2020-04,679,cs
2020-05,627,cs
2020-06,1570,cs
2020-07,1044,cs
2020-08,630,cs
2020-09,794,cs
2020-10,1361,cs
2020-11,957,cs
2020-12,1077,cs
2021-01,717,cs
2021-02,1232,cs
2021-03,1058,cs
2021-04,865,cs
2021-05,973,cs
2021-06,1646,cs
2021-07,999,cs
2021-08,798,cs
2021-09,964,cs
2021-10,1513,cs
2021-11,1197,cs
2021-12,1071,cs
2022-01,927,cs
2022-02,1258,cs
2022-03,1083,cs
2022-04,810,cs
2022-05,1377,cs
2022-06,1509,cs
2022-07,993,cs
2022-08,908,cs
2022-09,1045,cs
2022-10,1603,cs
2022-11,1271,cs
2022-12,907,cs
2023-01,1001,cs
2023-02,1558,cs
2023-03,1282,cs
2023-04,945,cs
2023-05,1663,cs
2023-06,1650,cs
2023-07,1172,cs
2023-08,1070,cs
2023-09,1154,cs
2023-10,2082,cs
2023-11,1341,cs
2023-12,1357,cs
2024-01,1157,cs
2024-02,2056,cs
2024-03,1410,cs
2009-01,15,cs
2009-02,18,cs
2009-03,16,cs
2009-04,30,cs
2009-05,19,cs
2009-06,20,cs
2009-07,17,cs
2009-08,7,cs
2009-09,11,cs
2009-10,17,cs
2009-11,32,cs
2009-12,27,cs
2010-01,25,cs
2010-02,25,cs
2010-03,40,cs
2010-04,25,cs
2010-05,31,cs
2010-06,49,cs
2010-07,36,cs
2010-08,20,cs
2010-09,31,cs
2010-10,18,cs
2010-11,46,cs
2010-12,27,cs
2011-01,38,cs
2011-02,38,cs
2011-03,30,cs
2011-04,27,cs
2011-05,21,cs
2011-06,43,cs
2011-07,39,cs
2011-08,44,cs
2011-09,41,cs
2011-10,21,cs
2011-11,29,cs
2011-12,18,cs
2012-01,35,cs
2012-02,35,cs
2012-03,29,cs
2012-04,46,cs
2012-05,28,cs
2012-06,25,cs
2012-07,49,cs
2012-08,35,cs
2012-09,32,cs
2012-10,50,cs
2012-11,34,cs
2012-12,41,cs
2013-01,38,cs
2013-02,32,cs
2013-03,54,cs
2013-04,46,cs
2013-05,32,cs
2013-06,37,cs
2013-07,54,cs
2013-08,31,cs
2013-09,39,cs
2013-10,49,cs
2013-11,34,cs
2013-12,34,cs
2014-01,76,cs
2014-02,45,cs
2014-03,46,cs
2014-04,58,cs
2014-05,71,cs
2014-06,49,cs
2014-07,52,cs
2014-08,48,cs
2014-09,42,cs
2014-10,65,cs
2014-11,36,cs
2014-12,40,cs
2015-01,42,cs
2015-02,54,cs
2015-03,53,cs
2015-04,46,cs
2015-05,54,cs
2015-06,40,cs
2015-07,63,cs
2015-08,41,cs
2015-09,63,cs
2015-10,42,cs
2015-11,43,cs
2015-12,43,cs
2016-01,42,cs
2016-02,53,cs
2016-03,37,cs
2016-04,57,cs
2016-05,34,cs
2016-06,73,cs
2016-07,50,cs
2016-08,45,cs
2016-09,58,cs
2016-10,54,cs
2016-11,49,cs
2016-12,48,cs
2017-01,73,cs
2017-02,53,cs
2017-03,62,cs
2017-04,42,cs
2017-05,64,cs
2017-06,50,cs
2017-07,72,cs
2017-08,39,cs
2017-09,59,cs
2017-10,45,cs
2017-11,55,cs
2017-12,49,cs
2018-01,48,cs
2018-02,82,cs
2018-03,56,cs
2018-04,96,cs
2018-05,57,cs
2018-06,56,cs
2018-07,50,cs
2018-08,50,cs
2018-09,49,cs
2018-10,79,cs
2018-11,55,cs
2018-12,44,cs
2019-01,50,cs
2019-02,69,cs
2019-03,42,cs
2019-04,91,cs
2019-05,72,cs
2019-06,54,cs
2019-07,90,cs
2019-08,51,cs
2019-09,63,cs
2019-10,79,cs
2019-11,46,cs
2019-12,56,cs
2020-01,58,cs
2020-02,59,cs
2020-03,57,cs
2020-04,71,cs
2020-05,74,cs
2020-06,59,cs
2020-07,83,cs
2020-08,68,cs
2020-09,68,cs
2020-10,72,cs
2020-11,28,cs
2020-12,41,cs
2021-01,67,cs
2021-02,61,cs
2021-03,51,cs
2021-04,90,cs
2021-05,78,cs
2021-06,61,cs
2021-07,83,cs
2021-08,66,cs
2021-09,75,cs
2021-10,52,cs
2021-11,49,cs
2021-12,58,cs
2022-01,45,cs
2022-02,54,cs
2022-03,49,cs
2022-04,75,cs
2022-05,94,cs
2022-06,58,cs
2022-07,69,cs
2022-08,51,cs
2022-09,57,cs
2022-10,51,cs
2022-11,46,cs
2022-12,50,cs
2023-01,61,cs
2023-02,63,cs
2023-03,81,cs
2023-04,73,cs
2023-05,105,cs
2023-06,67,cs
2023-07,113,cs
2023-08,65,cs
2023-09,68,cs
2023-10,88,cs
2023-11,64,cs
2023-12,51,cs
2024-01,78,cs
2024-02,75,cs
2024-03,56,cs
2009-02,4,cs
2009-03,2,cs
2009-04,2,cs
2009-05,1,cs
2009-06,2,cs
2009-07,1,cs
2009-08,2,cs
2009-09,3,cs
2009-10,4,cs
2009-11,7,cs
2009-12,5,cs
2010-01,4,cs
2010-02,2,cs
2010-03,3,cs
2010-04,4,cs
2010-05,4,cs
2010-06,3,cs
2010-07,2,cs
2010-08,4,cs
2010-09,4,cs
2010-10,4,cs
2010-11,3,cs
2010-12,1,cs
2011-01,1,cs
2011-02,2,cs
2011-04,4,cs
2011-05,2,cs
2011-06,4,cs
2011-07,3,cs
2011-08,3,cs
2011-09,9,cs
2011-10,4,cs
2011-11,3,cs
2011-12,4,cs
2012-01,3,cs
2012-03,6,cs
2012-04,10,cs
2012-05,5,cs
2012-06,4,cs
2012-07,5,cs
2012-08,3,cs
2012-09,5,cs
2012-10,7,cs
2012-11,3,cs
2012-12,3,cs
2013-01,5,cs
2013-02,6,cs
2013-03,8,cs
2013-04,3,cs
2013-05,1,cs
2013-06,4,cs
2013-07,2,cs
2013-08,4,cs
2013-09,3,cs
2013-10,9,cs
2013-11,8,cs
2013-12,8,cs
2014-01,15,cs
2014-02,12,cs
2014-03,6,cs
2014-04,5,cs
2014-05,4,cs
2014-06,7,cs
2014-07,5,cs
2014-08,4,cs
2014-09,6,cs
2014-10,9,cs
2014-11,4,cs
2014-12,8,cs
2015-01,2,cs
2015-02,6,cs
2015-03,11,cs
2015-04,4,cs
2015-05,9,cs
2015-06,7,cs
2015-07,2,cs
2015-08,6,cs
2015-09,4,cs
2015-10,6,cs
2015-11,5,cs
2015-12,1,cs
2016-01,8,cs
2016-02,6,cs
2016-03,5,cs
2016-04,11,cs
2016-05,5,cs
2016-06,4,cs
2016-07,7,cs
2016-08,4,cs
2016-09,9,cs
2016-10,6,cs
2016-11,10,cs
2016-12,9,cs
2017-01,5,cs
2017-02,12,cs
2017-03,8,cs
2017-04,2,cs
2017-05,7,cs
2017-06,10,cs
2017-07,9,cs
2017-08,11,cs
2017-09,15,cs
2017-10,9,cs
2017-11,19,cs
2017-12,8,cs
2018-01,18,cs
2018-02,18,cs
2018-03,14,cs
2018-04,11,cs
2018-05,18,cs
2018-06,12,cs
2018-07,20,cs
2018-08,6,cs
2018-09,15,cs
2018-10,16,cs
2018-11,19,cs
2018-12,12,cs
2019-01,18,cs
2019-02,21,cs
2019-03,23,cs
2019-04,14,cs
2019-05,38,cs
2019-06,14,cs
2019-07,22,cs
2019-08,13,cs
2019-09,35,cs
2019-10,23,cs
2019-11,19,cs
2019-12,23,cs
2020-01,17,cs
2020-02,27,cs
2020-03,22,cs
2020-04,20,cs
2020-05,10,cs
2020-06,26,cs
2020-07,20,cs
2020-08,14,cs
2020-09,24,cs
2020-10,29,cs
2020-11,18,cs
2020-12,27,cs
2021-01,18,cs
2021-02,32,cs
2021-03,20,cs
2021-04,20,cs
2021-05,33,cs
2021-06,26,cs
2021-07,20,cs
2021-08,13,cs
2021-09,15,cs
2021-10,25,cs
2021-11,20,cs
2021-12,21,cs
2022-01,26,cs
2022-02,35,cs
2022-03,27,cs
2022-04,21,cs
2022-05,37,cs
2022-06,39,cs
2022-07,31,cs
2022-08,31,cs
2022-09,31,cs
2022-10,26,cs
2022-11,30,cs
2022-12,22,cs
2023-01,26,cs
2023-02,31,cs
2023-03,34,cs
2023-04,24,cs
2023-05,43,cs
2023-06,24,cs
2023-07,25,cs
2023-08,17,cs
2023-09,21,cs
2023-10,50,cs
2023-11,29,cs
2023-12,30,cs
2024-01,42,cs
2024-02,40,cs
2024-03,41,cs
2009-01,1,cs
2009-02,1,cs
2009-03,5,cs
2009-04,2,cs
2009-05,3,cs
2009-06,5,cs
2009-08,1,cs
2009-09,4,cs
2009-10,3,cs
2009-11,1,cs
2009-12,4,cs
2010-01,11,cs
2010-02,10,cs
2010-03,6,cs
2010-04,11,cs
2010-05,6,cs
2010-06,1,cs
2010-07,3,cs
2010-08,2,cs
2010-09,3,cs
2010-10,4,cs
2010-11,2,cs
2010-12,4,cs
2011-01,3,cs
2011-02,5,cs
2011-03,5,cs
2011-04,1,cs
2011-05,10,cs
2011-06,1,cs
2011-07,4,cs
2011-08,2,cs
2011-09,4,cs
2011-10,1,cs
2011-11,5,cs
2011-12,7,cs
2012-01,5,cs
2012-02,4,cs
2012-03,4,cs
2012-04,6,cs
2012-05,5,cs
2012-06,6,cs
2012-07,1,cs
2012-08,2,cs
2012-09,7,cs
2012-10,5,cs
2012-11,6,cs
2012-12,3,cs
2013-01,8,cs
2013-02,4,cs
2013-03,7,cs
2013-04,10,cs
2013-05,6,cs
2013-06,2,cs
2013-07,8,cs
2013-08,10,cs
2013-09,3,cs
2013-10,3,cs
2013-11,10,cs
2013-12,4,cs
2014-01,5,cs
2014-02,4,cs
2014-03,5,cs
2014-04,12,cs
2014-05,12,cs
2014-06,9,cs
2014-07,8,cs
2014-08,3,cs
2014-09,4,cs
2014-10,11,cs
2014-11,7,cs
2014-12,6,cs
2015-01,7,cs
2015-02,12,cs
2015-03,17,cs
2015-04,3,cs
2015-05,2,cs
2015-06,14,cs
2015-07,7,cs
2015-08,9,cs
2015-09,9,cs
2015-10,7,cs
2015-11,10,cs
2015-12,3,cs
2016-01,11,cs
2016-02,10,cs
2016-03,7,cs
2016-04,15,cs
2016-05,19,cs
2016-06,15,cs
2016-07,12,cs
2016-08,12,cs
2016-09,12,cs
2016-10,9,cs
2016-11,6,cs
2016-12,12,cs
2017-01,10,cs
2017-02,12,cs
2017-03,17,cs
2017-04,16,cs
2017-05,14,cs
2017-06,13,cs
2017-07,11,cs
2017-08,12,cs
2017-09,15,cs
2017-10,8,cs
2017-11,14,cs
2017-12,9,cs
2018-01,9,cs
2018-02,9,cs
2018-03,19,cs
2018-04,20,cs
2018-05,20,cs
2018-06,11,cs
2018-07,16,cs
2018-08,14,cs
2018-09,11,cs
2018-10,13,cs
2018-11,14,cs
2018-12,15,cs
2019-01,9,cs
2019-02,15,cs
2019-03,16,cs
2019-04,14,cs
2019-05,20,cs
2019-06,11,cs
2019-07,11,cs
2019-08,22,cs
2019-09,19,cs
2019-10,14,cs
2019-11,17,cs
2019-12,15,cs
2020-01,12,cs
2020-02,8,cs
2020-03,22,cs
2020-04,27,cs
2020-05,25,cs
2020-06,9,cs
2020-07,13,cs
2020-08,13,cs
2020-09,15,cs
2020-10,16,cs
2020-11,10,cs
2020-12,19,cs
2021-01,17,cs
2021-02,11,cs
2021-03,17,cs
2021-04,29,cs
2021-05,19,cs
2021-06,11,cs
2021-07,17,cs
2021-08,14,cs
2021-09,15,cs
2021-10,19,cs
2021-11,9,cs
2021-12,15,cs
2022-01,10,cs
2022-02,8,cs
2022-03,13,cs
2022-04,12,cs
2022-05,14,cs
2022-06,24,cs
2022-07,19,cs
2022-08,13,cs
2022-09,20,cs
2022-10,22,cs
2022-11,19,cs
2022-12,13,cs
2023-01,16,cs
2023-02,16,cs
2023-03,17,cs
2023-04,18,cs
2023-05,25,cs
2023-06,21,cs
2023-07,14,cs
2023-08,34,cs
2023-09,14,cs
2023-10,26,cs
2023-11,14,cs
2023-12,21,cs
2024-01,22,cs
2024-02,22,cs
2024-03,26,cs
2009-01,2,cs
2009-02,3,cs
2009-03,3,cs
2009-04,1,cs
2009-05,3,cs
2009-07,2,cs
2009-09,2,cs
2009-10,1,cs
2009-12,1,cs
2010-01,1,cs
2010-02,3,cs
2010-03,1,cs
2010-04,1,cs
2010-05,7,cs
2010-06,5,cs
2010-09,1,cs
2010-10,1,cs
2011-01,1,cs
2011-02,3,cs
2011-03,4,cs
2011-04,3,cs
2011-05,1,cs
2011-06,3,cs
2011-09,1,cs
2011-10,4,cs
2011-11,4,cs
2011-12,1,cs
2012-01,4,cs
2012-02,6,cs
2012-03,6,cs
2012-04,5,cs
2012-05,8,cs
2012-06,2,cs
2012-07,5,cs
2012-08,2,cs
2012-09,4,cs
2012-10,8,cs
2012-11,5,cs
2012-12,1,cs
2013-01,4,cs
2013-02,1,cs
2013-03,2,cs
2013-04,8,cs
2013-05,2,cs
2013-06,1,cs
2013-07,10,cs
2013-08,3,cs
2013-09,4,cs
2013-10,3,cs
2013-11,1,cs
2013-12,2,cs
2014-01,10,cs
2014-02,3,cs
2014-03,4,cs
2014-04,5,cs
2014-05,4,cs
2014-06,5,cs
2014-07,7,cs
2014-08,7,cs
2014-09,6,cs
2014-10,6,cs
2014-11,2,cs
2014-12,6,cs
2015-01,6,cs
2015-02,4,cs
2015-03,6,cs
2015-04,4,cs
2015-05,10,cs
2015-06,13,cs
2015-07,1,cs
2015-08,6,cs
2015-09,4,cs
2015-10,3,cs
2015-11,8,cs
2015-12,3,cs
2016-01,3,cs
2016-02,4,cs
2016-03,8,cs
2016-04,8,cs
2016-05,7,cs
2016-06,7,cs
2016-07,13,cs
2016-08,6,cs
2016-09,7,cs
2016-11,9,cs
2016-12,4,cs
2017-01,1,cs
2017-02,3,cs
2017-03,4,cs
2017-04,10,cs
2017-05,11,cs
2017-06,3,cs
2017-07,7,cs
2017-08,8,cs
2017-09,4,cs
2017-10,9,cs
2017-11,15,cs
2017-12,3,cs
2018-01,5,cs
2018-02,11,cs
2018-03,5,cs
2018-04,5,cs
2018-05,7,cs
2018-06,8,cs
2018-07,7,cs
2018-08,6,cs
2018-09,5,cs
2018-10,10,cs
2018-11,8,cs
2018-12,6,cs
2019-01,4,cs
2019-02,3,cs
2019-03,8,cs
2019-04,6,cs
2019-05,7,cs
2019-06,12,cs
2019-07,11,cs
2019-08,4,cs
2019-09,4,cs
2019-10,7,cs
2019-11,10,cs
2019-12,12,cs
2020-01,11,cs
2020-02,9,cs
2020-03,15,cs
2020-04,4,cs
2020-05,7,cs
2020-06,6,cs
2020-07,14,cs
2020-08,5,cs
2020-09,12,cs
2020-10,10,cs
2020-11,7,cs
2020-12,3,cs
2021-01,6,cs
2021-02,9,cs
2021-03,11,cs
2021-04,11,cs
2021-05,3,cs
2021-06,4,cs
2021-07,10,cs
2021-08,8,cs
2021-09,8,cs
2021-10,8,cs
2021-11,9,cs
2021-12,10,cs
2022-01,6,cs
2022-02,3,cs
2022-03,2,cs
2022-04,4,cs
2022-05,6,cs
2022-07,6,cs
2022-08,5,cs
2022-09,2,cs
2022-10,1,cs
2022-11,3,cs
2022-12,3,cs
2023-01,4,cs
2023-02,9,cs
2023-03,7,cs
2023-04,10,cs
2023-05,1,cs
2023-06,3,cs
2023-07,8,cs
2023-08,8,cs
2023-09,6,cs
2023-10,4,cs
2023-11,3,cs
2023-12,5,cs
2024-01,8,cs
2024-02,5,cs
2024-03,4,cs
2009-01,3,cs
2009-02,6,cs
2009-03,1,cs
2009-04,3,cs
2009-05,6,cs
2009-06,5,cs
2009-07,19,cs
2009-08,6,cs
2009-09,1,cs
2009-10,5,cs
2009-11,5,cs
2009-12,7,cs
2010-01,12,cs
2010-02,10,cs
2010-03,5,cs
2010-04,9,cs
2010-05,5,cs
2010-06,5,cs
2010-07,5,cs
2010-08,4,cs
2010-09,18,cs
2010-10,5,cs
2010-11,7,cs
2010-12,7,cs
2011-01,5,cs
2011-02,4,cs
2011-03,6,cs
2011-04,4,cs
2011-05,12,cs
2011-06,9,cs
2011-07,5,cs
2011-08,11,cs
2011-09,11,cs
2011-10,5,cs
2011-11,7,cs
2011-12,10,cs
2012-01,8,cs
2012-02,8,cs
2012-03,11,cs
2012-04,11,cs
2012-05,6,cs
2012-06,16,cs
2012-07,23,cs
2012-08,10,cs
2012-09,12,cs
2012-10,14,cs
2012-11,16,cs
2012-12,13,cs
2013-01,11,cs
2013-02,19,cs
2013-03,18,cs
2013-04,21,cs
2013-05,13,cs
2013-06,19,cs
2013-07,20,cs
2013-08,17,cs
2013-09,13,cs
2013-10,4,cs
2013-11,8,cs
2013-12,25,cs
2014-01,26,cs
2014-02,16,cs
2014-03,17,cs
2014-04,16,cs
2014-05,19,cs
2014-06,26,cs
2014-07,24,cs
2014-08,15,cs
2014-09,18,cs
2014-10,19,cs
2014-11,17,cs
2014-12,35,cs
2015-01,9,cs
2015-02,22,cs
2015-03,21,cs
2015-04,20,cs
2015-05,16,cs
2015-06,27,cs
2015-07,25,cs
2015-08,20,cs
2015-09,29,cs
2015-10,14,cs
2015-11,26,cs
2015-12,25,cs
2016-01,11,cs
2016-02,24,cs
2016-03,25,cs
2016-04,34,cs
2016-05,23,cs
2016-06,43,cs
2016-07,25,cs
2016-08,21,cs
2016-09,26,cs
2016-10,20,cs
2016-11,33,cs
2016-12,25,cs
2017-01,20,cs
2017-02,30,cs
2017-03,41,cs
2017-04,39,cs
2017-05,29,cs
2017-06,38,cs
2017-07,40,cs
2017-08,24,cs
2017-09,38,cs
2017-10,38,cs
2017-11,41,cs
2017-12,34,cs
2018-01,30,cs
2018-02,54,cs
2018-03,49,cs
2018-04,58,cs
2018-05,55,cs
2018-06,58,cs
2018-07,53,cs
2018-08,34,cs
2018-09,25,cs
2018-10,58,cs
2018-11,49,cs
2018-12,39,cs
2019-01,47,cs
2019-02,41,cs
2019-03,68,cs
2019-04,61,cs
2019-05,51,cs
2019-06,64,cs
2019-07,53,cs
2019-08,41,cs
2019-09,48,cs
2019-10,55,cs
2019-11,38,cs
2019-12,33,cs
2020-01,53,cs
2020-02,53,cs
2020-03,79,cs
2020-04,91,cs
2020-05,67,cs
2020-06,92,cs
2020-07,52,cs
2020-08,42,cs
2020-09,57,cs
2020-10,72,cs
2020-11,44,cs
2020-12,38,cs
2021-01,35,cs
2021-02,66,cs
2021-03,59,cs
2021-04,59,cs
2021-05,54,cs
2021-06,61,cs
2021-07,49,cs
2021-08,31,cs
2021-09,61,cs
2021-10,53,cs
2021-11,35,cs
2021-12,47,cs
2022-01,61,cs
2022-02,52,cs
2022-03,64,cs
2022-04,92,cs
2022-05,72,cs
2022-06,66,cs
2022-07,54,cs
2022-08,54,cs
2022-09,58,cs
2022-10,54,cs
2022-11,64,cs
2022-12,46,cs
2023-01,46,cs
2023-02,55,cs
2023-03,68,cs
2023-04,100,cs
2023-05,90,cs
2023-06,74,cs
2023-07,43,cs
2023-08,47,cs
2023-09,38,cs
2023-10,59,cs
2023-11,47,cs
2023-12,47,cs
2024-01,85,cs
2024-02,80,cs
2024-03,78,cs
2009-01,17,cs
2009-02,18,cs
2009-03,22,cs
2009-04,23,cs
2009-05,10,cs
2009-06,14,cs
2009-07,33,cs
2009-08,30,cs
2009-09,26,cs
2009-10,21,cs
2009-11,41,cs
2009-12,43,cs
2010-01,36,cs
2010-02,54,cs
2010-03,53,cs
2010-04,61,cs
2010-05,47,cs
2010-06,66,cs
2010-07,51,cs
2010-08,40,cs
2010-09,56,cs
2010-10,23,cs
2010-11,40,cs
2010-12,38,cs
2011-01,35,cs
2011-02,23,cs
2011-03,30,cs
2011-04,27,cs
2011-05,46,cs
2011-06,23,cs
2011-07,37,cs
2011-08,60,cs
2011-09,40,cs
2011-10,37,cs
2011-11,50,cs
2011-12,49,cs
2012-01,64,cs
2012-02,52,cs
2012-03,66,cs
2012-04,68,cs
2012-05,57,cs
2012-06,54,cs
2012-07,69,cs
2012-08,70,cs
2012-09,58,cs
2012-10,42,cs
2012-11,36,cs
2012-12,44,cs
2013-01,52,cs
2013-02,47,cs
2013-03,69,cs
2013-04,75,cs
2013-05,59,cs
2013-06,49,cs
2013-07,94,cs
2013-08,61,cs
2013-09,70,cs
2013-10,61,cs
2013-11,49,cs
2013-12,70,cs
2014-01,84,cs
2014-02,51,cs
2014-03,67,cs
2014-04,72,cs
2014-05,85,cs
2014-06,77,cs
2014-07,67,cs
2014-08,47,cs
2014-09,71,cs
2014-10,71,cs
2014-11,58,cs
2014-12,77,cs
2015-01,60,cs
2015-02,54,cs
2015-03,60,cs
2015-04,50,cs
2015-05,55,cs
2015-06,64,cs
2015-07,62,cs
2015-08,57,cs
2015-09,88,cs
2015-10,70,cs
2015-11,49,cs
2015-12,79,cs
2016-01,76,cs
2016-02,81,cs
2016-03,77,cs
2016-04,98,cs
2016-05,93,cs
2016-06,91,cs
2016-07,50,cs
2016-08,72,cs
2016-09,75,cs
2016-10,76,cs
2016-11,104,cs
2016-12,90,cs
2017-01,88,cs
2017-02,92,cs
2017-03,88,cs
2017-04,72,cs
2017-05,90,cs
2017-06,72,cs
2017-07,86,cs
2017-08,76,cs
2017-09,85,cs
2017-10,89,cs
2017-11,79,cs
2017-12,87,cs
2018-01,120,cs
2018-02,68,cs
2018-03,105,cs
2018-04,125,cs
2018-05,100,cs
2018-06,98,cs
2018-07,88,cs
2018-08,90,cs
2018-09,99,cs
2018-10,137,cs
2018-11,80,cs
2018-12,125,cs
2019-01,106,cs
2019-02,136,cs
2019-03,102,cs
2019-04,149,cs
2019-05,117,cs
2019-06,120,cs
2019-07,94,cs
2019-08,65,cs
2019-09,110,cs
2019-10,106,cs
2019-11,83,cs
2019-12,99,cs
2020-01,114,cs
2020-02,117,cs
2020-03,105,cs
2020-04,116,cs
2020-05,128,cs
2020-06,118,cs
2020-07,110,cs
2020-08,119,cs
2020-09,102,cs
2020-10,109,cs
2020-11,96,cs
2020-12,101,cs
2021-01,116,cs
2021-02,102,cs
2021-03,107,cs
2021-04,105,cs
2021-05,139,cs
2021-06,103,cs
2021-07,104,cs
2021-08,103,cs
2021-09,110,cs
2021-10,111,cs
2021-11,110,cs
2021-12,93,cs
2022-01,146,cs
2022-02,125,cs
2022-03,104,cs
2022-04,105,cs
2022-05,124,cs
2022-06,66,cs
2022-07,111,cs
2022-08,98,cs
2022-09,111,cs
2022-10,97,cs
2022-11,128,cs
2022-12,92,cs
2023-01,102,cs
2023-02,87,cs
2023-03,102,cs
2023-04,95,cs
2023-05,123,cs
2023-06,98,cs
2023-07,129,cs
2023-08,95,cs
2023-09,117,cs
2023-10,134,cs
2023-11,122,cs
2023-12,135,cs
2024-01,142,cs
2024-02,145,cs
2024-03,156,cs
2009-01,6,cs
2009-02,4,cs
2009-03,7,cs
2009-04,11,cs
2009-05,9,cs
2009-06,7,cs
2009-08,2,cs
2009-09,8,cs
2009-10,6,cs
2009-11,5,cs
2009-12,9,cs
2010-01,11,cs
2010-02,25,cs
2010-03,31,cs
2010-04,21,cs
2010-05,17,cs
2010-06,24,cs
2010-07,3,cs
2010-08,10,cs
2010-09,8,cs
2010-10,2,cs
2010-11,17,cs
2010-12,12,cs
2011-01,1,cs
2011-02,5,cs
2011-03,5,cs
2011-04,3,cs
2011-05,11,cs
2011-06,6,cs
2011-07,4,cs
2011-08,12,cs
2011-09,6,cs
2011-10,6,cs
2011-11,12,cs
2011-12,7,cs
2012-01,20,cs
2012-02,6,cs
2012-03,19,cs
2012-04,20,cs
2012-05,18,cs
2012-06,24,cs
2012-07,9,cs
2012-08,14,cs
2012-09,11,cs
2012-10,19,cs
2012-11,11,cs
2012-12,21,cs
2013-01,5,cs
2013-02,7,cs
2013-03,18,cs
2013-04,11,cs
2013-05,7,cs
2013-06,7,cs
2013-07,15,cs
2013-08,7,cs
2013-09,13,cs
2013-10,15,cs
2013-11,20,cs
2013-12,18,cs
2014-01,19,cs
2014-02,13,cs
2014-03,10,cs
2014-04,22,cs
2014-05,16,cs
2014-06,15,cs
2014-07,16,cs
2014-08,11,cs
2014-09,17,cs
2014-10,9,cs
2014-11,8,cs
2014-12,6,cs
2015-01,10,cs
2015-02,12,cs
2015-03,16,cs
2015-04,12,cs
2015-05,16,cs
2015-06,7,cs
2015-07,3,cs
2015-08,5,cs
2015-09,9,cs
2015-10,7,cs
2015-11,7,cs
2015-12,16,cs
2016-01,11,cs
2016-02,11,cs
2016-03,12,cs
2016-04,6,cs
2016-05,8,cs
2016-06,13,cs
2016-07,9,cs
2016-08,4,cs
2016-09,9,cs
2016-10,11,cs
2016-11,11,cs
2016-12,6,cs
2017-01,9,cs
2017-02,10,cs
2017-03,6,cs
2017-04,4,cs
2017-05,16,cs
2017-06,4,cs
2017-07,10,cs
2017-08,7,cs
2017-09,5,cs
2017-10,8,cs
2017-11,8,cs
2017-12,10,cs
2018-01,7,cs
2018-02,5,cs
2018-03,7,cs
2018-04,10,cs
2018-05,17,cs
2018-06,6,cs
2018-07,4,cs
2018-08,8,cs
2018-09,9,cs
2018-10,10,cs
2018-11,5,cs
2018-12,8,cs
2019-01,6,cs
2019-02,3,cs
2019-03,10,cs
2019-04,17,cs
2019-05,15,cs
2019-06,8,cs
2019-07,12,cs
2019-08,5,cs
2019-09,4,cs
2019-10,15,cs
2019-11,5,cs
2019-12,6,cs
2020-01,9,cs
2020-02,7,cs
2020-03,7,cs
2020-04,10,cs
2020-05,10,cs
2020-06,11,cs
2020-07,10,cs
2020-08,12,cs
2020-09,2,cs
2020-10,5,cs
2020-11,3,cs
2020-12,7,cs
2021-01,4,cs
2021-02,3,cs
2021-03,2,cs
2021-04,5,cs
2021-05,7,cs
2021-06,6,cs
2021-07,9,cs
2021-08,10,cs
2021-09,4,cs
2021-10,6,cs
2021-11,2,cs
2021-12,2,cs
2022-01,5,cs
2022-02,1,cs
2022-03,5,cs
2022-04,8,cs
2022-05,4,cs
2022-06,3,cs
2022-08,4,cs
2022-09,6,cs
2022-10,5,cs
2022-11,5,cs
2022-12,3,cs
2023-01,9,cs
2023-02,4,cs
2023-03,2,cs
2023-04,5,cs
2023-05,4,cs
2023-06,5,cs
2023-07,7,cs
2023-08,5,cs
2023-09,5,cs
2023-10,6,cs
2023-11,2,cs
2024-01,7,cs
2024-02,8,cs
2024-03,5,cs
2009-06,1,cs
2009-08,1,cs
2009-09,1,cs
2009-10,2,cs
2009-12,3,cs
2010-01,1,cs
2010-02,1,cs
2010-03,4,cs
2010-04,2,cs
2010-05,1,cs
2010-06,5,cs
2010-11,1,cs
2010-12,5,cs
2011-01,1,cs
2011-02,1,cs
2011-03,5,cs
2011-04,2,cs
2011-05,5,cs
2011-07,1,cs
2011-09,3,cs
2011-10,2,cs
2011-11,2,cs
2011-12,2,cs
2012-02,1,cs
2012-04,1,cs
2012-05,3,cs
2012-06,1,cs
2012-07,1,cs
2012-08,4,cs
2012-09,1,cs
2012-10,2,cs
2012-11,3,cs
2012-12,2,cs
2013-01,1,cs
2013-02,3,cs
2013-04,4,cs
2013-05,3,cs
2013-06,1,cs
2013-07,2,cs
2013-08,1,cs
2013-09,2,cs
2013-10,4,cs
2013-11,2,cs
2013-12,7,cs
2014-02,2,cs
2014-03,4,cs
2014-04,4,cs
2014-05,3,cs
2014-07,1,cs
2014-08,1,cs
2014-10,1,cs
2014-11,1,cs
2015-01,2,cs
2015-02,2,cs
2015-04,5,cs
2015-05,1,cs
2015-06,2,cs
2015-08,2,cs
2015-09,1,cs
2015-10,2,cs
2015-11,1,cs
2015-12,6,cs
2016-01,1,cs
2016-03,1,cs
2016-04,2,cs
2016-05,3,cs
2016-06,2,cs
2016-08,2,cs
2016-09,5,cs
2016-10,1,cs
2016-11,1,cs
2016-12,1,cs
2017-02,1,cs
2017-03,3,cs
2017-04,2,cs
2017-05,5,cs
2017-06,1,cs
2017-07,4,cs
2017-08,1,cs
2017-09,2,cs
2017-10,1,cs
2017-11,3,cs
2017-12,3,cs
2018-01,3,cs
2018-02,1,cs
2018-04,2,cs
2018-05,1,cs
2018-06,5,cs
2018-08,5,cs
2018-09,1,cs
2018-10,8,cs
2018-11,3,cs
2018-12,1,cs
2019-01,7,cs
2019-02,2,cs
2019-03,7,cs
2019-05,1,cs
2019-06,3,cs
2019-07,4,cs
2019-08,7,cs
2019-09,5,cs
2019-10,6,cs
2019-11,3,cs
2019-12,3,cs
2020-01,4,cs
2020-02,2,cs
2020-03,6,cs
2020-04,9,cs
2020-05,4,cs
2020-06,3,cs
2020-07,5,cs
2020-08,2,cs
2020-09,6,cs
2020-10,3,cs
2020-11,3,cs
2020-12,1,cs
2021-01,2,cs
2021-02,1,cs
2021-04,4,cs
2021-05,1,cs
2021-06,1,cs
2021-07,1,cs
2021-09,2,cs
2021-10,1,cs
2021-11,3,cs
2021-12,4,cs
2022-01,4,cs
2022-02,2,cs
2022-03,3,cs
2022-04,2,cs
2022-05,3,cs
2022-06,4,cs
2022-07,1,cs
2022-09,3,cs
2022-10,5,cs
2022-11,2,cs
2022-12,2,cs
2023-01,3,cs
2023-02,3,cs
2023-03,3,cs
2023-04,2,cs
2023-05,2,cs
2023-06,4,cs
2023-07,5,cs
2023-08,3,cs
2023-09,3,cs
2023-10,9,cs
2023-11,6,cs
2023-12,7,cs
2024-01,7,cs
2024-02,1,cs
2024-03,3,cs
2009-01,1,cs
2009-02,5,cs
2009-03,2,cs
2009-04,1,cs
2009-05,1,cs
2009-06,2,cs
2009-07,1,cs
2009-08,2,cs
2009-09,1,cs
2009-10,3,cs
2009-12,2,cs
2010-01,4,cs
2010-02,4,cs
2010-03,3,cs
2010-04,7,cs
2010-05,4,cs
2010-06,4,cs
2010-07,1,cs
2010-08,1,cs
2010-09,4,cs
2010-10,2,cs
2010-11,2,cs
2011-01,4,cs
2011-02,2,cs
2011-03,2,cs
2011-04,2,cs
2011-06,2,cs
2011-07,4,cs
2011-08,2,cs
2011-09,1,cs
2011-10,5,cs
2011-11,4,cs
2011-12,4,cs
2012-01,5,cs
2012-02,2,cs
2012-03,1,cs
2012-04,1,cs
2012-05,2,cs
2012-06,3,cs
2012-07,3,cs
2012-08,3,cs
2012-09,4,cs
2012-10,5,cs
2012-11,5,cs
2012-12,2,cs
2013-02,3,cs
2013-03,7,cs
2013-04,5,cs
2013-05,3,cs
2013-06,1,cs
2013-07,6,cs
2013-08,5,cs
2013-09,4,cs
2013-11,1,cs
2013-12,2,cs
2014-01,3,cs
2014-02,3,cs
2014-03,2,cs
2014-04,7,cs
2014-05,1,cs
2014-06,8,cs
2014-07,2,cs
2014-08,3,cs
2014-09,10,cs
2014-10,5,cs
2014-11,6,cs
2014-12,3,cs
2015-01,2,cs
2015-03,7,cs
2015-04,6,cs
2015-05,3,cs
2015-06,4,cs
2015-07,1,cs
2015-08,1,cs
2015-09,7,cs
2015-10,2,cs
2015-11,4,cs
2015-12,3,cs
2016-02,2,cs
2016-03,4,cs
2016-04,7,cs
2016-05,6,cs
2016-06,5,cs
2016-07,6,cs
2016-08,9,cs
2016-09,4,cs
2016-10,6,cs
2016-11,3,cs
2016-12,6,cs
2017-01,6,cs
2017-02,5,cs
2017-03,2,cs
2017-04,8,cs
2017-05,9,cs
2017-06,7,cs
2017-07,12,cs
2017-08,6,cs
2017-09,4,cs
2017-10,17,cs
2017-11,4,cs
2017-12,8,cs
2018-01,6,cs
2018-02,6,cs
2018-03,9,cs
2018-04,9,cs
2018-05,12,cs
2018-06,6,cs
2018-07,6,cs
2018-08,9,cs
2018-09,7,cs
2018-10,9,cs
2018-11,10,cs
2018-12,6,cs
2019-01,9,cs
2019-02,8,cs
2019-03,6,cs
2019-04,9,cs
2019-05,15,cs
2019-06,11,cs
2019-07,13,cs
2019-08,12,cs
2019-09,3,cs
2019-10,16,cs
2019-11,11,cs
2019-12,13,cs
2020-01,9,cs
2020-02,13,cs
2020-03,9,cs
2020-04,14,cs
2020-05,10,cs
2020-06,8,cs
2020-07,9,cs
2020-08,8,cs
2020-09,12,cs
2020-10,9,cs
2020-11,11,cs
2020-12,7,cs
2021-01,3,cs
2021-02,7,cs
2021-03,9,cs
2021-04,11,cs
2021-05,4,cs
2021-06,10,cs
2021-07,6,cs
2021-08,7,cs
2021-09,8,cs
2021-10,6,cs
2021-11,3,cs
2021-12,12,cs
2022-01,3,cs
2022-02,7,cs
2022-03,4,cs
2022-04,5,cs
2022-05,3,cs
2022-06,4,cs
2022-07,7,cs
2022-08,3,cs
2022-09,9,cs
2022-10,8,cs
2022-11,6,cs
2022-12,5,cs
2023-01,3,cs
2023-02,4,cs
2023-03,10,cs
2023-04,7,cs
2023-05,6,cs
2023-06,6,cs
2023-07,6,cs
2023-08,5,cs
2023-09,8,cs
2023-10,16,cs
2023-11,7,cs
2023-12,4,cs
2024-01,11,cs
2024-02,5,cs
2024-03,6,cs
2009-01,5,cs
2009-02,4,cs
2009-03,11,cs
2009-04,2,cs
2009-05,6,cs
2009-06,9,cs
2009-07,10,cs
2009-08,2,cs
2009-09,5,cs
2009-10,7,cs
2009-11,8,cs
2009-12,6,cs
2010-01,7,cs
2010-02,10,cs
2010-03,7,cs
2010-04,8,cs
2010-05,6,cs
2010-06,9,cs
2010-07,19,cs
2010-08,8,cs
2010-09,18,cs
2010-10,14,cs
2010-11,11,cs
2010-12,12,cs
2011-01,9,cs
2011-02,13,cs
2011-03,8,cs
2011-04,5,cs
2011-05,7,cs
2011-06,13,cs
2011-07,15,cs
2011-08,17,cs
2011-09,26,cs
2011-10,12,cs
2011-11,8,cs
2011-12,20,cs
2012-01,17,cs
2012-02,21,cs
2012-03,16,cs
2012-04,9,cs
2012-05,6,cs
2012-06,12,cs
2012-07,9,cs
2012-08,16,cs
2012-09,9,cs
2012-10,18,cs
2012-11,8,cs
2012-12,10,cs
2013-01,20,cs
2013-02,13,cs
2013-03,7,cs
2013-04,18,cs
2013-05,9,cs
2013-06,19,cs
2013-07,23,cs
2013-08,15,cs
2013-09,29,cs
2013-10,13,cs
2013-11,19,cs
2013-12,24,cs
2014-01,8,cs
2014-02,11,cs
2014-03,15,cs
2014-04,15,cs
2014-05,32,cs
2014-06,29,cs
2014-07,20,cs
2014-08,9,cs
2014-09,13,cs
2014-10,11,cs
2014-11,9,cs
2014-12,25,cs
2015-01,21,cs
2015-02,11,cs
2015-03,18,cs
2015-04,16,cs
2015-05,15,cs
2015-06,10,cs
2015-07,24,cs
2015-08,15,cs
2015-09,14,cs
2015-10,19,cs
2015-11,33,cs
2015-12,17,cs
2016-01,13,cs
2016-02,16,cs
2016-03,21,cs
2016-04,19,cs
2016-05,15,cs
2016-06,24,cs
2016-07,28,cs
2016-08,44,cs
2016-09,13,cs
2016-10,32,cs
2016-11,34,cs
2016-12,13,cs
2017-01,42,cs
2017-02,25,cs
2017-03,29,cs
2017-04,25,cs
2017-05,33,cs
2017-06,17,cs
2017-07,28,cs
2017-08,27,cs
2017-09,39,cs
2017-10,30,cs
2017-11,38,cs
2017-12,12,cs
2018-01,23,cs
2018-02,39,cs
2018-03,33,cs
2018-04,35,cs
2018-05,36,cs
2018-06,14,cs
2018-07,39,cs
2018-08,49,cs
2018-09,25,cs
2018-10,35,cs
2018-11,37,cs
2018-12,23,cs
2019-01,19,cs
2019-02,35,cs
2019-03,22,cs
2019-04,40,cs
2019-05,46,cs
2019-06,31,cs
2019-07,56,cs
2019-08,42,cs
2019-09,45,cs
2019-10,27,cs
2019-11,27,cs
2019-12,23,cs
2020-01,31,cs
2020-02,41,cs
2020-03,22,cs
2020-04,43,cs
2020-05,39,cs
2020-06,21,cs
2020-07,31,cs
2020-08,32,cs
2020-09,33,cs
2020-10,63,cs
2020-11,34,cs
2020-12,25,cs
2021-01,30,cs
2021-02,24,cs
2021-03,43,cs
2021-04,34,cs
2021-05,42,cs
2021-06,28,cs
2021-07,45,cs
2021-08,38,cs
2021-09,37,cs
2021-10,32,cs
2021-11,37,cs
2021-12,26,cs
2022-01,23,cs
2022-02,31,cs
2022-03,41,cs
2022-04,25,cs
2022-05,42,cs
2022-06,28,cs
2022-07,40,cs
2022-08,30,cs
2022-09,37,cs
2022-10,30,cs
2022-11,37,cs
2022-12,35,cs
2023-01,27,cs
2023-02,29,cs
2023-03,30,cs
2023-04,49,cs
2023-05,39,cs
2023-06,24,cs
2023-07,39,cs
2023-08,33,cs
2023-09,47,cs
2023-10,45,cs
2023-11,51,cs
2023-12,37,cs
2024-01,28,cs
2024-02,22,cs
2024-03,46,cs
2009-01,3,cs
2009-02,2,cs
2009-03,4,cs
2009-04,6,cs
2009-05,1,cs
2009-06,2,cs
2009-08,3,cs
2009-09,7,cs
2009-10,10,cs
2009-11,1,cs
2009-12,2,cs
2010-01,1,cs
2010-02,4,cs
2010-03,2,cs
2010-04,1,cs
2010-05,3,cs
2010-06,6,cs
2010-07,1,cs
2010-08,3,cs
2010-09,5,cs
2010-10,4,cs
2010-11,3,cs
2010-12,9,cs
2011-01,6,cs
2011-02,6,cs
2011-03,4,cs
2011-04,13,cs
2011-05,3,cs
2011-06,4,cs
2011-07,6,cs
2011-08,13,cs
2011-09,8,cs
2011-10,3,cs
2011-11,10,cs
2011-12,2,cs
2012-01,4,cs
2012-02,14,cs
2012-03,2,cs
2012-04,15,cs
2012-05,8,cs
2012-06,8,cs
2012-07,8,cs
2012-08,5,cs
2012-09,6,cs
2012-10,7,cs
2012-11,11,cs
2012-12,10,cs
2013-01,7,cs
2013-02,9,cs
2013-03,7,cs
2013-04,8,cs
2013-05,7,cs
2013-06,8,cs
2013-07,11,cs
2013-08,7,cs
2013-09,19,cs
2013-10,5,cs
2013-11,21,cs
2013-12,15,cs
2014-01,15,cs
2014-02,24,cs
2014-03,9,cs
2014-04,15,cs
2014-05,20,cs
2014-06,9,cs
2014-07,12,cs
2014-08,6,cs
2014-09,15,cs
2014-10,18,cs
2014-11,20,cs
2014-12,19,cs
2015-01,18,cs
2015-02,13,cs
2015-03,17,cs
2015-04,23,cs
2015-05,19,cs
2015-06,18,cs
2015-07,17,cs
2015-08,11,cs
2015-09,31,cs
2015-10,18,cs
2015-11,27,cs
2015-12,16,cs
2016-01,22,cs
2016-02,40,cs
2016-03,46,cs
2016-04,47,cs
2016-05,36,cs
2016-06,33,cs
2016-07,58,cs
2016-08,38,cs
2016-09,71,cs
2016-10,67,cs
2016-11,50,cs
2016-12,42,cs
2017-01,42,cs
2017-02,53,cs
2017-03,86,cs
2017-04,49,cs
2017-05,75,cs
2017-06,74,cs
2017-07,77,cs
2017-08,58,cs
2017-09,138,cs
2017-10,109,cs
2017-11,64,cs
2017-12,55,cs
2018-01,68,cs
2018-02,91,cs
2018-03,110,cs
2018-04,99,cs
2018-05,91,cs
2018-06,74,cs
2018-07,104,cs
2018-08,78,cs
2018-09,214,cs
2018-10,159,cs
2018-11,106,cs
2018-12,82,cs
2019-01,94,cs
2019-02,126,cs
2019-03,211,cs
2019-04,166,cs
2019-05,159,cs
2019-06,138,cs
2019-07,152,cs
2019-08,114,cs
2019-09,286,cs
2019-10,198,cs
2019-11,135,cs
2019-12,111,cs
2020-01,115,cs
2020-02,159,cs
2020-03,312,cs
2020-04,144,cs
2020-05,160,cs
2020-06,173,cs
2020-07,202,cs
2020-08,181,cs
2020-09,135,cs
2020-10,284,cs
2020-11,451,cs
2020-12,243,cs
2021-01,198,cs
2021-02,203,cs
2021-03,475,cs
2021-04,278,cs
2021-05,238,cs
2021-06,218,cs
2021-07,292,cs
2021-08,259,cs
2021-09,446,cs
2021-10,296,cs
2021-11,240,cs
2021-12,194,cs
2022-01,184,cs
2022-02,277,cs
2022-03,453,cs
2022-04,238,cs
2022-05,270,cs
2022-06,278,cs
2022-07,297,cs
2022-08,269,cs
2022-09,490,cs
2022-10,455,cs
2022-11,329,cs
2022-12,263,cs
2023-01,258,cs
2023-02,332,cs
2023-03,572,cs
2023-04,352,cs
2023-05,361,cs
2023-06,398,cs
2023-07,387,cs
2023-08,362,cs
2023-09,678,cs
2023-10,580,cs
2023-11,405,cs
2023-12,398,cs
2024-01,362,cs
2024-02,455,cs
2024-03,727,cs
2009-01,7,cs
2009-02,5,cs
2009-03,4,cs
2009-04,6,cs
2009-05,1,cs
2009-06,6,cs
2009-07,4,cs
2009-09,4,cs
2009-10,3,cs
2009-11,4,cs
2009-12,3,cs
2010-01,5,cs
2010-02,5,cs
2010-03,1,cs
2010-04,8,cs
2010-05,8,cs
2010-06,3,cs
2010-07,2,cs
2010-08,2,cs
2010-09,1,cs
2010-10,2,cs
2010-11,7,cs
2010-12,6,cs
2011-01,8,cs
2011-02,3,cs
2011-03,1,cs
2011-04,11,cs
2011-05,3,cs
2011-06,1,cs
2011-07,1,cs
2011-08,9,cs
2011-09,6,cs
2011-10,4,cs
2011-11,3,cs
2011-12,5,cs
2012-01,8,cs
2012-02,2,cs
2012-03,7,cs
2012-04,4,cs
2012-05,7,cs
2012-06,5,cs
2012-07,3,cs
2012-08,1,cs
2012-09,4,cs
2012-10,6,cs
2012-11,4,cs
2012-12,3,cs
2013-01,14,cs
2013-02,9,cs
2013-03,5,cs
2013-04,11,cs
2013-05,5,cs
2013-06,4,cs
2013-07,8,cs
2013-08,5,cs
2013-09,4,cs
2013-10,9,cs
2013-11,3,cs
2013-12,6,cs
2014-01,11,cs
2014-02,6,cs
2014-03,6,cs
2014-04,8,cs
2014-05,13,cs
2014-06,5,cs
2014-07,4,cs
2014-08,8,cs
2014-09,2,cs
2014-10,4,cs
2014-11,2,cs
2014-12,8,cs
2015-01,12,cs
2015-02,9,cs
2015-03,5,cs
2015-04,2,cs
2015-05,2,cs
2015-06,5,cs
2015-07,5,cs
2015-08,1,cs
2015-10,4,cs
2015-11,4,cs
2015-12,4,cs
2016-01,7,cs
2016-02,16,cs
2016-03,6,cs
2016-04,6,cs
2016-05,13,cs
2016-06,4,cs
2016-07,5,cs
2016-08,6,cs
2016-09,4,cs
2016-11,5,cs
2016-12,8,cs
2017-01,8,cs
2017-02,9,cs
2017-03,7,cs
2017-04,5,cs
2017-05,14,cs
2017-06,5,cs
2017-07,5,cs
2017-08,2,cs
2017-09,4,cs
2017-10,6,cs
2017-11,7,cs
2017-12,10,cs
2018-01,7,cs
2018-02,16,cs
2018-03,6,cs
2018-04,7,cs
2018-05,10,cs
2018-06,7,cs
2018-07,6,cs
2018-08,2,cs
2018-09,4,cs
2018-10,6,cs
2018-11,10,cs
2018-12,4,cs
2019-01,9,cs
2019-02,6,cs
2019-03,6,cs
2019-04,9,cs
2019-05,10,cs
2019-06,4,cs
2019-07,5,cs
2019-08,2,cs
2019-09,4,cs
2019-10,1,cs
2019-11,7,cs
2019-12,10,cs
2020-01,5,cs
2020-02,14,cs
2020-03,4,cs
2020-04,4,cs
2020-05,10,cs
2020-06,3,cs
2020-07,4,cs
2020-08,2,cs
2020-09,7,cs
2020-10,7,cs
2020-11,4,cs
2020-12,5,cs
2021-01,8,cs
2021-02,17,cs
2021-03,4,cs
2021-04,3,cs
2021-05,7,cs
2021-06,7,cs
2021-07,5,cs
2021-08,1,cs
2021-09,4,cs
2021-10,3,cs
2021-11,3,cs
2021-12,3,cs
2022-01,7,cs
2022-02,18,cs
2022-03,8,cs
2022-04,7,cs
2022-05,5,cs
2022-06,5,cs
2022-07,4,cs
2022-08,3,cs
2022-09,5,cs
2022-10,11,cs
2022-11,3,cs
2022-12,7,cs
2023-01,6,cs
2023-02,18,cs
2023-03,6,cs
2023-04,7,cs
2023-05,12,cs
2023-06,6,cs
2023-07,12,cs
2023-08,3,cs
2023-09,5,cs
2023-10,4,cs
2023-11,8,cs
2023-12,6,cs
2024-01,15,cs
2024-02,10,cs
2024-03,7,cs
2009-01,2,cs
2009-03,2,cs
2009-05,2,cs
2009-07,1,cs
2009-09,3,cs
2009-11,3,cs
2009-12,1,cs
2010-01,1,cs
2010-03,4,cs
2010-04,1,cs
2010-05,2,cs
2010-06,2,cs
2010-09,3,cs
2010-12,1,cs
2011-01,1,cs
2011-03,1,cs
2011-04,1,cs
2011-05,2,cs
2011-06,4,cs
2011-07,3,cs
2011-09,5,cs
2011-11,1,cs
2011-12,2,cs
2012-02,1,cs
2012-04,2,cs
2012-05,1,cs
2012-06,1,cs
2012-07,3,cs
2012-08,1,cs
2012-10,2,cs
2012-12,4,cs
2013-01,3,cs
2013-02,6,cs
2013-03,1,cs
2013-04,2,cs
2013-05,5,cs
2013-06,3,cs
2013-09,2,cs
2013-11,5,cs
2013-12,3,cs
2014-02,4,cs
2014-03,3,cs
2014-04,4,cs
2014-05,5,cs
2014-06,4,cs
2014-07,4,cs
2014-08,1,cs
2014-09,5,cs
2014-10,3,cs
2014-11,8,cs
2014-12,5,cs
2015-01,3,cs
2015-02,10,cs
2015-03,7,cs
2015-04,6,cs
2015-05,2,cs
2015-06,6,cs
2015-07,6,cs
2015-08,6,cs
2015-09,15,cs
2015-10,23,cs
2015-11,7,cs
2015-12,10,cs
2016-01,11,cs
2016-02,21,cs
2016-03,16,cs
2016-04,14,cs
2016-05,16,cs
2016-06,17,cs
2016-07,14,cs
2016-08,9,cs
2016-09,27,cs
2016-10,20,cs
2016-11,18,cs
2016-12,30,cs
2017-01,4,cs
2017-02,10,cs
2017-03,22,cs
2017-04,12,cs
2017-05,24,cs
2017-06,48,cs
2017-07,28,cs
2017-08,26,cs
2017-09,25,cs
2017-10,30,cs
2017-11,36,cs
2017-12,29,cs
2018-01,16,cs
2018-02,20,cs
2018-03,22,cs
2018-04,36,cs
2018-05,30,cs
2018-06,36,cs
2018-07,36,cs
2018-08,33,cs
2018-09,23,cs
2018-10,42,cs
2018-11,61,cs
2018-12,34,cs
2019-01,25,cs
2019-02,26,cs
2019-03,25,cs
2019-04,63,cs
2019-05,39,cs
2019-06,39,cs
2019-07,36,cs
2019-08,26,cs
2019-09,27,cs
2019-10,50,cs
2019-11,38,cs
2019-12,32,cs
2020-01,33,cs
2020-02,39,cs
2020-03,17,cs
2020-04,14,cs
2020-05,38,cs
2020-06,29,cs
2020-07,28,cs
2020-08,31,cs
2020-09,14,cs
2020-10,140,cs
2020-11,93,cs
2020-12,48,cs
2021-01,36,cs
2021-02,101,cs
2021-03,73,cs
2021-04,101,cs
2021-05,66,cs
2021-06,103,cs
2021-07,88,cs
2021-08,66,cs
2021-09,71,cs
2021-10,137,cs
2021-11,88,cs
2021-12,62,cs
2022-01,62,cs
2022-02,91,cs
2022-03,177,cs
2022-04,132,cs
2022-05,59,cs
2022-06,107,cs
2022-07,99,cs
2022-08,77,cs
2022-09,88,cs
2022-10,150,cs
2022-11,133,cs
2022-12,51,cs
2023-01,47,cs
2023-02,70,cs
2023-03,95,cs
2023-04,58,cs
2023-05,166,cs
2023-06,134,cs
2023-07,91,cs
2023-08,103,cs
2023-09,168,cs
2023-10,121,cs
2023-11,82,cs
2023-12,106,cs
2024-01,92,cs
2024-02,89,cs
2024-03,90,cs
2009-01,4,cs
2009-02,3,cs
2009-03,10,cs
2009-04,10,cs
2009-05,10,cs
2009-06,15,cs
2009-07,7,cs
2009-08,7,cs
2009-09,14,cs
2009-10,6,cs
2009-11,12,cs
2009-12,6,cs
2010-01,27,cs
2010-02,15,cs
2010-03,12,cs
2010-04,14,cs
2010-05,20,cs
2010-06,20,cs
2010-07,15,cs
2010-08,7,cs
2010-09,26,cs
2010-10,13,cs
2010-11,12,cs
2010-12,8,cs
2011-01,11,cs
2011-02,9,cs
2011-03,15,cs
2011-04,6,cs
2011-05,10,cs
2011-06,12,cs
2011-07,14,cs
2011-08,19,cs
2011-09,16,cs
2011-10,14,cs
2011-11,64,cs
2011-12,9,cs
2012-01,23,cs
2012-02,48,cs
2012-03,18,cs
2012-04,19,cs
2012-05,27,cs
2012-06,13,cs
2012-07,31,cs
2012-08,21,cs
2012-09,25,cs
2012-10,38,cs
2012-11,29,cs
2012-12,19,cs
2013-01,22,cs
2013-02,22,cs
2013-03,28,cs
2013-04,26,cs
2013-05,28,cs
2013-06,29,cs
2013-07,17,cs
2013-08,17,cs
2013-09,34,cs
2013-10,22,cs
2013-11,45,cs
2013-12,48,cs
2014-01,55,cs
2014-02,53,cs
2014-03,37,cs
2014-04,66,cs
2014-05,33,cs
2014-06,32,cs
2014-07,44,cs
2014-08,44,cs
2014-09,135,cs
2014-10,26,cs
2014-11,25,cs
2014-12,35,cs
2015-01,20,cs
2015-02,28,cs
2015-03,38,cs
2015-04,39,cs
2015-05,23,cs
2015-06,32,cs
2015-07,43,cs
2015-08,42,cs
2015-09,33,cs
2015-10,21,cs
2015-11,38,cs
2015-12,24,cs
2016-01,23,cs
2016-02,32,cs
2016-03,31,cs
2016-04,23,cs
2016-05,33,cs
2016-06,41,cs
2016-07,24,cs
2016-08,43,cs
2016-09,27,cs
2016-10,31,cs
2016-11,54,cs
2016-12,46,cs
2017-01,39,cs
2017-02,53,cs
2017-03,91,cs
2017-04,64,cs
2017-05,51,cs
2017-06,46,cs
2017-07,47,cs
2017-08,43,cs
2017-09,47,cs
2017-10,38,cs
2017-11,50,cs
2017-12,36,cs
2018-01,55,cs
2018-02,69,cs
2018-03,87,cs
2018-04,45,cs
2018-05,77,cs
2018-06,59,cs
2018-07,94,cs
2018-08,76,cs
2018-09,63,cs
2018-10,53,cs
2018-11,64,cs
2018-12,73,cs
2019-01,75,cs
2019-02,60,cs
2019-03,90,cs
2019-04,93,cs
2019-05,93,cs
2019-06,79,cs
2019-07,88,cs
2019-08,69,cs
2019-09,66,cs
2019-10,71,cs
2019-11,64,cs
2019-12,72,cs
2020-01,68,cs
2020-02,67,cs
2020-03,90,cs
2020-04,112,cs
2020-05,116,cs
2020-06,82,cs
2020-07,110,cs
2020-08,104,cs
2020-09,113,cs
2020-10,92,cs
2020-11,86,cs
2020-12,119,cs
2021-01,107,cs
2021-02,175,cs
2021-03,327,cs
2021-04,155,cs
2021-05,126,cs
2021-06,111,cs
2021-07,129,cs
2021-08,160,cs
2021-09,111,cs
2021-10,116,cs
2021-11,81,cs
2021-12,116,cs
2022-01,122,cs
2022-02,121,cs
2022-03,154,cs
2022-04,162,cs
2022-05,142,cs
2022-06,138,cs
2022-07,98,cs
2022-08,181,cs
2022-09,140,cs
2022-10,95,cs
2022-11,89,cs
2022-12,111,cs
2023-01,123,cs
2023-02,143,cs
2023-03,173,cs
2023-04,134,cs
2023-05,214,cs
2023-06,159,cs
2023-07,188,cs
2023-08,237,cs
2023-09,167,cs
2023-10,185,cs
2023-11,176,cs
2023-12,160,cs
2024-01,244,cs
2024-02,237,cs
2024-03,220,cs
2009-06,1,cs
2010-01,1,cs
2010-07,1,cs
2010-08,4,cs
2010-09,11,cs
2010-10,9,cs
2010-11,11,cs
2010-12,10,cs
2011-01,11,cs
2011-02,18,cs
2011-03,8,cs
2011-04,9,cs
2011-05,14,cs
2011-06,14,cs
2011-07,11,cs
2011-08,12,cs
2011-09,22,cs
2011-10,24,cs
2011-11,31,cs
2011-12,20,cs
2012-01,16,cs
2012-02,28,cs
2012-03,24,cs
2012-04,47,cs
2012-05,28,cs
2012-06,22,cs
2012-07,20,cs
2012-08,18,cs
2012-09,12,cs
2012-10,37,cs
2012-11,27,cs
2012-12,32,cs
2013-01,25,cs
2013-02,27,cs
2013-03,49,cs
2013-04,32,cs
2013-05,30,cs
2013-06,31,cs
2013-07,22,cs
2013-08,41,cs
2013-09,39,cs
2013-10,38,cs
2013-11,34,cs
2013-12,40,cs
2014-01,44,cs
2014-02,50,cs
2014-03,48,cs
2014-04,37,cs
2014-05,41,cs
2014-06,60,cs
2014-07,60,cs
2014-08,31,cs
2014-09,43,cs
2014-10,33,cs
2014-11,51,cs
2014-12,41,cs
2015-01,48,cs
2015-02,45,cs
2015-03,58,cs
2015-04,55,cs
2015-05,40,cs
2015-06,52,cs
2015-07,63,cs
2015-08,51,cs
2015-09,53,cs
2015-10,62,cs
2015-11,52,cs
2015-12,45,cs
2016-01,41,cs
2016-02,62,cs
2016-03,52,cs
2016-04,51,cs
2016-05,58,cs
2016-06,56,cs
2016-07,53,cs
2016-08,56,cs
2016-09,57,cs
2016-10,75,cs
2016-11,66,cs
2016-12,56,cs
2017-01,53,cs
2017-02,65,cs
2017-03,84,cs
2017-04,50,cs
2017-05,71,cs
2017-06,75,cs
2017-07,53,cs
2017-08,42,cs
2017-09,62,cs
2017-10,70,cs
2017-11,57,cs
2017-12,48,cs
2018-01,83,cs
2018-02,85,cs
2018-03,56,cs
2018-04,86,cs
2018-05,80,cs
2018-06,60,cs
2018-07,65,cs
2018-08,47,cs
2018-09,85,cs
2018-10,55,cs
2018-11,75,cs
2018-12,60,cs
2019-01,60,cs
2019-02,73,cs
2019-03,71,cs
2019-04,85,cs
2019-05,81,cs
2019-06,96,cs
2019-07,64,cs
2019-08,94,cs
2019-09,72,cs
2019-10,81,cs
2019-11,76,cs
2019-12,67,cs
2020-01,76,cs
2020-02,81,cs
2020-03,88,cs
2020-04,137,cs
2020-05,100,cs
2020-06,129,cs
2020-07,88,cs
2020-08,120,cs
2020-09,99,cs
2020-10,101,cs
2020-11,97,cs
2020-12,100,cs
2021-01,91,cs
2021-02,93,cs
2021-03,106,cs
2021-04,76,cs
2021-05,98,cs
2021-06,102,cs
2021-07,65,cs
2021-08,65,cs
2021-09,84,cs
2021-10,84,cs
2021-11,91,cs
2021-12,70,cs
2022-01,82,cs
2022-02,75,cs
2022-03,87,cs
2022-04,65,cs
2022-05,62,cs
2022-06,71,cs
2022-07,74,cs
2022-08,76,cs
2022-09,78,cs
2022-10,77,cs
2022-11,82,cs
2022-12,63,cs
2023-01,80,cs
2023-02,59,cs
2023-03,89,cs
2023-04,57,cs
2023-05,76,cs
2023-06,93,cs
2023-07,77,cs
2023-08,75,cs
2023-09,73,cs
2023-10,90,cs
2023-11,79,cs
2023-12,74,cs
2024-01,91,cs
2024-02,96,cs
2024-03,87,cs
2017-09,14,econ
2017-10,17,econ
2017-11,14,econ
2017-12,12,econ
2018-01,27,econ
2018-02,20,econ
2018-03,33,econ
2018-04,20,econ
2018-05,25,econ
2018-06,26,econ
2018-07,30,econ
2018-08,17,econ
2018-09,19,econ
2018-10,21,econ
2018-11,21,econ
2018-12,19,econ
2019-01,9,econ
2019-02,23,econ
2019-03,16,econ
2019-04,25,econ
2019-05,23,econ
2019-06,19,econ
2019-07,27,econ
2019-08,22,econ
2019-09,35,econ
2019-10,26,econ
2019-11,28,econ
2019-12,26,econ
2020-01,13,econ
2020-02,20,econ
2020-03,21,econ
2020-04,33,econ
2020-05,30,econ
2020-06,48,econ
2020-07,31,econ
2020-08,31,econ
2020-09,40,econ
2020-10,42,econ
2020-11,31,econ
2020-12,39,econ
2021-01,29,econ
2021-02,45,econ
2021-03,38,econ
2021-04,21,econ
2021-05,25,econ
2021-06,22,econ
2021-07,27,econ
2021-08,24,econ
2021-09,36,econ
2021-10,33,econ
2021-11,36,econ
2021-12,31,econ
2022-01,33,econ
2022-02,30,econ
2022-03,23,econ
2022-04,32,econ
2022-05,39,econ
2022-06,34,econ
2022-07,26,econ
2022-08,26,econ
2022-09,35,econ
2022-10,36,econ
2022-11,42,econ
2022-12,34,econ
2023-01,43,econ
2023-02,36,econ
2023-03,25,econ
2023-04,23,econ
2023-05,33,econ
2023-06,37,econ
2023-07,44,econ
2023-08,44,econ
2023-09,33,econ
2023-10,37,econ
2023-11,39,econ
2023-12,35,econ
2024-01,37,econ
2024-02,46,econ
2024-03,43,econ
2014-10,1,econ
2014-12,1,econ
2015-06,1,econ
2015-11,1,econ
2016-04,1,econ
2016-05,1,econ
2017-05,1,econ
2017-08,1,econ
2017-09,1,econ
2018-05,11,econ
2018-06,5,econ
2018-07,11,econ
2018-08,12,econ
2018-09,15,econ
2018-10,26,econ
2018-11,15,econ
2018-12,20,econ
2019-01,20,econ
2019-02,20,econ
2019-03,25,econ
2019-04,19,econ
2019-05,16,econ
2019-06,12,econ
2019-07,19,econ
2019-08,27,econ
2019-09,25,econ
2019-10,24,econ
2019-11,10,econ
2019-12,22,econ
2020-01,41,econ
2020-02,15,econ
2020-03,23,econ
2020-04,26,econ
2020-05,31,econ
2020-06,33,econ
2020-07,41,econ
2020-08,22,econ
2020-09,27,econ
2020-10,57,econ
2020-11,57,econ
2020-12,73,econ
2021-01,59,econ
2021-02,78,econ
2021-03,65,econ
2021-04,77,econ
2021-05,65,econ
2021-06,57,econ
2021-07,59,econ
2021-08,45,econ
2021-09,46,econ
2021-10,35,econ
2021-11,52,econ
2021-12,49,econ
2022-01,48,econ
2022-02,58,econ
2022-03,41,econ
2022-04,41,econ
2022-05,51,econ
2022-06,69,econ
2022-07,36,econ
2022-08,39,econ
2022-09,61,econ
2022-10,42,econ
2022-11,47,econ
2022-12,56,econ
2023-01,50,econ
2023-02,53,econ
2023-03,58,econ
2023-04,56,econ
2023-05,60,econ
2023-06,55,econ
2023-07,40,econ
2023-08,58,econ
2023-09,47,econ
2023-10,65,econ
2023-11,57,econ
2023-12,57,econ
2024-01,102,econ
2024-02,64,econ
2024-03,58,econ
2017-09,1,econ
2017-12,1,econ
2018-01,1,econ
2018-07,5,econ
2018-08,8,econ
2018-09,9,econ
2018-10,8,econ
2018-11,14,econ
2018-12,15,econ
2019-01,8,econ
2019-02,4,econ
2019-03,8,econ
2019-04,11,econ
2019-05,18,econ
2019-06,10,econ
2019-07,17,econ
2019-08,12,econ
2019-09,13,econ
2019-10,18,econ
2019-11,18,econ
2019-12,12,econ
2020-01,9,econ
2020-02,13,econ
2020-03,8,econ
2020-04,18,econ
2020-05,25,econ
2020-06,30,econ
2020-07,25,econ
2020-08,23,econ
2020-09,17,econ
2020-10,17,econ
2020-11,22,econ
2020-12,26,econ
2021-01,13,econ
2021-02,32,econ
2021-03,28,econ
2021-04,19,econ
2021-05,34,econ
2021-06,25,econ
2021-07,30,econ
2021-08,28,econ
2021-09,27,econ
2021-10,26,econ
2021-11,19,econ
2021-12,26,econ
2022-01,18,econ
2022-02,35,econ
2022-03,23,econ
2022-04,21,econ
2022-05,41,econ
2022-06,26,econ
2022-07,22,econ
2022-08,38,econ
2022-09,23,econ
2022-10,25,econ
2022-11,17,econ
2022-12,27,econ
2023-01,31,econ
2023-02,29,econ
2023-03,43,econ
2023-04,40,econ
2023-05,38,econ
2023-06,12,econ
2023-07,23,econ
2023-08,25,econ
2023-09,24,econ
2023-10,34,econ
2023-11,29,econ
2023-12,26,econ
2024-01,37,econ
2024-02,39,econ
2024-03,37,econ
2017-02,1,eess
2017-04,1,eess
2017-05,1,eess
2017-06,1,eess
2017-08,2,eess
2017-09,3,eess
2017-10,15,eess
2017-11,14,eess
2017-12,12,eess
2018-01,5,eess
2018-02,12,eess
2018-03,21,eess
2018-04,29,eess
2018-05,17,eess
2018-06,18,eess
2018-07,24,eess
2018-08,17,eess
2018-09,16,eess
2018-10,38,eess
2018-11,59,eess
2018-12,25,eess
2019-01,12,eess
2019-02,20,eess
2019-03,24,eess
2019-04,52,eess
2019-05,34,eess
2019-06,52,eess
2019-07,58,eess
2019-08,30,eess
2019-09,44,eess
2019-10,95,eess
2019-11,62,eess
2019-12,44,eess
2020-01,53,eess
2020-02,85,eess
2020-03,77,eess
2020-04,92,eess
2020-05,186,eess
2020-06,118,eess
2020-07,115,eess
2020-08,203,eess
2020-09,77,eess
2020-10,124,eess
2020-11,108,eess
2020-12,51,eess
2021-01,33,eess
2021-02,82,eess
2021-03,72,eess
2021-04,111,eess
2021-05,52,eess
2021-06,117,eess
2021-07,89,eess
2021-08,57,eess
2021-09,65,eess
2021-10,166,eess
2021-11,67,eess
2021-12,45,eess
2022-01,55,eess
2022-02,93,eess
2022-03,128,eess
2022-04,112,eess
2022-05,72,eess
2022-06,115,eess
2022-07,80,eess
2022-08,36,eess
2022-09,63,eess
2022-10,137,eess
2022-11,154,eess
2022-12,64,eess
2023-01,32,eess
2023-02,66,eess
2023-03,101,eess
2023-04,48,eess
2023-05,149,eess
2023-06,158,eess
2023-07,87,eess
2023-08,75,eess
2023-09,199,eess
2023-10,110,eess
2023-11,68,eess
2023-12,77,eess
2024-01,116,eess
2024-02,88,eess
2024-03,70,eess
2017-09,9,eess
2017-10,13,eess
2017-11,12,eess
2017-12,14,eess
2018-01,22,eess
2018-02,33,eess
2018-03,33,eess
2018-04,21,eess
2018-05,20,eess
2018-06,37,eess
2018-07,33,eess
2018-08,27,eess
2018-09,18,eess
2018-10,48,eess
2018-11,46,eess
2018-12,39,eess
2019-01,46,eess
2019-02,38,eess
2019-03,43,eess
2019-04,66,eess
2019-05,116,eess
2019-06,144,eess
2019-07,214,eess
2019-08,217,eess
2019-09,199,eess
2019-10,207,eess
2019-11,197,eess
2019-12,180,eess
2020-01,146,eess
2020-02,183,eess
2020-03,203,eess
2020-04,256,eess
2020-05,216,eess
2020-06,220,eess
2020-07,231,eess
2020-08,241,eess
2020-09,237,eess
2020-10,220,eess
2020-11,199,eess
2020-12,219,eess
2021-01,186,eess
2021-02,165,eess
2021-03,237,eess
2021-04,185,eess
2021-05,210,eess
2021-06,208,eess
2021-07,220,eess
2021-08,196,eess
2021-09,230,eess
2021-10,213,eess
2021-11,220,eess
2021-12,196,eess
2022-01,226,eess
2022-02,225,eess
2022-03,321,eess
2022-04,210,eess
2022-05,191,eess
2022-06,252,eess
2022-07,233,eess
2022-08,218,eess
2022-09,227,eess
2022-10,211,eess
2022-11,253,eess
2022-12,139,eess
2023-01,157,eess
2023-02,171,eess
2023-03,295,eess
2023-04,223,eess
2023-05,219,eess
2023-06,228,eess
2023-07,235,eess
2023-08,298,eess
2023-09,221,eess
2023-10,243,eess
2023-11,269,eess
2023-12,224,eess
2024-01,202,eess
2024-02,237,eess
2024-03,315,eess
2013-08,2,eess
2014-10,1,eess
2015-06,1,eess
2016-05,1,eess
2017-05,1,eess
2017-08,1,eess
2017-09,35,eess
2017-10,102,eess
2017-11,116,eess
2017-12,66,eess
2018-01,106,eess
2018-02,126,eess
2018-03,146,eess
2018-04,122,eess
2018-05,116,eess
2018-06,136,eess
2018-07,178,eess
2018-08,128,eess
2018-09,105,eess
2018-10,175,eess
2018-11,160,eess
2018-12,151,eess
2019-01,138,eess
2019-02,149,eess
2019-03,181,eess
2019-04,152,eess
2019-05,220,eess
2019-06,188,eess
2019-07,234,eess
2019-08,183,eess
2019-09,167,eess
2019-10,203,eess
2019-11,190,eess
2019-12,209,eess
2020-01,206,eess
2020-02,266,eess
2020-03,275,eess
2020-04,254,eess
2020-05,251,eess
2020-06,295,eess
2020-07,278,eess
2020-08,250,eess
2020-09,267,eess
2020-10,225,eess
2020-11,208,eess
2020-12,183,eess
2021-01,153,eess
2021-02,164,eess
2021-03,200,eess
2021-04,162,eess
2021-05,162,eess
2021-06,209,eess
2021-07,173,eess
2021-08,182,eess
2021-09,183,eess
2021-10,209,eess
2021-11,187,eess
2021-12,144,eess
2022-01,163,eess
2022-02,185,eess
2022-03,230,eess
2022-04,172,eess
2022-05,199,eess
2022-06,191,eess
2022-07,140,eess
2022-08,197,eess
2022-09,204,eess
2022-10,220,eess
2022-11,247,eess
2022-12,172,eess
2023-01,187,eess
2023-02,208,eess
2023-03,196,eess
2023-04,180,eess
2023-05,224,eess
2023-06,215,eess
2023-07,197,eess
2023-08,218,eess
2023-09,242,eess
2023-10,200,eess
2023-11,190,eess
2023-12,214,eess
2024-01,260,eess
2024-02,253,eess
2024-03,245,eess
2010-10,1,eess
2015-02,2,eess
2015-03,1,eess
2015-12,1,eess
2016-10,2,eess
2017-03,1,eess
2017-09,1,eess
2017-10,1,eess
2017-11,2,eess
2018-03,2,eess
2018-04,1,eess
2018-05,1,eess
2018-07,1,eess
2018-08,3,eess
2018-09,3,eess
2018-11,2,eess
2018-12,3,eess
2019-01,5,eess
2019-02,5,eess
2019-03,5,eess
2019-04,1,eess
2019-05,5,eess
2019-06,79,eess
2019-07,130,eess
2019-08,120,eess
2019-09,189,eess
2019-10,195,eess
2019-11,194,eess
2019-12,163,eess
2020-01,158,eess
2020-02,145,eess
2020-03,262,eess
2020-04,250,eess
2020-05,216,eess
2020-06,224,eess
2020-07,175,eess
2020-08,180,eess
2020-09,229,eess
2020-10,204,eess
2020-11,242,eess
2020-12,196,eess
2021-01,186,eess
2021-02,197,eess
2021-03,308,eess
2021-04,232,eess
2021-05,180,eess
2021-06,193,eess
2021-07,170,eess
2021-08,175,eess
2021-09,204,eess
2021-10,242,eess
2021-11,217,eess
2021-12,187,eess
2022-01,157,eess
2022-02,188,eess
2022-03,286,eess
2022-04,230,eess
2022-05,192,eess
2022-06,201,eess
2022-07,237,eess
2022-08,209,eess
2022-09,250,eess
2022-10,229,eess
2022-11,249,eess
2022-12,230,eess
2023-01,194,eess
2023-02,172,eess
2023-03,273,eess
2023-04,325,eess
2023-05,258,eess
2023-06,180,eess
2023-07,205,eess
2023-08,208,eess
2023-09,298,eess
2023-10,325,eess
2023-11,325,eess
2023-12,245,eess
2024-01,244,eess
2024-02,234,eess
2024-03,367,eess
2009-01,115,math
2009-02,134,math
2009-03,138,math
2009-04,130,math
2009-05,112,math
2009-06,120,math
2009-07,110,math
2009-08,101,math
2009-09,124,math
2009-10,116,math
2009-11,131,math
2009-12,114,math
2010-01,133,math
2010-02,111,math
2010-03,139,math
2010-04,139,math
2010-05,106,math
2010-06,129,math
2010-07,143,math
2010-08,125,math
2010-09,135,math
2010-10,133,math
2010-11,128,math
2010-12,140,math
2011-01,146,math
2011-02,135,math
2011-03,139,math
2011-04,150,math
2011-05,133,math
2011-06,137,math
2011-07,119,math
2011-08,116,math
2011-09,159,math
2011-10,164,math
2011-11,184,math
2011-12,174,math
2012-01,150,math
2012-02,150,math
2012-03,148,math
2012-04,147,math
2012-05,172,math
2012-06,153,math
2012-07,168,math
2012-08,166,math
2012-09,170,math
2012-10,187,math
2012-11,188,math
2012-12,169,math
2013-01,152,math
2013-02,165,math
2013-03,149,math
2013-04,153,math
2013-05,139,math
2013-06,152,math
2013-07,165,math
2013-08,98,math
2013-09,135,math
2013-10,128,math
2013-11,144,math
2013-12,164,math
2014-01,129,math
2014-02,161,math
2014-03,171,math
2014-04,126,math
2014-05,143,math
2014-06,119,math
2014-07,130,math
2014-08,91,math
2014-09,132,math
2014-10,134,math
2014-11,147,math
2014-12,142,math
2015-01,136,math
2015-02,133,math
2015-03,136,math
2015-04,128,math
2015-05,132,math
2015-06,141,math
2015-07,130,math
2015-08,123,math
2015-09,142,math
2015-10,129,math
2015-11,133,math
2015-12,139,math
2016-01,124,math
2016-02,134,math
2016-03,133,math
2016-04,112,math
2016-05,123,math
2016-06,99,math
2016-07,102,math
2016-08,135,math
2016-09,139,math
2016-10,124,math
2016-11,137,math
2016-12,117,math
2017-01,123,math
2017-02,110,math
2017-03,134,math
2017-04,98,math
2017-05,149,math
2017-06,112,math
2017-07,88,math
2017-08,107,math
2017-09,124,math
2017-10,134,math
2017-11,142,math
2017-12,138,math
2018-01,113,math
2018-02,88,math
2018-03,117,math
2018-04,108,math
2018-05,125,math
2018-06,100,math
2018-07,113,math
2018-08,109,math
2018-09,98,math
2018-10,134,math
2018-11,129,math
2018-12,152,math
2019-01,101,math
2019-02,108,math
2019-03,132,math
2019-04,135,math
2019-05,113,math
2019-06,112,math
2019-07,136,math
2019-08,107,math
2019-09,122,math
2019-10,160,math
2019-11,112,math
2019-12,136,math
2020-01,95,math
2020-02,99,math
2020-03,145,math
2020-04,119,math
2020-05,103,math
2020-06,143,math
2020-07,133,math
2020-08,127,math
2020-09,124,math
2020-10,96,math
2020-11,93,math
2020-12,106,math
2021-01,86,math
2021-02,77,math
2021-03,84,math
2021-04,94,math
2021-05,86,math
2021-06,103,math
2021-07,91,math
2021-08,112,math
2021-09,89,math
2021-10,86,math
2021-11,96,math
2021-12,96,math
2022-01,98,math
2022-02,92,math
2022-03,110,math
2022-04,86,math
2022-05,101,math
2022-06,97,math
2022-07,88,math
2022-08,99,math
2022-09,84,math
2022-10,106,math
2022-11,115,math
2022-12,105,math
2023-01,92,math
2023-02,74,math
2023-03,94,math
2023-04,94,math
2023-05,108,math
2023-06,113,math
2023-07,99,math
2023-08,104,math
2023-09,88,math
2023-10,115,math
2023-11,96,math
2023-12,119,math
2024-01,110,math
2024-02,89,math
2024-03,117,math
2009-01,32,math
2009-02,23,math
2009-03,30,math
2009-04,25,math
2009-05,14,math
2009-06,25,math
2009-07,17,math
2009-08,17,math
2009-09,18,math
2009-10,21,math
2009-11,29,math
2009-12,22,math
2010-01,30,math
2010-02,18,math
2010-03,37,math
2010-04,25,math
2010-05,24,math
2010-06,27,math
2010-07,15,math
2010-08,28,math
2010-09,31,math
2010-10,28,math
2010-11,21,math
2010-12,24,math
2011-01,25,math
2011-02,17,math
2011-03,20,math
2011-04,21,math
2011-05,25,math
2011-06,33,math
2011-07,30,math
2011-08,21,math
2011-09,38,math
2011-10,42,math
2011-11,19,math
2011-12,30,math
2012-01,27,math
2012-02,26,math
2012-03,40,math
2012-04,24,math
2012-05,30,math
2012-06,28,math
2012-07,27,math
2012-08,34,math
2012-09,26,math
2012-10,36,math
2012-11,44,math
2012-12,26,math
2013-01,43,math
2013-02,39,math
2013-03,29,math
2013-04,43,math
2013-05,35,math
2013-06,25,math
2013-07,40,math
2013-08,39,math
2013-09,38,math
2013-10,36,math
2013-11,24,math
2013-12,37,math
2014-01,38,math
2014-02,24,math
2014-03,34,math
2014-04,50,math
2014-05,31,math
2014-06,23,math
2014-07,33,math
2014-08,35,math
2014-09,46,math
2014-10,29,math
2014-11,22,math
2014-12,27,math
2015-01,34,math
2015-02,23,math
2015-03,44,math
2015-04,32,math
2015-05,27,math
2015-06,36,math
2015-07,37,math
2015-08,43,math
2015-09,31,math
2015-10,31,math
2015-11,32,math
2015-12,49,math
2016-01,53,math
2016-02,43,math
2016-03,32,math
2016-04,37,math
2016-05,26,math
2016-06,30,math
2016-07,32,math
2016-08,33,math
2016-09,43,math
2016-10,46,math
2016-11,42,math
2016-12,36,math
2017-01,48,math
2017-02,34,math
2017-03,45,math
2017-04,26,math
2017-05,52,math
2017-06,38,math
2017-07,40,math
2017-08,45,math
2017-09,39,math
2017-10,47,math
2017-11,37,math
2017-12,43,math
2018-01,41,math
2018-02,48,math
2018-03,49,math
2018-04,36,math
2018-05,40,math
2018-06,47,math
2018-07,40,math
2018-08,34,math
2018-09,39,math
2018-10,44,math
2018-11,33,math
2018-12,37,math
2019-01,42,math
2019-02,26,math
2019-03,43,math
2019-04,42,math
2019-05,40,math
2019-06,42,math
2019-07,61,math
2019-08,30,math
2019-09,41,math
2019-10,42,math
2019-11,36,math
2019-12,35,math
2020-01,30,math
2020-02,45,math
2020-03,37,math
2020-04,29,math
2020-05,47,math
2020-06,36,math
2020-07,42,math
2020-08,28,math
2020-09,45,math
2020-10,37,math
2020-11,39,math
2020-12,37,math
2021-01,56,math
2021-02,37,math
2021-03,34,math
2021-04,45,math
2021-05,43,math
2021-06,58,math
2021-07,52,math
2021-08,42,math
2021-09,41,math
2021-10,24,math
2021-11,42,math
2021-12,55,math
2022-01,34,math
2022-02,41,math
2022-03,50,math
2022-04,29,math
2022-05,40,math
2022-06,32,math
2022-07,45,math
2022-08,50,math
2022-09,44,math
2022-10,45,math
2022-11,32,math
2022-12,50,math
2023-01,41,math
2023-02,43,math
2023-03,45,math
2023-04,41,math
2023-05,53,math
2023-06,48,math
2023-07,45,math
2023-08,62,math
2023-09,52,math
2023-10,46,math
2023-11,55,math
2023-12,43,math
2024-01,48,math
2024-02,37,math
2024-03,53,math
2009-01,78,math
2009-02,105,math
2009-03,105,math
2009-04,116,math
2009-05,110,math
2009-06,102,math
2009-07,103,math
2009-08,67,math
2009-09,118,math
2009-10,117,math
2009-11,98,math
2009-12,89,math
2010-01,106,math
2010-02,93,math
2010-03,131,math
2010-04,97,math
2010-05,123,math
2010-06,111,math
2010-07,99,math
2010-08,70,math
2010-09,130,math
2010-10,117,math
2010-11,147,math
2010-12,120,math
2011-01,103,math
2011-02,105,math
2011-03,141,math
2011-04,104,math
2011-05,112,math
2011-06,115,math
2011-07,114,math
2011-08,105,math
2011-09,107,math
2011-10,133,math
2011-11,148,math
2011-12,104,math
2012-01,136,math
2012-02,125,math
2012-03,134,math
2012-04,110,math
2012-05,110,math
2012-06,110,math
2012-07,114,math
2012-08,93,math
2012-09,127,math
2012-10,145,math
2012-11,131,math
2012-12,122,math
2013-01,127,math
2013-02,125,math
2013-03,147,math
2013-04,146,math
2013-05,124,math
2013-06,108,math
2013-07,151,math
2013-08,119,math
2013-09,131,math
2013-10,172,math
2013-11,135,math
2013-12,125,math
2014-01,137,math
2014-02,96,math
2014-03,135,math
2014-04,128,math
2014-05,134,math
2014-06,109,math
2014-07,142,math
2014-08,109,math
2014-09,171,math
2014-10,161,math
2014-11,151,math
2014-12,134,math
2015-01,127,math
2015-02,124,math
2015-03,153,math
2015-04,133,math
2015-05,135,math
2015-06,135,math
2015-07,156,math
2015-08,123,math
2015-09,144,math
2015-10,148,math
2015-11,153,math
2015-12,151,math
2016-01,138,math
2016-02,146,math
2016-03,152,math
2016-04,155,math
2016-05,137,math
2016-06,150,math
2016-07,139,math
2016-08,129,math
2016-09,172,math
2016-10,131,math
2016-11,173,math
2016-12,161,math
2017-01,167,math
2017-02,124,math
2017-03,209,math
2017-04,134,math
2017-05,164,math
2017-06,173,math
2017-07,151,math
2017-08,165,math
2017-09,153,math
2017-10,166,math
2017-11,164,math
2017-12,151,math
2018-01,147,math
2018-02,154,math
2018-03,159,math
2018-04,168,math
2018-05,166,math
2018-06,139,math
2018-07,171,math
2018-08,150,math
2018-09,176,math
2018-10,194,math
2018-11,147,math
2018-12,175,math
2019-01,152,math
2019-02,159,math
2019-03,167,math
2019-04,169,math
2019-05,171,math
2019-06,154,math
2019-07,174,math
2019-08,146,math
2019-09,184,math
2019-10,195,math
2019-11,166,math
2019-12,189,math
2020-01,145,math
2020-02,184,math
2020-03,181,math
2020-04,168,math
2020-05,158,math
2020-06,177,math
2020-07,196,math
2020-08,139,math
2020-09,161,math
2020-10,170,math
2020-11,161,math
2020-12,198,math
2021-01,165,math
2021-02,139,math
2021-03,190,math
2021-04,123,math
2021-05,169,math
2021-06,153,math
2021-07,180,math
2021-08,182,math
2021-09,146,math
2021-10,148,math
2021-11,172,math
2021-12,200,math
2022-01,161,math
2022-02,154,math
2022-03,155,math
2022-04,146,math
2022-05,147,math
2022-06,153,math
2022-07,174,math
2022-08,194,math
2022-09,170,math
2022-10,182,math
2022-11,177,math
2022-12,164,math
2023-01,162,math
2023-02,172,math
2023-03,210,math
2023-04,150,math
2023-05,180,math
2023-06,189,math
2023-07,163,math
2023-08,170,math
2023-09,176,math
2023-10,191,math
2023-11,169,math
2023-12,198,math
2024-01,196,math
2024-02,164,math
2024-03,195,math
2009-01,83,math
2009-02,92,math
2009-03,80,math
2009-04,111,math
2009-05,69,math
2009-06,102,math
2009-07,89,math
2009-08,77,math
2009-09,82,math
2009-10,139,math
2009-11,93,math
2009-12,85,math
2010-01,82,math
2010-02,88,math
2010-03,119,math
2010-04,92,math
2010-05,99,math
2010-06,96,math
2010-07,108,math
2010-08,96,math
2010-09,143,math
2010-10,133,math
2010-11,124,math
2010-12,114,math
2011-01,105,math
2011-02,116,math
2011-03,138,math
2011-04,110,math
2011-05,152,math
2011-06,95,math
2011-07,126,math
2011-08,99,math
2011-09,139,math
2011-10,141,math
2011-11,149,math
2011-12,140,math
2012-01,137,math
2012-02,146,math
2012-03,153,math
2012-04,137,math
2012-05,153,math
2012-06,151,math
2012-07,139,math
2012-08,113,math
2012-09,145,math
2012-10,216,math
2012-11,183,math
2012-12,176,math
2013-01,171,math
2013-02,186,math
2013-03,174,math
2013-04,166,math
2013-05,175,math
2013-06,148,math
2013-07,178,math
2013-08,133,math
2013-09,209,math
2013-10,236,math
2013-11,210,math
2013-12,199,math
2014-01,184,math
2014-02,192,math
2014-03,217,math
2014-04,178,math
2014-05,194,math
2014-06,183,math
2014-07,228,math
2014-08,169,math
2014-09,223,math
2014-10,216,math
2014-11,240,math
2014-12,216,math
2015-01,206,math
2015-02,222,math
2015-03,253,math
2015-04,233,math
2015-05,218,math
2015-06,252,math
2015-07,219,math
2015-08,214,math
2015-09,279,math
2015-10,249,math
2015-11,241,math
2015-12,238,math
2016-01,212,math
2016-02,228,math
2016-03,246,math
2016-04,229,math
2016-05,246,math
2016-06,233,math
2016-07,217,math
2016-08,195,math
2016-09,239,math
2016-10,277,math
2016-11,224,math
2016-12,248,math
2017-01,212,math
2017-02,251,math
2017-03,301,math
2017-04,223,math
2017-05,286,math
2017-06,268,math
2017-07,263,math
2017-08,219,math
2017-09,291,math
2017-10,312,math
2017-11,279,math
2017-12,271,math
2018-01,289,math
2018-02,252,math
2018-03,290,math
2018-04,272,math
2018-05,300,math
2018-06,283,math
2018-07,285,math
2018-08,246,math
2018-09,269,math
2018-10,353,math
2018-11,323,math
2018-12,296,math
2019-01,306,math
2019-02,287,math
2019-03,344,math
2019-04,305,math
2019-05,323,math
2019-06,285,math
2019-07,305,math
2019-08,247,math
2019-09,274,math
2019-10,341,math
2019-11,300,math
2019-12,331,math
2020-01,300,math
2020-02,276,math
2020-03,353,math
2020-04,360,math
2020-05,351,math
2020-06,385,math
2020-07,348,math
2020-08,293,math
2020-09,323,math
2020-10,337,math
2020-11,322,math
2020-12,331,math
2021-01,263,math
2021-02,284,math
2021-03,378,math
2021-04,319,math
2021-05,302,math
2021-06,332,math
2021-07,349,math
2021-08,282,math
2021-09,340,math
2021-10,305,math
2021-11,338,math
2021-12,364,math
2022-01,335,math
2022-02,299,math
2022-03,388,math
2022-04,331,math
2022-05,316,math
2022-06,309,math
2022-07,327,math
2022-08,298,math
2022-09,304,math
2022-10,371,math
2022-11,324,math
2022-12,308,math
2023-01,311,math
2023-02,284,math
2023-03,356,math
2023-04,326,math
2023-05,380,math
2023-06,345,math
2023-07,316,math
2023-08,341,math
2023-09,342,math
2023-10,405,math
2023-11,372,math
2023-12,312,math
2024-01,389,math
2024-02,371,math
2024-03,345,math
2009-01,23,math
2009-02,32,math
2009-03,59,math
2009-04,31,math
2009-05,27,math
2009-06,18,math
2009-07,13,math
2009-08,29,math
2009-09,29,math
2009-10,25,math
2009-11,27,math
2009-12,27,math
2010-01,22,math
2010-02,31,math
2010-03,15,math
2010-04,24,math
2010-05,23,math
2010-06,22,math
2010-07,23,math
2010-08,21,math
2010-09,24,math
2010-10,20,math
2010-11,32,math
2010-12,33,math
2011-01,34,math
2011-02,34,math
2011-03,22,math
2011-04,29,math
2011-05,26,math
2011-06,24,math
2011-07,25,math
2011-08,27,math
2011-09,28,math
2011-10,40,math
2011-11,32,math
2011-12,28,math
2012-01,23,math
2012-02,29,math
2012-03,30,math
2012-04,28,math
2012-05,26,math
2012-06,32,math
2012-07,31,math
2012-08,25,math
2012-09,31,math
2012-10,39,math
2012-11,26,math
2012-12,29,math
2013-01,24,math
2013-02,27,math
2013-03,26,math
2013-04,40,math
2013-05,36,math
2013-06,20,math
2013-07,34,math
2013-08,36,math
2013-09,29,math
2013-10,29,math
2013-11,32,math
2013-12,43,math
2014-01,30,math
2014-02,21,math
2014-03,49,math
2014-04,40,math
2014-05,22,math
2014-06,38,math
2014-07,27,math
2014-08,22,math
2014-09,46,math
2014-10,45,math
2014-11,36,math
2014-12,41,math
2015-01,40,math
2015-02,47,math
2015-03,43,math
2015-04,23,math
2015-05,32,math
2015-06,40,math
2015-07,41,math
2015-08,30,math
2015-09,37,math
2015-10,40,math
2015-11,43,math
2015-12,29,math
2016-01,30,math
2016-02,41,math
2016-03,41,math
2016-04,32,math
2016-05,30,math
2016-06,27,math
2016-07,36,math
2016-08,44,math
2016-09,43,math
2016-10,42,math
2016-11,26,math
2016-12,57,math
2017-01,33,math
2017-02,43,math
2017-03,53,math
2017-04,36,math
2017-05,44,math
2017-06,40,math
2017-07,44,math
2017-08,56,math
2017-09,43,math
2017-10,52,math
2017-11,51,math
2017-12,39,math
2018-01,55,math
2018-02,41,math
2018-03,30,math
2018-04,30,math
2018-05,45,math
2018-06,25,math
2018-07,49,math
2018-08,43,math
2018-09,51,math
2018-10,63,math
2018-11,47,math
2018-12,33,math
2019-01,38,math
2019-02,46,math
2019-03,44,math
2019-04,47,math
2019-05,58,math
2019-06,32,math
2019-07,52,math
2019-08,42,math
2019-09,47,math
2019-10,48,math
2019-11,49,math
2019-12,54,math
2020-01,64,math
2020-02,47,math
2020-03,40,math
2020-04,39,math
2020-05,46,math
2020-06,59,math
2020-07,56,math
2020-08,44,math
2020-09,33,math
2020-10,40,math
2020-11,51,math
2020-12,51,math
2021-01,24,math
2021-02,25,math
2021-03,50,math
2021-04,40,math
2021-05,45,math
2021-06,56,math
2021-07,49,math
2021-08,42,math
2021-09,47,math
2021-10,44,math
2021-11,43,math
2021-12,42,math
2022-01,42,math
2022-02,36,math
2022-03,57,math
2022-04,37,math
2022-05,41,math
2022-06,42,math
2022-07,44,math
2022-08,50,math
2022-09,48,math
2022-10,61,math
2022-11,49,math
2022-12,42,math
2023-01,47,math
2023-02,47,math
2023-03,51,math
2023-04,38,math
2023-05,59,math
2023-06,52,math
2023-07,41,math
2023-08,50,math
2023-09,43,math
2023-10,64,math
2023-11,52,math
2023-12,55,math
2024-01,39,math
2024-02,52,math
2024-03,45,math
2009-01,32,math
2009-02,43,math
2009-03,54,math
2009-04,35,math
2009-05,33,math
2009-06,37,math
2009-07,29,math
2009-08,15,math
2009-09,39,math
2009-10,26,math
2009-11,47,math
2009-12,29,math
2010-01,48,math
2010-02,38,math
2010-03,51,math
2010-04,31,math
2010-05,53,math
2010-06,40,math
2010-07,29,math
2010-08,33,math
2010-09,60,math
2010-10,55,math
2010-11,65,math
2010-12,43,math
2011-01,46,math
2011-02,33,math
2011-03,54,math
2011-04,53,math
2011-05,64,math
2011-06,37,math
2011-07,44,math
2011-08,57,math
2011-09,48,math
2011-10,68,math
2011-11,44,math
2011-12,52,math
2012-01,65,math
2012-02,59,math
2012-03,60,math
2012-04,62,math
2012-05,68,math
2012-06,45,math
2012-07,63,math
2012-08,40,math
2012-09,49,math
2012-10,78,math
2012-11,57,math
2012-12,64,math
2013-01,67,math
2013-02,55,math
2013-03,71,math
2013-04,80,math
2013-05,58,math
2013-06,52,math
2013-07,95,math
2013-08,52,math
2013-09,64,math
2013-10,78,math
2013-11,57,math
2013-12,71,math
2014-01,70,math
2014-02,51,math
2014-03,70,math
2014-04,69,math
2014-05,60,math
2014-06,71,math
2014-07,74,math
2014-08,67,math
2014-09,74,math
2014-10,96,math
2014-11,61,math
2014-12,44,math
2015-01,66,math
2015-02,79,math
2015-03,99,math
2015-04,85,math
2015-05,103,math
2015-06,89,math
2015-07,83,math
2015-08,91,math
2015-09,103,math
2015-10,93,math
2015-11,76,math
2015-12,91,math
2016-01,83,math
2016-02,107,math
2016-03,101,math
2016-04,83,math
2016-05,87,math
2016-06,83,math
2016-07,97,math
2016-08,60,math
2016-09,103,math
2016-10,82,math
2016-11,72,math
2016-12,97,math
2017-01,92,math
2017-02,87,math
2017-03,102,math
2017-04,85,math
2017-05,110,math
2017-06,89,math
2017-07,76,math
2017-08,84,math
2017-09,72,math
2017-10,106,math
2017-11,79,math
2017-12,101,math
2018-01,101,math
2018-02,66,math
2018-03,94,math
2018-04,89,math
2018-05,76,math
2018-06,68,math
2018-07,69,math
2018-08,82,math
2018-09,70,math
2018-10,86,math
2018-11,81,math
2018-12,82,math
2019-01,120,math
2019-02,63,math
2019-03,77,math
2019-04,83,math
2019-05,92,math
2019-06,63,math
2019-07,101,math
2019-08,66,math
2019-09,76,math
2019-10,88,math
2019-11,64,math
2019-12,91,math
2020-01,80,math
2020-02,80,math
2020-03,76,math
2020-04,70,math
2020-05,90,math
2020-06,111,math
2020-07,73,math
2020-08,65,math
2020-09,86,math
2020-10,64,math
2020-11,75,math
2020-12,82,math
2021-01,71,math
2021-02,51,math
2021-03,53,math
2021-04,74,math
2021-05,62,math
2021-06,69,math
2021-07,75,math
2021-08,58,math
2021-09,69,math
2021-10,66,math
2021-11,65,math
2021-12,71,math
2022-01,57,math
2022-02,67,math
2022-03,81,math
2022-04,72,math
2022-05,66,math
2022-06,58,math
2022-07,55,math
2022-08,64,math
2022-09,67,math
2022-10,97,math
2022-11,66,math
2022-12,56,math
2023-01,50,math
2023-02,69,math
2023-03,63,math
2023-04,56,math
2023-05,74,math
2023-06,68,math
2023-07,84,math
2023-08,64,math
2023-09,77,math
2023-10,55,math
2023-11,73,math
2023-12,70,math
2024-01,67,math
2024-02,89,math
2024-03,58,math
2009-01,65,math
2009-02,70,math
2009-03,93,math
2009-04,72,math
2009-05,104,math
2009-06,120,math
2009-07,95,math
2009-08,82,math
2009-09,122,math
2009-10,96,math
2009-11,102,math
2009-12,84,math
2010-01,75,math
2010-02,108,math
2010-03,92,math
2010-04,88,math
2010-05,103,math
2010-06,108,math
2010-07,108,math
2010-08,104,math
2010-09,128,math
2010-10,128,math
2010-11,132,math
2010-12,103,math
2011-01,136,math
2011-02,117,math
2011-03,134,math
2011-04,113,math
2011-05,127,math
2011-06,143,math
2011-07,121,math
2011-08,135,math
2011-09,145,math
2011-10,137,math
2011-11,154,math
2011-12,123,math
2012-01,161,math
2012-02,159,math
2012-03,173,math
2012-04,135,math
2012-05,142,math
2012-06,127,math
2012-07,129,math
2012-08,130,math
2012-09,138,math
2012-10,196,math
2012-11,158,math
2012-12,151,math
2013-01,165,math
2013-02,154,math
2013-03,165,math
2013-04,174,math
2013-05,164,math
2013-06,145,math
2013-07,168,math
2013-08,155,math
2013-09,193,math
2013-10,184,math
2013-11,168,math
2013-12,155,math
2014-01,177,math
2014-02,180,math
2014-03,180,math
2014-04,170,math
2014-05,190,math
2014-06,185,math
2014-07,176,math
2014-08,166,math
2014-09,210,math
2014-10,184,math
2014-11,143,math
2014-12,200,math
2015-01,189,math
2015-02,182,math
2015-03,199,math
2015-04,176,math
2015-05,177,math
2015-06,192,math
2015-07,214,math
2015-08,216,math
2015-09,199,math
2015-10,200,math
2015-11,206,math
2015-12,214,math
2016-01,197,math
2016-02,206,math
2016-03,222,math
2016-04,163,math
2016-05,232,math
2016-06,237,math
2016-07,190,math
2016-08,236,math
2016-09,257,math
2016-10,213,math
2016-11,249,math
2016-12,194,math
2017-01,251,math
2017-02,196,math
2017-03,241,math
2017-04,180,math
2017-05,247,math
2017-06,219,math
2017-07,231,math
2017-08,256,math
2017-09,245,math
2017-10,257,math
2017-11,251,math
2017-12,211,math
2018-01,227,math
2018-02,211,math
2018-03,238,math
2018-04,255,math
2018-05,263,math
2018-06,244,math
2018-07,295,math
2018-08,263,math
2018-09,242,math
2018-10,259,math
2018-11,250,math
2018-12,255,math
2019-01,228,math
2019-02,220,math
2019-03,259,math
2019-04,247,math
2019-05,244,math
2019-06,256,math
2019-07,309,math
2019-08,255,math
2019-09,263,math
2019-10,282,math
2019-11,243,math
2019-12,282,math
2020-01,226,math
2020-02,217,math
2020-03,292,math
2020-04,258,math
2020-05,301,math
2020-06,300,math
2020-07,309,math
2020-08,282,math
2020-09,296,math
2020-10,295,math
2020-11,231,math
2020-12,305,math
2021-01,229,math
2021-02,247,math
2021-03,292,math
2021-04,282,math
2021-05,265,math
2021-06,292,math
2021-07,280,math
2021-08,278,math
2021-09,281,math
2021-10,293,math
2021-11,306,math
2021-12,271,math
2022-01,269,math
2022-02,276,math
2022-03,269,math
2022-04,243,math
2022-05,288,math
2022-06,296,math
2022-07,302,math
2022-08,270,math
2022-09,311,math
2022-10,302,math
2022-11,331,math
2022-12,319,math
2023-01,237,math
2023-02,263,math
2023-03,343,math
2023-04,233,math
2023-05,344,math
2023-06,315,math
2023-07,291,math
2023-08,317,math
2023-09,310,math
2023-10,335,math
2023-11,322,math
2023-12,321,math
2024-01,307,math
2024-02,316,math
2024-03,329,math
2009-01,6,math
2009-02,14,math
2009-03,10,math
2009-04,14,math
2009-05,12,math
2009-06,8,math
2009-07,15,math
2009-08,5,math
2009-09,11,math
2009-10,11,math
2009-11,7,math
2009-12,11,math
2010-01,8,math
2010-02,8,math
2010-03,10,math
2010-04,11,math
2010-05,14,math
2010-06,10,math
2010-07,8,math
2010-08,8,math
2010-09,11,math
2010-10,13,math
2010-11,8,math
2010-12,10,math
2011-01,11,math
2011-02,8,math
2011-03,10,math
2011-04,11,math
2011-05,10,math
2011-06,12,math
2011-07,9,math
2011-08,14,math
2011-09,7,math
2011-10,16,math
2011-11,8,math
2011-12,21,math
2012-01,12,math
2012-02,14,math
2012-03,11,math
2012-04,12,math
2012-05,13,math
2012-06,12,math
2012-07,13,math
2012-08,9,math
2012-09,13,math
2012-10,13,math
2012-11,9,math
2012-12,13,math
2013-01,9,math
2013-02,14,math
2013-03,14,math
2013-04,20,math
2013-05,15,math
2013-06,13,math
2013-07,20,math
2013-08,14,math
2013-09,11,math
2013-10,11,math
2013-11,11,math
2013-12,15,math
2014-01,20,math
2014-02,12,math
2014-03,10,math
2014-04,16,math
2014-05,13,math
2014-06,23,math
2014-07,14,math
2014-08,16,math
2014-09,25,math
2014-10,16,math
2014-11,9,math
2014-12,22,math
2015-01,22,math
2015-02,17,math
2015-03,17,math
2015-04,9,math
2015-05,18,math
2015-06,14,math
2015-07,19,math
2015-08,10,math
2015-09,10,math
2015-10,23,math
2015-11,16,math
2015-12,19,math
2016-01,16,math
2016-02,24,math
2016-03,18,math
2016-04,13,math
2016-05,22,math
2016-06,21,math
2016-07,18,math
2016-08,11,math
2016-09,17,math
2016-10,24,math
2016-11,12,math
2016-12,17,math
2017-01,15,math
2017-02,14,math
2017-03,20,math
2017-04,19,math
2017-05,8,math
2017-06,16,math
2017-07,20,math
2017-08,9,math
2017-09,15,math
2017-10,20,math
2017-11,19,math
2017-12,16,math
2018-01,17,math
2018-02,22,math
2018-03,24,math
2018-04,12,math
2018-05,30,math
2018-06,19,math
2018-07,16,math
2018-08,20,math
2018-09,22,math
2018-10,19,math
2018-11,19,math
2018-12,22,math
2019-01,15,math
2019-02,19,math
2019-03,22,math
2019-04,24,math
2019-05,22,math
2019-06,17,math
2019-07,20,math
2019-08,23,math
2019-09,23,math
2019-10,20,math
2019-11,29,math
2019-12,9,math
2020-01,16,math
2020-02,23,math
2020-03,26,math
2020-04,32,math
2020-05,33,math
2020-06,28,math
2020-07,23,math
2020-08,18,math
2020-09,21,math
2020-10,32,math
2020-11,23,math
2020-12,24,math
2021-01,30,math
2021-02,30,math
2021-03,31,math
2021-04,28,math
2021-05,41,math
2021-06,25,math
2021-07,19,math
2021-08,18,math
2021-09,28,math
2021-10,18,math
2021-11,25,math
2021-12,27,math
2022-01,24,math
2022-02,27,math
2022-03,27,math
2022-04,30,math
2022-05,37,math
2022-06,21,math
2022-07,25,math
2022-08,29,math
2022-09,21,math
2022-10,24,math
2022-11,27,math
2022-12,20,math
2023-01,23,math
2023-02,27,math
2023-03,42,math
2023-04,26,math
2023-05,44,math
2023-06,30,math
2023-07,24,math
2023-08,33,math
2023-09,18,math
2023-10,33,math
2023-11,39,math
2023-12,26,math
2024-01,28,math
2024-02,25,math
2024-03,39,math
2009-01,21,math
2009-02,23,math
2009-03,38,math
2009-04,18,math
2009-05,19,math
2009-06,37,math
2009-07,31,math
2009-08,15,math
2009-09,22,math
2009-10,40,math
2009-11,40,math
2009-12,26,math
2010-01,32,math
2010-02,26,math
2010-03,37,math
2010-04,24,math
2010-05,24,math
2010-06,37,math
2010-07,26,math
2010-08,31,math
2010-09,32,math
2010-10,40,math
2010-11,38,math
2010-12,32,math
2011-01,29,math
2011-02,30,math
2011-03,38,math
2011-04,33,math
2011-05,37,math
2011-06,41,math
2011-07,26,math
2011-08,35,math
2011-09,36,math
2011-10,38,math
2011-11,30,math
2011-12,33,math
2012-01,41,math
2012-02,33,math
2012-03,42,math
2012-04,30,math
2012-05,38,math
2012-06,16,math
2012-07,37,math
2012-08,31,math
2012-09,31,math
2012-10,38,math
2012-11,31,math
2012-12,32,math
2013-01,31,math
2013-02,39,math
2013-03,65,math
2013-04,47,math
2013-05,40,math
2013-06,39,math
2013-07,49,math
2013-08,31,math
2013-09,42,math
2013-10,32,math
2013-11,47,math
2013-12,44,math
2014-01,51,math
2014-02,47,math
2014-03,50,math
2014-04,52,math
2014-05,43,math
2014-06,51,math
2014-07,40,math
2014-08,32,math
2014-09,36,math
2014-10,56,math
2014-11,67,math
2014-12,40,math
2015-01,57,math
2015-02,49,math
2015-03,57,math
2015-04,41,math
2015-05,46,math
2015-06,60,math
2015-07,48,math
2015-08,43,math
2015-09,50,math
2015-10,41,math
2015-11,47,math
2015-12,38,math
2016-01,48,math
2016-02,52,math
2016-03,49,math
2016-04,52,math
2016-05,47,math
2016-06,58,math
2016-07,45,math
2016-08,47,math
2016-09,50,math
2016-10,62,math
2016-11,54,math
2016-12,50,math
2017-01,67,math
2017-02,41,math
2017-03,68,math
2017-04,47,math
2017-05,52,math
2017-06,47,math
2017-07,46,math
2017-08,48,math
2017-09,64,math
2017-10,57,math
2017-11,49,math
2017-12,48,math
2018-01,44,math
2018-02,53,math
2018-03,37,math
2018-04,52,math
2018-05,51,math
2018-06,44,math
2018-07,56,math
2018-08,48,math
2018-09,48,math
2018-10,68,math
2018-11,57,math
2018-12,49,math
2019-01,56,math
2019-02,53,math
2019-03,51,math
2019-04,59,math
2019-05,53,math
2019-06,38,math
2019-07,50,math
2019-08,51,math
2019-09,65,math
2019-10,41,math
2019-11,50,math
2019-12,58,math
2020-01,42,math
2020-02,41,math
2020-03,56,math
2020-04,79,math
2020-05,55,math
2020-06,55,math
2020-07,60,math
2020-08,49,math
2020-09,67,math
2020-10,42,math
2020-11,60,math
2020-12,60,math
2021-01,45,math
2021-02,35,math
2021-03,64,math
2021-04,62,math
2021-05,48,math
2021-06,63,math
2021-07,47,math
2021-08,43,math
2021-09,53,math
2021-10,43,math
2021-11,62,math
2021-12,53,math
2022-01,45,math
2022-02,44,math
2022-03,46,math
2022-04,40,math
2022-05,31,math
2022-06,51,math
2022-07,59,math
2022-08,57,math
2022-09,49,math
2022-10,60,math
2022-11,64,math
2022-12,46,math
2023-01,39,math
2023-02,45,math
2023-03,54,math
2023-04,38,math
2023-05,55,math
2023-06,51,math
2023-07,55,math
2023-08,59,math
2023-09,61,math
2023-10,55,math
2023-11,49,math
2023-12,56,math
2024-01,51,math
2024-02,48,math
2024-03,48,math
2009-01,58,math
2009-02,85,math
2009-03,91,math
2009-04,83,math
2009-05,74,math
2009-06,98,math
2009-07,85,math
2009-08,82,math
2009-09,93,math
2009-10,109,math
2009-11,87,math
2009-12,106,math
2010-01,85,math
2010-02,67,math
2010-03,130,math
2010-04,93,math
2010-05,69,math
2010-06,76,math
2010-07,75,math
2010-08,82,math
2010-09,92,math
2010-10,130,math
2010-11,113,math
2010-12,99,math
2011-01,83,math
2011-02,83,math
2011-03,102,math
2011-04,112,math
2011-05,95,math
2011-06,88,math
2011-07,80,math
2011-08,99,math
2011-09,121,math
2011-10,113,math
2011-11,104,math
2011-12,87,math
2012-01,111,math
2012-02,73,math
2012-03,118,math
2012-04,106,math
2012-05,124,math
2012-06,106,math
2012-07,103,math
2012-08,77,math
2012-09,102,math
2012-10,135,math
2012-11,130,math
2012-12,102,math
2013-01,114,math
2013-02,125,math
2013-03,93,math
2013-04,104,math
2013-05,143,math
2013-06,92,math
2013-07,124,math
2013-08,85,math
2013-09,99,math
2013-10,138,math
2013-11,125,math
2013-12,124,math
2014-01,129,math
2014-02,112,math
2014-03,103,math
2014-04,111,math
2014-05,113,math
2014-06,105,math
2014-07,98,math
2014-08,120,math
2014-09,117,math
2014-10,148,math
2014-11,152,math
2014-12,121,math
2015-01,121,math
2015-02,118,math
2015-03,166,math
2015-04,126,math
2015-05,129,math
2015-06,137,math
2015-07,122,math
2015-08,102,math
2015-09,97,math
2015-10,128,math
2015-11,126,math
2015-12,123,math
2016-01,120,math
2016-02,111,math
2016-03,136,math
2016-04,127,math
2016-05,139,math
2016-06,108,math
2016-07,120,math
2016-08,96,math
2016-09,116,math
2016-10,152,math
2016-11,125,math
2016-12,104,math
2017-01,132,math
2017-02,103,math
2017-03,128,math
2017-04,104,math
2017-05,141,math
2017-06,126,math
2017-07,125,math
2017-08,117,math
2017-09,139,math
2017-10,142,math
2017-11,124,math
2017-12,143,math
2018-01,127,math
2018-02,141,math
2018-03,132,math
2018-04,123,math
2018-05,141,math
2018-06,111,math
2018-07,128,math
2018-08,133,math
2018-09,117,math
2018-10,149,math
2018-11,131,math
2018-12,117,math
2019-01,146,math
2019-02,119,math
2019-03,142,math
2019-04,130,math
2019-05,130,math
2019-06,116,math
2019-07,124,math
2019-08,134,math
2019-09,153,math
2019-10,162,math
2019-11,131,math
2019-12,131,math
2020-01,136,math
2020-02,124,math
2020-03,128,math
2020-04,137,math
2020-05,119,math
2020-06,140,math
2020-07,163,math
2020-08,127,math
2020-09,151,math
2020-10,150,math
2020-11,109,math
2020-12,131,math
2021-01,130,math
2021-02,109,math
2021-03,145,math
2021-04,115,math
2021-05,146,math
2021-06,125,math
2021-07,125,math
2021-08,133,math
2021-09,138,math
2021-10,129,math
2021-11,140,math
2021-12,134,math
2022-01,128,math
2022-02,121,math
2022-03,147,math
2022-04,139,math
2022-05,124,math
2022-06,142,math
2022-07,112,math
2022-08,151,math
2022-09,121,math
2022-10,144,math
2022-11,134,math
2022-12,137,math
2023-01,123,math
2023-02,117,math
2023-03,146,math
2023-04,122,math
2023-05,146,math
2023-06,158,math
2023-07,147,math
2023-08,131,math
2023-09,172,math
2023-10,166,math
2023-11,128,math
2023-12,131,math
2024-01,144,math
2024-02,140,math
2024-03,144,math
2009-01,51,math
2009-02,51,math
2009-03,64,math
2009-04,41,math
2009-05,50,math
2009-06,50,math
2009-07,48,math
2009-08,34,math
2009-09,60,math
2009-10,52,math
2009-11,45,math
2009-12,70,math
2010-01,53,math
2010-02,41,math
2010-03,51,math
2010-04,60,math
2010-05,47,math
2010-06,50,math
2010-07,44,math
2010-08,56,math
2010-09,50,math
2010-10,72,math
2010-11,74,math
2010-12,45,math
2011-01,61,math
2011-02,61,math
2011-03,92,math
2011-04,57,math
2011-05,73,math
2011-06,64,math
2011-07,63,math
2011-08,72,math
2011-09,80,math
2011-10,76,math
2011-11,101,math
2011-12,87,math
2012-01,80,math
2012-02,89,math
2012-03,77,math
2012-04,82,math
2012-05,91,math
2012-06,87,math
2012-07,75,math
2012-08,91,math
2012-09,74,math
2012-10,93,math
2012-11,87,math
2012-12,74,math
2013-01,77,math
2013-02,85,math
2013-03,81,math
2013-04,91,math
2013-05,92,math
2013-06,85,math
2013-07,96,math
2013-08,80,math
2013-09,96,math
2013-10,86,math
2013-11,105,math
2013-12,99,math
2014-01,86,math
2014-02,76,math
2014-03,98,math
2014-04,112,math
2014-05,109,math
2014-06,100,math
2014-07,85,math
2014-08,107,math
2014-09,84,math
2014-10,105,math
2014-11,109,math
2014-12,94,math
2015-01,85,math
2015-02,105,math
2015-03,138,math
2015-04,95,math
2015-05,96,math
2015-06,121,math
2015-07,113,math
2015-08,98,math
2015-09,116,math
2015-10,127,math
2015-11,119,math
2015-12,122,math
2016-01,103,math
2016-02,96,math
2016-03,144,math
2016-04,89,math
2016-05,131,math
2016-06,123,math
2016-07,92,math
2016-08,103,math
2016-09,110,math
2016-10,121,math
2016-11,102,math
2016-12,117,math
2017-01,110,math
2017-02,130,math
2017-03,115,math
2017-04,87,math
2017-05,149,math
2017-06,108,math
2017-07,120,math
2017-08,102,math
2017-09,103,math
2017-10,127,math
2017-11,118,math
2017-12,117,math
2018-01,110,math
2018-02,106,math
2018-03,133,math
2018-04,98,math
2018-05,120,math
2018-06,102,math
2018-07,108,math
2018-08,120,math
2018-09,115,math
2018-10,122,math
2018-11,107,math
2018-12,119,math
2019-01,152,math
2019-02,135,math
2019-03,125,math
2019-04,140,math
2019-05,125,math
2019-06,121,math
2019-07,118,math
2019-08,118,math
2019-09,140,math
2019-10,142,math
2019-11,119,math
2019-12,119,math
2020-01,122,math
2020-02,112,math
2020-03,135,math
2020-04,125,math
2020-05,123,math
2020-06,149,math
2020-07,132,math
2020-08,105,math
2020-09,125,math
2020-10,147,math
2020-11,121,math
2020-12,152,math
2021-01,122,math
2021-02,116,math
2021-03,167,math
2021-04,121,math
2021-05,140,math
2021-06,129,math
2021-07,119,math
2021-08,108,math
2021-09,127,math
2021-10,117,math
2021-11,135,math
2021-12,142,math
2022-01,104,math
2022-02,125,math
2022-03,143,math
2022-04,106,math
2022-05,112,math
2022-06,131,math
2022-07,105,math
2022-08,122,math
2022-09,158,math
2022-10,142,math
2022-11,127,math
2022-12,109,math
2023-01,113,math
2023-02,126,math
2023-03,151,math
2023-04,114,math
2023-05,144,math
2023-06,125,math
2023-07,129,math
2023-08,120,math
2023-09,115,math
2023-10,137,math
2023-11,137,math
2023-12,140,math
2024-01,159,math
2024-02,136,math
2024-03,155,math
2009-01,28,math
2009-02,40,math
2009-03,58,math
2009-04,49,math
2009-05,39,math
2009-06,50,math
2009-07,49,math
2009-08,36,math
2009-09,43,math
2009-10,47,math
2009-11,41,math
2009-12,31,math
2010-01,50,math
2010-02,49,math
2010-03,63,math
2010-04,52,math
2010-05,55,math
2010-06,68,math
2010-07,68,math
2010-08,47,math
2010-09,62,math
2010-10,43,math
2010-11,48,math
2010-12,40,math
2011-01,67,math
2011-02,51,math
2011-03,75,math
2011-04,74,math
2011-05,72,math
2011-06,56,math
2011-07,49,math
2011-08,54,math
2011-09,83,math
2011-10,61,math
2011-11,66,math
2011-12,68,math
2012-01,68,math
2012-02,54,math
2012-03,77,math
2012-04,76,math
2012-05,58,math
2012-06,67,math
2012-07,84,math
2012-08,86,math
2012-09,79,math
2012-10,83,math
2012-11,82,math
2012-12,63,math
2013-01,82,math
2013-02,85,math
2013-03,79,math
2013-04,69,math
2013-05,76,math
2013-06,77,math
2013-07,88,math
2013-08,63,math
2013-09,112,math
2013-10,74,math
2013-11,77,math
2013-12,69,math
2014-01,89,math
2014-02,90,math
2014-03,122,math
2014-04,89,math
2014-05,75,math
2014-06,84,math
2014-07,96,math
2014-08,70,math
2014-09,96,math
2014-10,92,math
2014-11,76,math
2014-12,67,math
2015-01,81,math
2015-02,86,math
2015-03,89,math
2015-04,100,math
2015-05,67,math
2015-06,97,math
2015-07,96,math
2015-08,75,math
2015-09,83,math
2015-10,73,math
2015-11,70,math
2015-12,68,math
2016-01,72,math
2016-02,88,math
2016-03,97,math
2016-04,86,math
2016-05,96,math
2016-06,110,math
2016-07,71,math
2016-08,90,math
2016-09,98,math
2016-10,93,math
2016-11,108,math
2016-12,95,math
2017-01,81,math
2017-02,71,math
2017-03,116,math
2017-04,87,math
2017-05,114,math
2017-06,118,math
2017-07,85,math
2017-08,106,math
2017-09,92,math
2017-10,117,math
2017-11,120,math
2017-12,80,math
2018-01,120,math
2018-02,95,math
2018-03,118,math
2018-04,121,math
2018-05,113,math
2018-06,111,math
2018-07,99,math
2018-08,106,math
2018-09,100,math
2018-10,111,math
2018-11,117,math
2018-12,129,math
2019-01,113,math
2019-02,127,math
2019-03,119,math
2019-04,105,math
2019-05,136,math
2019-06,91,math
2019-07,107,math
2019-08,94,math
2019-09,107,math
2019-10,129,math
2019-11,104,math
2019-12,158,math
2020-01,101,math
2020-02,129,math
2020-03,134,math
2020-04,112,math
2020-05,143,math
2020-06,123,math
2020-07,150,math
2020-08,110,math
2020-09,125,math
2020-10,131,math
2020-11,119,math
2020-12,135,math
2021-01,111,math
2021-02,100,math
2021-03,110,math
2021-04,111,math
2021-05,106,math
2021-06,103,math
2021-07,122,math
2021-08,99,math
2021-09,106,math
2021-10,111,math
2021-11,101,math
2021-12,106,math
2022-01,112,math
2022-02,89,math
2022-03,126,math
2022-04,125,math
2022-05,106,math
2022-06,111,math
2022-07,125,math
2022-08,114,math
2022-09,120,math
2022-10,112,math
2022-11,101,math
2022-12,120,math
2023-01,110,math
2023-02,93,math
2023-03,106,math
2023-04,82,math
2023-05,134,math
2023-06,112,math
2023-07,112,math
2023-08,84,math
2023-09,103,math
2023-10,102,math
2023-11,92,math
2023-12,101,math
2024-01,124,math
2024-02,146,math
2024-03,116,math
2009-01,7,math
2009-02,6,math
2009-03,9,math
2009-04,10,math
2009-05,9,math
2009-06,13,math
2009-07,11,math
2009-08,6,math
2009-09,10,math
2009-10,7,math
2009-11,8,math
2009-12,13,math
2010-01,12,math
2010-02,8,math
2010-03,22,math
2010-04,10,math
2010-05,7,math
2010-06,7,math
2010-07,8,math
2010-08,5,math
2010-09,13,math
2010-10,14,math
2010-11,8,math
2010-12,5,math
2011-01,17,math
2011-02,9,math
2011-03,8,math
2011-04,6,math
2011-05,10,math
2011-06,8,math
2011-07,7,math
2011-08,5,math
2011-09,6,math
2011-10,12,math
2011-11,4,math
2011-12,7,math
2012-01,6,math
2012-02,8,math
2012-03,17,math
2012-04,8,math
2012-05,12,math
2012-06,7,math
2012-07,9,math
2012-08,9,math
2012-09,3,math
2012-10,10,math
2012-11,4,math
2012-12,9,math
2013-01,4,math
2013-02,7,math
2013-03,3,math
2013-04,6,math
2013-05,5,math
2013-06,5,math
2013-07,7,math
2013-08,9,math
2013-09,5,math
2013-10,11,math
2013-11,4,math
2013-12,6,math
2014-01,10,math
2014-02,8,math
2014-03,10,math
2014-04,10,math
2014-05,13,math
2014-06,13,math
2014-07,6,math
2014-08,8,math
2014-09,6,math
2014-10,12,math
2014-11,9,math
2014-12,8,math
2015-01,12,math
2015-02,11,math
2015-03,14,math
2015-04,13,math
2015-05,11,math
2015-06,14,math
2015-07,12,math
2015-08,5,math
2015-09,15,math
2015-10,18,math
2015-11,13,math
2015-12,14,math
2016-01,11,math
2016-02,15,math
2016-03,18,math
2016-04,15,math
2016-05,13,math
2016-06,12,math
2016-07,10,math
2016-08,17,math
2016-09,19,math
2016-10,8,math
2016-11,14,math
2016-12,9,math
2017-01,17,math
2017-02,13,math
2017-03,17,math
2017-04,17,math
2017-05,5,math
2017-06,18,math
2017-07,18,math
2017-08,13,math
2017-09,8,math
2017-10,11,math
2017-11,15,math
2017-12,9,math
2018-01,9,math
2018-02,21,math
2018-03,13,math
2018-04,13,math
2018-05,12,math
2018-06,14,math
2018-07,7,math
2018-08,16,math
2018-09,9,math
2018-10,11,math
2018-11,13,math
2018-12,14,math
2019-01,29,math
2019-02,29,math
2019-03,22,math
2019-04,19,math
2019-05,37,math
2019-06,9,math
2019-07,22,math
2019-08,13,math
2019-09,25,math
2019-10,26,math
2019-11,27,math
2019-12,23,math
2020-01,18,math
2020-02,22,math
2020-03,38,math
2020-04,16,math
2020-05,22,math
2020-06,27,math
2020-07,24,math
2020-08,20,math
2020-09,17,math
2020-10,27,math
2020-11,13,math
2020-12,23,math
2021-01,34,math
2021-02,23,math
2021-03,35,math
2021-04,27,math
2021-05,23,math
2021-06,24,math
2021-07,18,math
2021-08,20,math
2021-09,26,math
2021-10,26,math
2021-11,20,math
2021-12,24,math
2022-01,28,math
2022-02,14,math
2022-03,13,math
2022-04,27,math
2022-05,21,math
2022-06,31,math
2022-07,9,math
2022-08,18,math
2022-09,26,math
2022-10,21,math
2022-11,23,math
2022-12,17,math
2023-01,26,math
2023-02,21,math
2023-03,19,math
2023-04,28,math
2023-05,33,math
2023-06,26,math
2023-07,18,math
2023-08,24,math
2023-09,11,math
2023-10,31,math
2023-11,23,math
2023-12,26,math
2024-01,20,math
2024-02,7,math
2024-03,68,math
2009-01,9,math
2009-02,4,math
2009-03,15,math
2009-04,9,math
2009-05,4,math
2009-06,4,math
2009-07,5,math
2009-08,8,math
2009-09,12,math
2009-10,14,math
2009-11,8,math
2009-12,8,math
2010-01,11,math
2010-02,16,math
2010-03,8,math
2010-04,8,math
2010-05,9,math
2010-06,6,math
2010-07,4,math
2010-08,7,math
2010-09,6,math
2010-10,16,math
2010-11,11,math
2010-12,12,math
2011-01,7,math
2011-02,11,math
2011-03,16,math
2011-04,11,math
2011-05,10,math
2011-06,16,math
2011-07,10,math
2011-08,13,math
2011-09,5,math
2011-10,7,math
2011-11,5,math
2011-12,12,math
2012-01,8,math
2012-02,15,math
2012-03,9,math
2012-04,6,math
2012-05,15,math
2012-06,12,math
2012-07,15,math
2012-08,11,math
2012-09,12,math
2012-10,12,math
2012-11,9,math
2012-12,15,math
2013-01,9,math
2013-02,17,math
2013-03,11,math
2013-04,15,math
2013-05,12,math
2013-06,8,math
2013-07,9,math
2013-08,4,math
2013-09,7,math
2013-10,11,math
2013-11,15,math
2013-12,12,math
2014-01,15,math
2014-02,6,math
2014-03,9,math
2014-04,7,math
2014-05,13,math
2014-06,10,math
2014-07,16,math
2014-08,7,math
2014-09,8,math
2014-10,14,math
2014-11,10,math
2014-12,22,math
2015-01,11,math
2015-02,10,math
2015-03,15,math
2015-04,10,math
2015-05,10,math
2015-06,11,math
2015-07,13,math
2015-08,17,math
2015-09,21,math
2015-10,12,math
2015-11,15,math
2015-12,30,math
2016-01,19,math
2016-02,16,math
2016-03,15,math
2016-04,16,math
2016-05,17,math
2016-06,12,math
2016-07,24,math
2016-08,14,math
2016-09,11,math
2016-10,13,math
2016-11,14,math
2016-12,10,math
2017-01,13,math
2017-02,17,math
2017-03,16,math
2017-04,13,math
2017-05,11,math
2017-06,19,math
2017-07,13,math
2017-08,16,math
2017-09,19,math
2017-10,19,math
2017-11,14,math
2017-12,17,math
2018-01,20,math
2018-02,11,math
2018-03,25,math
2018-04,20,math
2018-05,23,math
2018-06,27,math
2018-07,13,math
2018-08,13,math
2018-09,25,math
2018-10,16,math
2018-11,19,math
2018-12,19,math
2019-01,17,math
2019-02,24,math
2019-03,24,math
2019-04,23,math
2019-05,24,math
2019-06,17,math
2019-07,18,math
2019-08,15,math
2019-09,24,math
2019-10,22,math
2019-11,20,math
2019-12,22,math
2020-01,16,math
2020-02,20,math
2020-03,16,math
2020-04,22,math
2020-05,13,math
2020-06,17,math
2020-07,28,math
2020-08,5,math
2020-09,14,math
2020-10,11,math
2020-11,14,math
2020-12,13,math
2021-01,14,math
2021-02,18,math
2021-03,18,math
2021-04,20,math
2021-05,14,math
2021-06,11,math
2021-07,15,math
2021-08,14,math
2021-09,22,math
2021-10,16,math
2021-11,24,math
2021-12,21,math
2022-01,12,math
2022-02,11,math
2022-03,14,math
2022-04,21,math
2022-05,20,math
2022-06,18,math
2022-07,17,math
2022-08,20,math
2022-09,14,math
2022-10,18,math
2022-11,35,math
2022-12,11,math
2023-01,11,math
2023-02,15,math
2023-03,20,math
2023-04,12,math
2023-05,19,math
2023-06,10,math
2023-07,26,math
2023-08,28,math
2023-09,22,math
2023-10,14,math
2023-11,16,math
2023-12,19,math
2024-01,24,math
2024-02,13,math
2024-03,25,math
2009-01,31,math
2009-02,35,math
2009-03,35,math
2009-04,42,math
2009-05,38,math
2009-06,46,math
2009-07,30,math
2009-08,30,math
2009-09,49,math
2009-10,46,math
2009-11,52,math
2009-12,40,math
2010-01,40,math
2010-02,37,math
2010-03,50,math
2010-04,41,math
2010-05,50,math
2010-06,57,math
2010-07,42,math
2010-08,40,math
2010-09,63,math
2010-10,40,math
2010-11,43,math
2010-12,46,math
2011-01,44,math
2011-02,40,math
2011-03,59,math
2011-04,42,math
2011-05,50,math
2011-06,45,math
2011-07,43,math
2011-08,48,math
2011-09,46,math
2011-10,33,math
2011-11,51,math
2011-12,54,math
2012-01,49,math
2012-02,45,math
2012-03,46,math
2012-04,44,math
2012-05,55,math
2012-06,43,math
2012-07,37,math
2012-08,37,math
2012-09,35,math
2012-10,50,math
2012-11,60,math
2012-12,42,math
2013-01,54,math
2013-02,45,math
2013-03,58,math
2013-04,56,math
2013-05,58,math
2013-06,48,math
2013-07,46,math
2013-08,47,math
2013-09,66,math
2013-10,81,math
2013-11,65,math
2013-12,68,math
2014-01,74,math
2014-02,66,math
2014-03,78,math
2014-04,42,math
2014-05,67,math
2014-06,58,math
2014-07,57,math
2014-08,49,math
2014-09,68,math
2014-10,64,math
2014-11,56,math
2014-12,65,math
2015-01,72,math
2015-02,63,math
2015-03,57,math
2015-04,52,math
2015-05,59,math
2015-06,79,math
2015-07,63,math
2015-08,57,math
2015-09,92,math
2015-10,68,math
2015-11,70,math
2015-12,55,math
2016-01,53,math
2016-02,66,math
2016-03,71,math
2016-04,59,math
2016-05,63,math
2016-06,59,math
2016-07,62,math
2016-08,57,math
2016-09,52,math
2016-10,75,math
2016-11,66,math
2016-12,59,math
2017-01,62,math
2017-02,65,math
2017-03,69,math
2017-04,33,math
2017-05,69,math
2017-06,68,math
2017-07,61,math
2017-08,62,math
2017-09,76,math
2017-10,79,math
2017-11,69,math
2017-12,53,math
2018-01,75,math
2018-02,70,math
2018-03,77,math
2018-04,69,math
2018-05,72,math
2018-06,64,math
2018-07,70,math
2018-08,56,math
2018-09,57,math
2018-10,85,math
2018-11,84,math
2018-12,64,math
2019-01,88,math
2019-02,59,math
2019-03,61,math
2019-04,68,math
2019-05,62,math
2019-06,54,math
2019-07,60,math
2019-08,70,math
2019-09,89,math
2019-10,77,math
2019-11,72,math
2019-12,53,math
2020-01,66,math
2020-02,83,math
2020-03,72,math
2020-04,90,math
2020-05,78,math
2020-06,90,math
2020-07,74,math
2020-08,75,math
2020-09,84,math
2020-10,77,math
2020-11,61,math
2020-12,72,math
2021-01,64,math
2021-02,68,math
2021-03,88,math
2021-04,48,math
2021-05,73,math
2021-06,71,math
2021-07,81,math
2021-08,43,math
2021-09,64,math
2021-10,70,math
2021-11,57,math
2021-12,77,math
2022-01,74,math
2022-02,78,math
2022-03,73,math
2022-04,80,math
2022-05,70,math
2022-06,89,math
2022-07,68,math
2022-08,84,math
2022-09,80,math
2022-10,74,math
2022-11,64,math
2022-12,84,math
2023-01,76,math
2023-02,67,math
2023-03,98,math
2023-04,90,math
2023-05,91,math
2023-06,67,math
2023-07,72,math
2023-08,83,math
2023-09,74,math
2023-10,94,math
2023-11,78,math
2023-12,71,math
2024-01,96,math
2024-02,96,math
2024-03,77,math
2009-01,52,math
2009-02,39,math
2009-03,51,math
2009-04,59,math
2009-05,47,math
2009-06,46,math
2009-07,49,math
2009-08,39,math
2009-09,44,math
2009-10,57,math
2009-11,43,math
2009-12,31,math
2010-01,58,math
2010-02,48,math
2010-03,52,math
2010-04,48,math
2010-05,48,math
2010-06,43,math
2010-07,32,math
2010-08,43,math
2010-09,41,math
2010-10,53,math
2010-11,57,math
2010-12,42,math
2011-01,59,math
2011-02,48,math
2011-03,44,math
2011-04,37,math
2011-05,49,math
2011-06,52,math
2011-07,53,math
2011-08,68,math
2011-09,51,math
2011-10,67,math
2011-11,45,math
2011-12,50,math
2012-01,43,math
2012-02,47,math
2012-03,50,math
2012-04,47,math
2012-05,60,math
2012-06,48,math
2012-07,47,math
2012-08,53,math
2012-09,54,math
2012-10,75,math
2012-11,67,math
2012-12,52,math
2013-01,56,math
2013-02,50,math
2013-03,55,math
2013-04,56,math
2013-05,57,math
2013-06,42,math
2013-07,48,math
2013-08,42,math
2013-09,57,math
2013-10,81,math
2013-11,56,math
2013-12,58,math
2014-01,51,math
2014-02,38,math
2014-03,61,math
2014-04,51,math
2014-05,54,math
2014-06,65,math
2014-07,59,math
2014-08,49,math
2014-09,69,math
2014-10,70,math
2014-11,73,math
2014-12,77,math
2015-01,58,math
2015-02,57,math
2015-03,57,math
2015-04,43,math
2015-05,63,math
2015-06,82,math
2015-07,60,math
2015-08,73,math
2015-09,66,math
2015-10,63,math
2015-11,53,math
2015-12,67,math
2016-01,45,math
2016-02,66,math
2016-03,69,math
2016-04,69,math
2016-05,70,math
2016-06,65,math
2016-07,53,math
2016-08,65,math
2016-09,65,math
2016-10,88,math
2016-11,63,math
2016-12,57,math
2017-01,49,math
2017-02,54,math
2017-03,82,math
2017-04,62,math
2017-05,62,math
2017-06,55,math
2017-07,66,math
2017-08,68,math
2017-09,55,math
2017-10,83,math
2017-11,76,math
2017-12,61,math
2018-01,67,math
2018-02,47,math
2018-03,73,math
2018-04,72,math
2018-05,73,math
2018-06,53,math
2018-07,60,math
2018-08,60,math
2018-09,62,math
2018-10,86,math
2018-11,68,math
2018-12,62,math
2019-01,64,math
2019-02,75,math
2019-03,66,math
2019-04,82,math
2019-05,59,math
2019-06,49,math
2019-07,71,math
2019-08,62,math
2019-09,92,math
2019-10,80,math
2019-11,66,math
2019-12,79,math
2020-01,55,math
2020-02,75,math
2020-03,77,math
2020-04,76,math
2020-05,78,math
2020-06,83,math
2020-07,78,math
2020-08,72,math
2020-09,90,math
2020-10,100,math
2020-11,86,math
2020-12,72,math
2021-01,56,math
2021-02,42,math
2021-03,75,math
2021-04,67,math
2021-05,64,math
2021-06,57,math
2021-07,57,math
2021-08,70,math
2021-09,75,math
2021-10,68,math
2021-11,83,math
2021-12,62,math
2022-01,52,math
2022-02,64,math
2022-03,65,math
2022-04,58,math
2022-05,81,math
2022-06,69,math
2022-07,77,math
2022-08,72,math
2022-09,69,math
2022-10,79,math
2022-11,58,math
2022-12,76,math
2023-01,63,math
2023-02,47,math
2023-03,87,math
2023-04,71,math
2023-05,67,math
2023-06,82,math
2023-07,82,math
2023-08,86,math
2023-09,68,math
2023-10,94,math
2023-11,82,math
2023-12,67,math
2024-01,90,math
2024-02,75,math
2024-03,82,math
2009-01,8,math
2009-02,5,math
2009-03,9,math
2009-04,5,math
2009-05,9,math
2009-06,5,math
2009-07,2,math
2009-08,2,math
2009-09,5,math
2009-10,14,math
2009-11,3,math
2009-12,9,math
2010-01,8,math
2010-02,6,math
2010-03,10,math
2010-04,3,math
2010-05,4,math
2010-06,9,math
2010-07,6,math
2010-08,5,math
2010-09,6,math
2010-10,10,math
2010-11,4,math
2010-12,4,math
2011-01,5,math
2011-02,9,math
2011-03,4,math
2011-04,8,math
2011-05,4,math
2011-06,7,math
2011-07,6,math
2011-08,7,math
2011-09,8,math
2011-10,10,math
2011-11,17,math
2011-12,7,math
2012-01,11,math
2012-02,18,math
2012-03,5,math
2012-04,9,math
2012-05,10,math
2012-06,8,math
2012-07,5,math
2012-08,11,math
2012-09,10,math
2012-10,14,math
2012-11,13,math
2012-12,10,math
2013-01,16,math
2013-02,9,math
2013-03,8,math
2013-04,12,math
2013-05,14,math
2013-06,17,math
2013-07,12,math
2013-08,9,math
2013-09,10,math
2013-10,8,math
2013-11,12,math
2013-12,19,math
2014-01,10,math
2014-02,13,math
2014-03,9,math
2014-04,13,math
2014-05,15,math
2014-06,19,math
2014-07,17,math
2014-08,23,math
2014-09,9,math
2014-10,13,math
2014-11,11,math
2014-12,11,math
2015-01,10,math
2015-02,22,math
2015-03,14,math
2015-04,10,math
2015-05,12,math
2015-06,11,math
2015-07,17,math
2015-08,12,math
2015-09,11,math
2015-10,10,math
2015-11,8,math
2015-12,15,math
2016-01,10,math
2016-02,31,math
2016-03,15,math
2016-04,10,math
2016-05,14,math
2016-06,18,math
2016-07,13,math
2016-08,16,math
2016-09,9,math
2016-10,17,math
2016-11,19,math
2016-12,21,math
2017-01,16,math
2017-02,16,math
2017-03,16,math
2017-04,12,math
2017-05,13,math
2017-06,5,math
2017-07,18,math
2017-08,13,math
2017-09,10,math
2017-10,19,math
2017-11,16,math
2017-12,13,math
2018-01,17,math
2018-02,23,math
2018-03,15,math
2018-04,17,math
2018-05,22,math
2018-06,12,math
2018-07,11,math
2018-08,22,math
2018-09,11,math
2018-10,19,math
2018-11,14,math
2018-12,19,math
2019-01,12,math
2019-02,13,math
2019-03,11,math
2019-04,24,math
2019-05,15,math
2019-06,9,math
2019-07,19,math
2019-08,22,math
2019-09,8,math
2019-10,24,math
2019-11,11,math
2019-12,25,math
2020-01,16,math
2020-02,18,math
2020-03,22,math
2020-04,18,math
2020-05,16,math
2020-06,15,math
2020-07,5,math
2020-08,25,math
2020-09,17,math
2020-10,14,math
2020-11,14,math
2020-12,22,math
2021-01,18,math
2021-02,11,math
2021-03,14,math
2021-04,10,math
2021-05,27,math
2021-06,16,math
2021-07,16,math
2021-08,17,math
2021-09,13,math
2021-10,7,math
2021-11,15,math
2021-12,19,math
2022-01,28,math
2022-02,10,math
2022-03,12,math
2022-04,13,math
2022-05,13,math
2022-06,18,math
2022-07,16,math
2022-08,20,math
2022-09,16,math
2022-10,18,math
2022-11,20,math
2022-12,24,math
2023-01,11,math
2023-02,19,math
2023-03,22,math
2023-04,12,math
2023-05,18,math
2023-06,15,math
2023-07,21,math
2023-08,26,math
2023-09,23,math
2023-10,29,math
2023-11,20,math
2023-12,12,math
2024-01,20,math
2024-02,18,math
2024-03,23,math
2009-01,2,math
2009-02,6,math
2009-03,12,math
2009-04,9,math
2009-05,14,math
2009-06,8,math
2009-07,8,math
2009-08,4,math
2009-09,8,math
2009-10,4,math
2009-11,9,math
2009-12,9,math
2010-01,6,math
2010-02,10,math
2010-03,11,math
2010-04,11,math
2010-05,8,math
2010-06,11,math
2010-07,11,math
2010-08,5,math
2010-09,7,math
2010-10,10,math
2010-11,16,math
2010-12,9,math
2011-01,11,math
2011-02,5,math
2011-03,15,math
2011-04,9,math
2011-05,4,math
2011-06,7,math
2011-07,10,math
2011-08,16,math
2011-09,12,math
2011-10,12,math
2011-11,11,math
2011-12,13,math
2012-01,5,math
2012-02,12,math
2012-03,13,math
2012-04,7,math
2012-05,5,math
2012-06,6,math
2012-07,11,math
2012-08,17,math
2012-09,8,math
2012-10,10,math
2012-11,18,math
2012-12,11,math
2013-01,10,math
2013-02,7,math
2013-03,14,math
2013-04,15,math
2013-05,13,math
2013-06,10,math
2013-07,11,math
2013-08,10,math
2013-09,17,math
2013-10,6,math
2013-11,15,math
2013-12,3,math
2014-01,13,math
2014-02,15,math
2014-03,12,math
2014-04,14,math
2014-05,13,math
2014-06,10,math
2014-07,6,math
2014-08,9,math
2014-09,10,math
2014-10,11,math
2014-11,13,math
2014-12,21,math
2015-01,9,math
2015-02,9,math
2015-03,7,math
2015-04,9,math
2015-05,6,math
2015-06,18,math
2015-07,9,math
2015-08,8,math
2015-09,12,math
2015-10,8,math
2015-11,10,math
2015-12,16,math
2016-01,5,math
2016-02,13,math
2016-03,6,math
2016-04,9,math
2016-05,10,math
2016-06,11,math
2016-07,12,math
2016-08,7,math
2016-09,11,math
2016-10,21,math
2016-11,14,math
2016-12,10,math
2017-01,3,math
2017-02,5,math
2017-03,12,math
2017-04,9,math
2017-05,15,math
2017-06,7,math
2017-07,10,math
2017-08,6,math
2017-09,5,math
2017-10,16,math
2017-11,8,math
2017-12,11,math
2018-01,9,math
2018-02,7,math
2018-03,15,math
2018-04,13,math
2018-05,9,math
2018-06,7,math
2018-07,10,math
2018-08,4,math
2018-09,12,math
2018-10,16,math
2018-11,18,math
2018-12,10,math
2019-01,18,math
2019-02,9,math
2019-03,4,math
2019-04,7,math
2019-05,13,math
2019-06,6,math
2019-07,15,math
2019-08,11,math
2019-09,12,math
2019-10,16,math
2019-11,10,math
2019-12,13,math
2020-01,12,math
2020-02,9,math
2020-03,9,math
2020-04,7,math
2020-05,5,math
2020-06,14,math
2020-07,13,math
2020-08,3,math
2020-09,20,math
2020-10,11,math
2020-11,8,math
2020-12,8,math
2021-01,8,math
2021-02,9,math
2021-03,7,math
2021-04,5,math
2021-05,9,math
2021-06,4,math
2021-07,6,math
2021-08,6,math
2021-09,11,math
2021-10,11,math
2021-11,13,math
2021-12,12,math
2022-01,10,math
2022-02,10,math
2022-03,8,math
2022-04,14,math
2022-05,10,math
2022-06,12,math
2022-07,7,math
2022-08,6,math
2022-09,11,math
2022-10,5,math
2022-11,15,math
2022-12,5,math
2023-01,5,math
2023-02,3,math
2023-03,5,math
2023-04,11,math
2023-05,7,math
2023-06,13,math
2023-07,10,math
2023-08,6,math
2023-09,7,math
2023-10,11,math
2023-11,12,math
2023-12,4,math
2024-01,11,math
2024-02,12,math
2024-03,7,math
2009-01,18,math
2009-02,17,math
2009-03,17,math
2009-04,18,math
2009-05,52,math
2009-06,18,math
2009-07,15,math
2009-08,7,math
2009-09,17,math
2009-10,12,math
2009-11,14,math
2009-12,16,math
2010-01,16,math
2010-02,16,math
2010-03,30,math
2010-04,14,math
2010-05,22,math
2010-06,17,math
2010-07,21,math
2010-08,13,math
2010-09,20,math
2010-10,17,math
2010-11,23,math
2010-12,24,math
2011-01,18,math
2011-02,20,math
2011-03,24,math
2011-04,28,math
2011-05,27,math
2011-06,29,math
2011-07,21,math
2011-08,20,math
2011-09,30,math
2011-10,42,math
2011-11,27,math
2011-12,30,math
2012-01,39,math
2012-02,30,math
2012-03,31,math
2012-04,39,math
2012-05,29,math
2012-06,30,math
2012-07,26,math
2012-08,29,math
2012-09,17,math
2012-10,47,math
2012-11,26,math
2012-12,25,math
2013-01,22,math
2013-02,32,math
2013-03,32,math
2013-04,62,math
2013-05,39,math
2013-06,33,math
2013-07,34,math
2013-08,29,math
2013-09,33,math
2013-10,33,math
2013-11,37,math
2013-12,35,math
2014-01,41,math
2014-02,29,math
2014-03,28,math
2014-04,32,math
2014-05,38,math
2014-06,51,math
2014-07,35,math
2014-08,75,math
2014-09,45,math
2014-10,41,math
2014-11,42,math
2014-12,39,math
2015-01,32,math
2015-02,42,math
2015-03,51,math
2015-04,37,math
2015-05,26,math
2015-06,41,math
2015-07,28,math
2015-08,43,math
2015-09,54,math
2015-10,82,math
2015-11,44,math
2015-12,49,math
2016-01,54,math
2016-02,56,math
2016-03,58,math
2016-04,48,math
2016-05,40,math
2016-06,34,math
2016-07,49,math
2016-08,38,math
2016-09,51,math
2016-10,56,math
2016-11,39,math
2016-12,45,math
2017-01,46,math
2017-02,45,math
2017-03,47,math
2017-04,49,math
2017-05,45,math
2017-06,50,math
2017-07,56,math
2017-08,57,math
2017-09,50,math
2017-10,62,math
2017-11,46,math
2017-12,47,math
2018-01,50,math
2018-02,44,math
2018-03,59,math
2018-04,69,math
2018-05,53,math
2018-06,47,math
2018-07,48,math
2018-08,55,math
2018-09,55,math
2018-10,90,math
2018-11,56,math
2018-12,50,math
2019-01,58,math
2019-02,59,math
2019-03,55,math
2019-04,54,math
2019-05,64,math
2019-06,39,math
2019-07,48,math
2019-08,55,math
2019-09,53,math
2019-10,61,math
2019-11,39,math
2019-12,50,math
2020-01,46,math
2020-02,54,math
2020-03,53,math
2020-04,70,math
2020-05,40,math
2020-06,71,math
2020-07,48,math
2020-08,54,math
2020-09,56,math
2020-10,52,math
2020-11,53,math
2020-12,50,math
2021-01,52,math
2021-02,46,math
2021-03,55,math
2021-04,48,math
2021-05,57,math
2021-06,52,math
2021-07,48,math
2021-08,47,math
2021-09,63,math
2021-10,65,math
2021-11,50,math
2021-12,48,math
2022-01,31,math
2022-02,46,math
2022-03,59,math
2022-04,51,math
2022-05,38,math
2022-06,53,math
2022-07,47,math
2022-08,53,math
2022-09,74,math
2022-10,51,math
2022-11,44,math
2022-12,62,math
2023-01,41,math
2023-02,58,math
2023-03,74,math
2023-04,60,math
2023-05,63,math
2023-06,50,math
2023-07,47,math
2023-08,54,math
2023-09,48,math
2023-10,72,math
2023-11,59,math
2023-12,61,math
2024-01,85,math
2024-02,69,math
2024-03,61,math
2009-01,12,math
2009-02,13,math
2009-03,17,math
2009-04,6,math
2009-05,8,math
2009-06,15,math
2009-07,10,math
2009-08,14,math
2009-09,16,math
2009-10,19,math
2009-11,16,math
2009-12,13,math
2010-01,14,math
2010-02,17,math
2010-03,25,math
2010-04,13,math
2010-05,18,math
2010-06,18,math
2010-07,25,math
2010-08,24,math
2010-09,15,math
2010-10,23,math
2010-11,18,math
2010-12,15,math
2011-01,23,math
2011-02,16,math
2011-03,12,math
2011-04,8,math
2011-05,29,math
2011-06,9,math
2011-07,14,math
2011-08,21,math
2011-09,10,math
2011-10,28,math
2011-11,24,math
2011-12,23,math
2012-01,24,math
2012-02,8,math
2012-03,29,math
2012-04,23,math
2012-05,25,math
2012-06,31,math
2012-07,25,math
2012-08,19,math
2012-09,24,math
2012-10,32,math
2012-11,21,math
2012-12,21,math
2013-01,33,math
2013-02,21,math
2013-03,23,math
2013-04,28,math
2013-05,25,math
2013-06,21,math
2013-07,34,math
2013-08,39,math
2013-09,26,math
2013-10,24,math
2013-11,19,math
2013-12,40,math
2014-01,28,math
2014-02,30,math
2014-03,36,math
2014-04,27,math
2014-05,33,math
2014-06,25,math
2014-07,28,math
2014-08,25,math
2014-09,30,math
2014-10,39,math
2014-11,33,math
2014-12,42,math
2015-01,38,math
2015-02,28,math
2015-03,29,math
2015-04,25,math
2015-05,26,math
2015-06,28,math
2015-07,43,math
2015-08,34,math
2015-09,34,math
2015-10,30,math
2015-11,30,math
2015-12,33,math
2016-01,27,math
2016-02,46,math
2016-03,38,math
2016-04,32,math
2016-05,31,math
2016-06,30,math
2016-07,24,math
2016-08,37,math
2016-09,28,math
2016-10,37,math
2016-11,32,math
2016-12,29,math
2017-01,25,math
2017-02,32,math
2017-03,41,math
2017-04,27,math
2017-05,32,math
2017-06,35,math
2017-07,34,math
2017-08,28,math
2017-09,31,math
2017-10,22,math
2017-11,23,math
2017-12,28,math
2018-01,29,math
2018-02,35,math
2018-03,34,math
2018-04,41,math
2018-05,22,math
2018-06,32,math
2018-07,32,math
2018-08,16,math
2018-09,39,math
2018-10,38,math
2018-11,27,math
2018-12,36,math
2019-01,25,math
2019-02,36,math
2019-03,31,math
2019-04,32,math
2019-05,40,math
2019-06,28,math
2019-07,40,math
2019-08,43,math
2019-09,31,math
2019-10,33,math
2019-11,27,math
2019-12,33,math
2020-01,22,math
2020-02,31,math
2020-03,28,math
2020-04,39,math
2020-05,37,math
2020-06,33,math
2020-07,38,math
2020-08,30,math
2020-09,42,math
2020-10,21,math
2020-11,26,math
2020-12,35,math
2021-01,26,math
2021-02,36,math
2021-03,29,math
2021-04,28,math
2021-05,32,math
2021-06,31,math
2021-07,31,math
2021-08,34,math
2021-09,38,math
2021-10,34,math
2021-11,35,math
2021-12,36,math
2022-01,26,math
2022-02,34,math
2022-03,32,math
2022-04,26,math
2022-05,27,math
2022-06,35,math
2022-07,40,math
2022-08,25,math
2022-09,18,math
2022-10,31,math
2022-11,33,math
2022-12,37,math
2023-01,22,math
2023-02,27,math
2023-03,35,math
2023-04,32,math
2023-05,44,math
2023-06,31,math
2023-07,32,math
2023-08,30,math
2023-09,30,math
2023-10,39,math
2023-11,25,math
2023-12,30,math
2024-01,26,math
2024-02,29,math
2024-03,25,math
2009-01,23,math
2009-02,18,math
2009-03,19,math
2009-04,18,math
2009-05,30,math
2009-06,25,math
2009-07,17,math
2009-08,15,math
2009-09,23,math
2009-10,25,math
2009-11,26,math
2009-12,21,math
2010-01,39,math
2010-02,32,math
2010-03,29,math
2010-04,38,math
2010-05,37,math
2010-06,44,math
2010-07,32,math
2010-08,31,math
2010-09,36,math
2010-10,35,math
2010-11,47,math
2010-12,30,math
2011-01,47,math
2011-02,41,math
2011-03,43,math
2011-04,24,math
2011-05,54,math
2011-06,50,math
2011-07,39,math
2011-08,33,math
2011-09,67,math
2011-10,56,math
2011-11,60,math
2011-12,52,math
2012-01,52,math
2012-02,52,math
2012-03,63,math
2012-04,63,math
2012-05,73,math
2012-06,46,math
2012-07,53,math
2012-08,72,math
2012-09,66,math
2012-10,75,math
2012-11,82,math
2012-12,71,math
2013-01,74,math
2013-02,66,math
2013-03,82,math
2013-04,91,math
2013-05,71,math
2013-06,86,math
2013-07,88,math
2013-08,76,math
2013-09,75,math
2013-10,119,math
2013-11,85,math
2013-12,91,math
2014-01,103,math
2014-02,94,math
2014-03,96,math
2014-04,100,math
2014-05,91,math
2014-06,103,math
2014-07,105,math
2014-08,91,math
2014-09,116,math
2014-10,129,math
2014-11,116,math
2014-12,105,math
2015-01,103,math
2015-02,98,math
2015-03,117,math
2015-04,105,math
2015-05,121,math
2015-06,118,math
2015-07,113,math
2015-08,102,math
2015-09,120,math
2015-10,124,math
2015-11,144,math
2015-12,126,math
2016-01,124,math
2016-02,157,math
2016-03,127,math
2016-04,129,math
2016-05,159,math
2016-06,140,math
2016-07,141,math
2016-08,119,math
2016-09,123,math
2016-10,162,math
2016-11,174,math
2016-12,145,math
2017-01,147,math
2017-02,134,math
2017-03,172,math
2017-04,130,math
2017-05,171,math
2017-06,146,math
2017-07,135,math
2017-08,134,math
2017-09,162,math
2017-10,175,math
2017-11,179,math
2017-12,174,math
2018-01,180,math
2018-02,154,math
2018-03,201,math
2018-04,189,math
2018-05,212,math
2018-06,192,math
2018-07,184,math
2018-08,168,math
2018-09,170,math
2018-10,201,math
2018-11,215,math
2018-12,201,math
2019-01,184,math
2019-02,199,math
2019-03,190,math
2019-04,155,math
2019-05,196,math
2019-06,185,math
2019-07,228,math
2019-08,179,math
2019-09,210,math
2019-10,226,math
2019-11,186,math
2019-12,240,math
2020-01,211,math
2020-02,211,math
2020-03,221,math
2020-04,223,math
2020-05,190,math
2020-06,221,math
2020-07,249,math
2020-08,181,math
2020-09,201,math
2020-10,227,math
2020-11,260,math
2020-12,237,math
2021-01,226,math
2021-02,228,math
2021-03,321,math
2021-04,246,math
2021-05,280,math
2021-06,267,math
2021-07,220,math
2021-08,229,math
2021-09,210,math
2021-10,249,math
2021-11,259,math
2021-12,250,math
2022-01,233,math
2022-02,226,math
2022-03,277,math
2022-04,197,math
2022-05,224,math
2022-06,196,math
2022-07,233,math
2022-08,212,math
2022-09,257,math
2022-10,265,math
2022-11,254,math
2022-12,250,math
2023-01,250,math
2023-02,229,math
2023-03,269,math
2023-04,239,math
2023-05,283,math
2023-06,288,math
2023-07,259,math
2023-08,249,math
2023-09,234,math
2023-10,328,math
2023-11,243,math
2023-12,265,math
2024-01,295,math
2024-02,297,math
2024-03,308,math
2009-01,54,math
2009-02,51,math
2009-03,73,math
2009-04,53,math
2009-05,69,math
2009-06,74,math
2009-07,94,math
2009-08,63,math
2009-09,80,math
2009-10,88,math
2009-11,78,math
2009-12,95,math
2010-01,86,math
2010-02,72,math
2010-03,97,math
2010-04,82,math
2010-05,86,math
2010-06,78,math
2010-07,72,math
2010-08,96,math
2010-09,72,math
2010-10,84,math
2010-11,81,math
2010-12,90,math
2011-01,83,math
2011-02,88,math
2011-03,103,math
2011-04,81,math
2011-05,104,math
2011-06,97,math
2011-07,75,math
2011-08,116,math
2011-09,104,math
2011-10,103,math
2011-11,102,math
2011-12,92,math
2012-01,112,math
2012-02,124,math
2012-03,100,math
2012-04,109,math
2012-05,113,math
2012-06,99,math
2012-07,106,math
2012-08,127,math
2012-09,100,math
2012-10,134,math
2012-11,118,math
2012-12,110,math
2013-01,127,math
2013-02,110,math
2013-03,102,math
2013-04,124,math
2013-05,126,math
2013-06,113,math
2013-07,154,math
2013-08,106,math
2013-09,146,math
2013-10,160,math
2013-11,134,math
2013-12,144,math
2014-01,138,math
2014-02,137,math
2014-03,131,math
2014-04,130,math
2014-05,112,math
2014-06,123,math
2014-07,154,math
2014-08,114,math
2014-09,172,math
2014-10,148,math
2014-11,123,math
2014-12,141,math
2015-01,125,math
2015-02,118,math
2015-03,159,math
2015-04,146,math
2015-05,130,math
2015-06,146,math
2015-07,142,math
2015-08,129,math
2015-09,131,math
2015-10,158,math
2015-11,183,math
2015-12,155,math
2016-01,153,math
2016-02,167,math
2016-03,180,math
2016-04,153,math
2016-05,152,math
2016-06,157,math
2016-07,120,math
2016-08,176,math
2016-09,186,math
2016-10,179,math
2016-11,151,math
2016-12,137,math
2017-01,146,math
2017-02,128,math
2017-03,182,math
2017-04,125,math
2017-05,160,math
2017-06,187,math
2017-07,162,math
2017-08,149,math
2017-09,154,math
2017-10,188,math
2017-11,174,math
2017-12,123,math
2018-01,151,math
2018-02,144,math
2018-03,167,math
2018-04,144,math
2018-05,182,math
2018-06,189,math
2018-07,148,math
2018-08,136,math
2018-09,190,math
2018-10,225,math
2018-11,165,math
2018-12,180,math
2019-01,155,math
2019-02,143,math
2019-03,151,math
2019-04,170,math
2019-05,141,math
2019-06,149,math
2019-07,170,math
2019-08,150,math
2019-09,178,math
2019-10,219,math
2019-11,147,math
2019-12,189,math
2020-01,184,math
2020-02,167,math
2020-03,183,math
2020-04,156,math
2020-05,219,math
2020-06,241,math
2020-07,174,math
2020-08,175,math
2020-09,195,math
2020-10,202,math
2020-11,178,math
2020-12,183,math
2021-01,180,math
2021-02,184,math
2021-03,197,math
2021-04,168,math
2021-05,178,math
2021-06,179,math
2021-07,151,math
2021-08,195,math
2021-09,203,math
2021-10,189,math
2021-11,216,math
2021-12,181,math
2022-01,171,math
2022-02,170,math
2022-03,196,math
2022-04,178,math
2022-05,170,math
2022-06,194,math
2022-07,202,math
2022-08,196,math
2022-09,168,math
2022-10,188,math
2022-11,237,math
2022-12,164,math
2023-01,188,math
2023-02,177,math
2023-03,222,math
2023-04,153,math
2023-05,180,math
2023-06,190,math
2023-07,183,math
2023-08,203,math
2023-09,207,math
2023-10,215,math
2023-11,173,math
2023-12,186,math
2024-01,233,math
2024-02,204,math
2024-03,198,math
2009-01,27,math
2009-02,24,math
2009-03,19,math
2009-04,21,math
2009-05,23,math
2009-06,44,math
2009-07,31,math
2009-08,23,math
2009-09,18,math
2009-10,22,math
2009-11,24,math
2009-12,18,math
2010-01,26,math
2010-02,29,math
2010-03,27,math
2010-04,19,math
2010-05,25,math
2010-06,33,math
2010-07,34,math
2010-08,32,math
2010-09,23,math
2010-10,33,math
2010-11,23,math
2010-12,21,math
2011-01,34,math
2011-02,30,math
2011-03,10,math
2011-04,23,math
2011-05,27,math
2011-06,24,math
2011-07,27,math
2011-08,23,math
2011-09,29,math
2011-10,35,math
2011-11,36,math
2011-12,30,math
2012-01,41,math
2012-02,23,math
2012-03,33,math
2012-04,32,math
2012-05,26,math
2012-06,24,math
2012-07,30,math
2012-08,30,math
2012-09,46,math
2012-10,50,math
2012-11,31,math
2012-12,37,math
2013-01,34,math
2013-02,32,math
2013-03,26,math
2013-04,33,math
2013-05,29,math
2013-06,33,math
2013-07,36,math
2013-08,37,math
2013-09,39,math
2013-10,28,math
2013-11,25,math
2013-12,23,math
2014-01,31,math
2014-02,26,math
2014-03,42,math
2014-04,47,math
2014-05,29,math
2014-06,30,math
2014-07,35,math
2014-08,34,math
2014-09,38,math
2014-10,44,math
2014-11,40,math
2014-12,36,math
2015-01,37,math
2015-02,27,math
2015-03,38,math
2015-04,36,math
2015-05,43,math
2015-06,30,math
2015-07,41,math
2015-08,28,math
2015-09,34,math
2015-10,37,math
2015-11,42,math
2015-12,38,math
2016-01,32,math
2016-02,38,math
2016-03,38,math
2016-04,40,math
2016-05,52,math
2016-06,28,math
2016-07,24,math
2016-08,46,math
2016-09,28,math
2016-10,23,math
2016-11,44,math
2016-12,43,math
2017-01,31,math
2017-02,18,math
2017-03,39,math
2017-04,25,math
2017-05,49,math
2017-06,48,math
2017-07,28,math
2017-08,28,math
2017-09,37,math
2017-10,35,math
2017-11,33,math
2017-12,36,math
2018-01,27,math
2018-02,24,math
2018-03,39,math
2018-04,39,math
2018-05,33,math
2018-06,37,math
2018-07,36,math
2018-08,28,math
2018-09,28,math
2018-10,33,math
2018-11,48,math
2018-12,31,math
2019-01,33,math
2019-02,25,math
2019-03,30,math
2019-04,33,math
2019-05,44,math
2019-06,37,math
2019-07,40,math
2019-08,27,math
2019-09,24,math
2019-10,31,math
2019-11,32,math
2019-12,30,math
2020-01,26,math
2020-02,29,math
2020-03,24,math
2020-04,28,math
2020-05,31,math
2020-06,42,math
2020-07,25,math
2020-08,29,math
2020-09,34,math
2020-10,28,math
2020-11,30,math
2020-12,32,math
2021-01,30,math
2021-02,23,math
2021-03,24,math
2021-04,27,math
2021-05,33,math
2021-06,19,math
2021-07,36,math
2021-08,40,math
2021-09,38,math
2021-10,35,math
2021-11,32,math
2021-12,38,math
2022-01,32,math
2022-02,30,math
2022-03,33,math
2022-04,32,math
2022-05,27,math
2022-06,19,math
2022-07,19,math
2022-08,24,math
2022-09,26,math
2022-10,26,math
2022-11,41,math
2022-12,26,math
2023-01,30,math
2023-02,36,math
2023-03,37,math
2023-04,32,math
2023-05,32,math
2023-06,32,math
2023-07,32,math
2023-08,26,math
2023-09,37,math
2023-10,38,math
2023-11,39,math
2023-12,46,math
2024-01,27,math
2024-02,37,math
2024-03,39,math
2009-01,17,math
2009-02,34,math
2009-03,28,math
2009-04,23,math
2009-05,22,math
2009-06,22,math
2009-07,30,math
2009-08,19,math
2009-09,22,math
2009-10,25,math
2009-11,29,math
2009-12,31,math
2010-01,35,math
2010-02,25,math
2010-03,35,math
2010-04,40,math
2010-05,37,math
2010-06,42,math
2010-07,37,math
2010-08,29,math
2010-09,36,math
2010-10,32,math
2010-11,32,math
2010-12,35,math
2011-01,34,math
2011-02,36,math
2011-03,54,math
2011-04,31,math
2011-05,49,math
2011-06,40,math
2011-07,47,math
2011-08,35,math
2011-09,45,math
2011-10,59,math
2011-11,44,math
2011-12,63,math
2012-01,49,math
2012-02,45,math
2012-03,81,math
2012-04,59,math
2012-05,45,math
2012-06,65,math
2012-07,86,math
2012-08,67,math
2012-09,51,math
2012-10,71,math
2012-11,70,math
2012-12,78,math
2013-01,68,math
2013-02,84,math
2013-03,85,math
2013-04,92,math
2013-05,79,math
2013-06,83,math
2013-07,85,math
2013-08,63,math
2013-09,83,math
2013-10,80,math
2013-11,76,math
2013-12,94,math
2014-01,110,math
2014-02,90,math
2014-03,133,math
2014-04,103,math
2014-05,91,math
2014-06,102,math
2014-07,113,math
2014-08,91,math
2014-09,123,math
2014-10,115,math
2014-11,84,math
2014-12,114,math
2015-01,101,math
2015-02,85,math
2015-03,147,math
2015-04,112,math
2015-05,101,math
2015-06,132,math
2015-07,157,math
2015-08,133,math
2015-09,140,math
2015-10,148,math
2015-11,119,math
2015-12,118,math
2016-01,114,math
2016-02,124,math
2016-03,173,math
2016-04,136,math
2016-05,163,math
2016-06,125,math
2016-07,127,math
2016-08,148,math
2016-09,167,math
2016-10,145,math
2016-11,173,math
2016-12,145,math
2017-01,154,math
2017-02,163,math
2017-03,203,math
2017-04,160,math
2017-05,191,math
2017-06,189,math
2017-07,172,math
2017-08,160,math
2017-09,193,math
2017-10,184,math
2017-11,202,math
2017-12,154,math
2018-01,171,math
2018-02,218,math
2018-03,263,math
2018-04,199,math
2018-05,206,math
2018-06,176,math
2018-07,192,math
2018-08,165,math
2018-09,237,math
2018-10,259,math
2018-11,202,math
2018-12,200,math
2019-01,188,math
2019-02,223,math
2019-03,292,math
2019-04,215,math
2019-05,241,math
2019-06,205,math
2019-07,230,math
2019-08,175,math
2019-09,240,math
2019-10,272,math
2019-11,232,math
2019-12,283,math
2020-01,236,math
2020-02,261,math
2020-03,269,math
2020-04,258,math
2020-05,216,math
2020-06,310,math
2020-07,266,math
2020-08,199,math
2020-09,262,math
2020-10,246,math
2020-11,264,math
2020-12,269,math
2021-01,255,math
2021-02,229,math
2021-03,349,math
2021-04,273,math
2021-05,270,math
2021-06,318,math
2021-07,267,math
2021-08,206,math
2021-09,290,math
2021-10,271,math
2021-11,256,math
2021-12,240,math
2022-01,238,math
2022-02,242,math
2022-03,290,math
2022-04,277,math
2022-05,273,math
2022-06,278,math
2022-07,257,math
2022-08,256,math
2022-09,288,math
2022-10,303,math
2022-11,305,math
2022-12,252,math
2023-01,234,math
2023-02,297,math
2023-03,359,math
2023-04,256,math
2023-05,305,math
2023-06,256,math
2023-07,280,math
2023-08,254,math
2023-09,265,math
2023-10,321,math
2023-11,362,math
2023-12,284,math
2024-01,342,math
2024-02,319,math
2024-03,388,math
2009-01,88,math
2009-02,97,math
2009-03,106,math
2009-04,84,math
2009-05,84,math
2009-06,101,math
2009-07,122,math
2009-08,104,math
2009-09,99,math
2009-10,117,math
2009-11,147,math
2009-12,109,math
2010-01,105,math
2010-02,87,math
2010-03,123,math
2010-04,121,math
2010-05,123,math
2010-06,111,math
2010-07,122,math
2010-08,105,math
2010-09,136,math
2010-10,131,math
2010-11,135,math
2010-12,124,math
2011-01,131,math
2011-02,130,math
2011-03,146,math
2011-04,146,math
2011-05,142,math
2011-06,128,math
2011-07,143,math
2011-08,124,math
2011-09,122,math
2011-10,153,math
2011-11,160,math
2011-12,137,math
2012-01,168,math
2012-02,154,math
2012-03,157,math
2012-04,137,math
2012-05,132,math
2012-06,144,math
2012-07,162,math
2012-08,122,math
2012-09,121,math
2012-10,200,math
2012-11,161,math
2012-12,151,math
2013-01,153,math
2013-02,137,math
2013-03,145,math
2013-04,164,math
2013-05,150,math
2013-06,156,math
2013-07,181,math
2013-08,135,math
2013-09,206,math
2013-10,226,math
2013-11,156,math
2013-12,193,math
2014-01,163,math
2014-02,177,math
2014-03,169,math
2014-04,180,math
2014-05,183,math
2014-06,153,math
2014-07,191,math
2014-08,145,math
2014-09,178,math
2014-10,206,math
2014-11,154,math
2014-12,191,math
2015-01,201,math
2015-02,146,math
2015-03,190,math
2015-04,177,math
2015-05,169,math
2015-06,210,math
2015-07,193,math
2015-08,199,math
2015-09,202,math
2015-10,216,math
2015-11,171,math
2015-12,174,math
2016-01,182,math
2016-02,178,math
2016-03,222,math
2016-04,176,math
2016-05,196,math
2016-06,208,math
2016-07,179,math
2016-08,167,math
2016-09,206,math
2016-10,207,math
2016-11,187,math
2016-12,185,math
2017-01,203,math
2017-02,161,math
2017-03,195,math
2017-04,170,math
2017-05,180,math
2017-06,201,math
2017-07,209,math
2017-08,180,math
2017-09,204,math
2017-10,207,math
2017-11,211,math
2017-12,178,math
2018-01,203,math
2018-02,200,math
2018-03,200,math
2018-04,200,math
2018-05,195,math
2018-06,220,math
2018-07,218,math
2018-08,206,math
2018-09,195,math
2018-10,227,math
2018-11,194,math
2018-12,229,math
2019-01,186,math
2019-02,169,math
2019-03,224,math
2019-04,226,math
2019-05,217,math
2019-06,170,math
2019-07,244,math
2019-08,184,math
2019-09,220,math
2019-10,211,math
2019-11,211,math
2019-12,241,math
2020-01,192,math
2020-02,184,math
2020-03,235,math
2020-04,243,math
2020-05,216,math
2020-06,237,math
2020-07,222,math
2020-08,210,math
2020-09,219,math
2020-10,213,math
2020-11,204,math
2020-12,223,math
2021-01,194,math
2021-02,189,math
2021-03,229,math
2021-04,196,math
2021-05,218,math
2021-06,208,math
2021-07,194,math
2021-08,182,math
2021-09,194,math
2021-10,208,math
2021-11,223,math
2021-12,208,math
2022-01,175,math
2022-02,162,math
2022-03,225,math
2022-04,159,math
2022-05,212,math
2022-06,202,math
2022-07,200,math
2022-08,200,math
2022-09,201,math
2022-10,189,math
2022-11,232,math
2022-12,197,math
2023-01,191,math
2023-02,170,math
2023-03,219,math
2023-04,186,math
2023-05,204,math
2023-06,187,math
2023-07,214,math
2023-08,196,math
2023-09,217,math
2023-10,240,math
2023-11,201,math
2023-12,218,math
2024-01,211,math
2024-02,207,math
2024-03,218,math
2009-01,18,math
2009-02,26,math
2009-03,29,math
2009-04,18,math
2009-05,23,math
2009-06,18,math
2009-07,21,math
2009-08,30,math
2009-09,38,math
2009-10,28,math
2009-11,27,math
2009-12,29,math
2010-01,24,math
2010-02,34,math
2010-03,39,math
2010-04,32,math
2010-05,18,math
2010-06,22,math
2010-07,21,math
2010-08,21,math
2010-09,37,math
2010-10,31,math
2010-11,25,math
2010-12,33,math
2011-01,13,math
2011-02,23,math
2011-03,34,math
2011-04,30,math
2011-05,20,math
2011-06,21,math
2011-07,23,math
2011-08,28,math
2011-09,35,math
2011-10,25,math
2011-11,27,math
2011-12,21,math
2012-01,22,math
2012-02,27,math
2012-03,31,math
2012-04,16,math
2012-05,28,math
2012-06,25,math
2012-07,29,math
2012-08,21,math
2012-09,26,math
2012-10,39,math
2012-11,22,math
2012-12,25,math
2013-01,33,math
2013-02,20,math
2013-03,23,math
2013-04,28,math
2013-05,23,math
2013-06,20,math
2013-07,28,math
2013-08,31,math
2013-09,34,math
2013-10,36,math
2013-11,29,math
2013-12,32,math
2014-01,33,math
2014-02,33,math
2014-03,22,math
2014-04,23,math
2014-05,29,math
2014-06,24,math
2014-07,27,math
2014-08,13,math
2014-09,30,math
2014-10,31,math
2014-11,21,math
2014-12,33,math
2015-01,24,math
2015-02,31,math
2015-03,33,math
2015-04,28,math
2015-05,24,math
2015-06,32,math
2015-07,30,math
2015-08,25,math
2015-09,33,math
2015-10,18,math
2015-11,30,math
2015-12,28,math
2016-01,9,math
2016-02,33,math
2016-03,36,math
2016-04,33,math
2016-05,37,math
2016-06,27,math
2016-07,32,math
2016-08,22,math
2016-09,19,math
2016-10,21,math
2016-11,36,math
2016-12,34,math
2017-01,22,math
2017-02,28,math
2017-03,31,math
2017-04,22,math
2017-05,27,math
2017-06,28,math
2017-07,28,math
2017-08,27,math
2017-09,28,math
2017-10,30,math
2017-11,20,math
2017-12,25,math
2018-01,25,math
2018-02,27,math
2018-03,27,math
2018-04,38,math
2018-05,26,math
2018-06,27,math
2018-07,33,math
2018-08,24,math
2018-09,28,math
2018-10,39,math
2018-11,35,math
2018-12,28,math
2019-01,24,math
2019-02,23,math
2019-03,24,math
2019-04,27,math
2019-05,22,math
2019-06,21,math
2019-07,27,math
2019-08,27,math
2019-09,19,math
2019-10,43,math
2019-11,42,math
2019-12,35,math
2020-01,29,math
2020-02,29,math
2020-03,35,math
2020-04,30,math
2020-05,37,math
2020-06,23,math
2020-07,24,math
2020-08,26,math
2020-09,28,math
2020-10,20,math
2020-11,24,math
2020-12,27,math
2021-01,14,math
2021-02,17,math
2021-03,36,math
2021-04,35,math
2021-05,21,math
2021-06,24,math
2021-07,30,math
2021-08,22,math
2021-09,24,math
2021-10,25,math
2021-11,25,math
2021-12,33,math
2022-01,20,math
2022-02,24,math
2022-03,36,math
2022-04,24,math
2022-05,24,math
2022-06,21,math
2022-07,21,math
2022-08,23,math
2022-09,36,math
2022-10,26,math
2022-11,41,math
2022-12,25,math
2023-01,30,math
2023-02,28,math
2023-03,36,math
2023-04,32,math
2023-05,36,math
2023-06,39,math
2023-07,28,math
2023-08,32,math
2023-09,24,math
2023-10,20,math
2023-11,24,math
2023-12,42,math
2024-01,22,math
2024-02,30,math
2024-03,28,math
2009-01,27,math
2009-02,28,math
2009-03,42,math
2009-04,23,math
2009-05,32,math
2009-06,31,math
2009-07,34,math
2009-08,17,math
2009-09,25,math
2009-10,30,math
2009-11,38,math
2009-12,21,math
2010-01,38,math
2010-02,28,math
2010-03,30,math
2010-04,37,math
2010-05,32,math
2010-06,25,math
2010-07,25,math
2010-08,33,math
2010-09,26,math
2010-10,34,math
2010-11,41,math
2010-12,32,math
2011-01,38,math
2011-02,39,math
2011-03,31,math
2011-04,34,math
2011-05,24,math
2011-06,44,math
2011-07,37,math
2011-08,39,math
2011-09,39,math
2011-10,45,math
2011-11,28,math
2011-12,32,math
2012-01,35,math
2012-02,28,math
2012-03,23,math
2012-04,35,math
2012-05,35,math
2012-06,28,math
2012-07,45,math
2012-08,39,math
2012-09,43,math
2012-10,58,math
2012-11,33,math
2012-12,49,math
2013-01,51,math
2013-02,42,math
2013-03,40,math
2013-04,63,math
2013-05,52,math
2013-06,45,math
2013-07,65,math
2013-08,54,math
2013-09,48,math
2013-10,45,math
2013-11,38,math
2013-12,48,math
2014-01,50,math
2014-02,36,math
2014-03,56,math
2014-04,38,math
2014-05,49,math
2014-06,48,math
2014-07,50,math
2014-08,29,math
2014-09,47,math
2014-10,42,math
2014-11,47,math
2014-12,46,math
2015-01,49,math
2015-02,44,math
2015-03,51,math
2015-04,45,math
2015-05,49,math
2015-06,41,math
2015-07,46,math
2015-08,46,math
2015-09,48,math
2015-10,57,math
2015-11,47,math
2015-12,68,math
2016-01,64,math
2016-02,51,math
2016-03,51,math
2016-04,53,math
2016-05,53,math
2016-06,48,math
2016-07,47,math
2016-08,41,math
2016-09,55,math
2016-10,56,math
2016-11,56,math
2016-12,37,math
2017-01,62,math
2017-02,39,math
2017-03,44,math
2017-04,45,math
2017-05,69,math
2017-06,49,math
2017-07,66,math
2017-08,68,math
2017-09,48,math
2017-10,49,math
2017-11,58,math
2017-12,53,math
2018-01,45,math
2018-02,40,math
2018-03,52,math
2018-04,41,math
2018-05,63,math
2018-06,53,math
2018-07,57,math
2018-08,69,math
2018-09,48,math
2018-10,65,math
2018-11,41,math
2018-12,67,math
2019-01,51,math
2019-02,51,math
2019-03,69,math
2019-04,60,math
2019-05,66,math
2019-06,48,math
2019-07,66,math
2019-08,51,math
2019-09,49,math
2019-10,49,math
2019-11,67,math
2019-12,71,math
2020-01,78,math
2020-02,43,math
2020-03,47,math
2020-04,62,math
2020-05,53,math
2020-06,80,math
2020-07,71,math
2020-08,67,math
2020-09,56,math
2020-10,59,math
2020-11,51,math
2020-12,44,math
2021-01,54,math
2021-02,45,math
2021-03,46,math
2021-04,51,math
2021-05,54,math
2021-06,41,math
2021-07,66,math
2021-08,57,math
2021-09,43,math
2021-10,34,math
2021-11,43,math
2021-12,57,math
2022-01,44,math
2022-02,43,math
2022-03,57,math
2022-04,58,math
2022-05,62,math
2022-06,55,math
2022-07,52,math
2022-08,65,math
2022-09,69,math
2022-10,53,math
2022-11,64,math
2022-12,56,math
2023-01,62,math
2023-02,42,math
2023-03,55,math
2023-04,54,math
2023-05,52,math
2023-06,64,math
2023-07,55,math
2023-08,54,math
2023-09,52,math
2023-10,57,math
2023-11,60,math
2023-12,52,math
2024-01,75,math
2024-02,68,math
2024-03,71,math
2009-01,36,math
2009-02,43,math
2009-03,55,math
2009-04,40,math
2009-05,32,math
2009-06,43,math
2009-07,35,math
2009-08,28,math
2009-09,50,math
2009-10,43,math
2009-11,60,math
2009-12,40,math
2010-01,42,math
2010-02,41,math
2010-03,46,math
2010-04,60,math
2010-05,46,math
2010-06,41,math
2010-07,37,math
2010-08,36,math
2010-09,61,math
2010-10,44,math
2010-11,67,math
2010-12,60,math
2011-01,55,math
2011-02,55,math
2011-03,48,math
2011-04,47,math
2011-05,56,math
2011-06,38,math
2011-07,49,math
2011-08,52,math
2011-09,50,math
2011-10,63,math
2011-11,57,math
2011-12,58,math
2012-01,54,math
2012-02,45,math
2012-03,47,math
2012-04,55,math
2012-05,64,math
2012-06,46,math
2012-07,50,math
2012-08,56,math
2012-09,80,math
2012-10,77,math
2012-11,50,math
2012-12,78,math
2013-01,65,math
2013-02,54,math
2013-03,53,math
2013-04,55,math
2013-05,56,math
2013-06,41,math
2013-07,57,math
2013-08,60,math
2013-09,69,math
2013-10,72,math
2013-11,50,math
2013-12,54,math
2014-01,63,math
2014-02,56,math
2014-03,63,math
2014-04,55,math
2014-05,75,math
2014-06,60,math
2014-07,94,math
2014-08,62,math
2014-09,78,math
2014-10,61,math
2014-11,57,math
2014-12,65,math
2015-01,63,math
2015-02,60,math
2015-03,64,math
2015-04,70,math
2015-05,54,math
2015-06,85,math
2015-07,75,math
2015-08,60,math
2015-09,77,math
2015-10,76,math
2015-11,74,math
2015-12,76,math
2016-01,74,math
2016-02,64,math
2016-03,78,math
2016-04,63,math
2016-05,69,math
2016-06,70,math
2016-07,56,math
2016-08,76,math
2016-09,66,math
2016-10,84,math
2016-11,81,math
2016-12,85,math
2017-01,69,math
2017-02,65,math
2017-03,78,math
2017-04,72,math
2017-05,86,math
2017-06,82,math
2017-07,73,math
2017-08,69,math
2017-09,78,math
2017-10,81,math
2017-11,69,math
2017-12,73,math
2018-01,84,math
2018-02,87,math
2018-03,66,math
2018-04,76,math
2018-05,65,math
2018-06,78,math
2018-07,65,math
2018-08,74,math
2018-09,67,math
2018-10,92,math
2018-11,71,math
2018-12,80,math
2019-01,65,math
2019-02,62,math
2019-03,82,math
2019-04,79,math
2019-05,72,math
2019-06,68,math
2019-07,70,math
2019-08,56,math
2019-09,73,math
2019-10,81,math
2019-11,72,math
2019-12,87,math
2020-01,69,math
2020-02,72,math
2020-03,80,math
2020-04,74,math
2020-05,68,math
2020-06,88,math
2020-07,81,math
2020-08,82,math
2020-09,67,math
2020-10,89,math
2020-11,76,math
2020-12,81,math
2021-01,67,math
2021-02,76,math
2021-03,67,math
2021-04,57,math
2021-05,84,math
2021-06,73,math
2021-07,84,math
2021-08,76,math
2021-09,89,math
2021-10,68,math
2021-11,67,math
2021-12,70,math
2022-01,59,math
2022-02,57,math
2022-03,78,math
2022-04,62,math
2022-05,77,math
2022-06,75,math
2022-07,82,math
2022-08,80,math
2022-09,80,math
2022-10,72,math
2022-11,87,math
2022-12,61,math
2023-01,77,math
2023-02,63,math
2023-03,90,math
2023-04,71,math
2023-05,67,math
2023-06,64,math
2023-07,77,math
2023-08,69,math
2023-09,77,math
2023-10,93,math
2023-11,75,math
2023-12,84,math
2024-01,73,math
2024-02,97,math
2024-03,87,math
2009-01,12,math
2009-02,9,math
2009-03,17,math
2009-04,12,math
2009-05,16,math
2009-06,16,math
2009-07,17,math
2009-08,13,math
2009-09,20,math
2009-10,16,math
2009-11,15,math
2009-12,21,math
2010-01,15,math
2010-02,9,math
2010-03,23,math
2010-04,24,math
2010-05,18,math
2010-06,20,math
2010-07,9,math
2010-08,12,math
2010-09,12,math
2010-10,15,math
2010-11,15,math
2010-12,22,math
2011-01,14,math
2011-02,17,math
2011-03,24,math
2011-04,9,math
2011-05,13,math
2011-06,16,math
2011-07,15,math
2011-08,16,math
2011-09,22,math
2011-10,16,math
2011-11,21,math
2011-12,14,math
2012-01,19,math
2012-02,17,math
2012-03,11,math
2012-04,10,math
2012-05,19,math
2012-06,16,math
2012-07,18,math
2012-08,10,math
2012-09,15,math
2012-10,28,math
2012-11,25,math
2012-12,13,math
2013-01,22,math
2013-02,15,math
2013-03,14,math
2013-04,16,math
2013-05,24,math
2013-06,16,math
2013-07,24,math
2013-08,13,math
2013-09,21,math
2013-10,21,math
2013-11,20,math
2013-12,22,math
2014-01,14,math
2014-02,12,math
2014-03,16,math
2014-04,29,math
2014-05,22,math
2014-06,11,math
2014-07,24,math
2014-08,13,math
2014-09,26,math
2014-10,14,math
2014-11,28,math
2014-12,23,math
2015-01,17,math
2015-02,18,math
2015-03,26,math
2015-04,18,math
2015-05,10,math
2015-06,12,math
2015-07,20,math
2015-08,25,math
2015-09,23,math
2015-10,30,math
2015-11,25,math
2015-12,21,math
2016-01,22,math
2016-02,20,math
2016-03,17,math
2016-04,8,math
2016-05,13,math
2016-06,15,math
2016-07,13,math
2016-08,19,math
2016-09,24,math
2016-10,24,math
2016-11,13,math
2016-12,13,math
2017-01,17,math
2017-02,16,math
2017-03,22,math
2017-04,15,math
2017-05,15,math
2017-06,19,math
2017-07,12,math
2017-08,17,math
2017-09,19,math
2017-10,20,math
2017-11,23,math
2017-12,24,math
2018-01,14,math
2018-02,19,math
2018-03,20,math
2018-04,15,math
2018-05,23,math
2018-06,18,math
2018-07,19,math
2018-08,20,math
2018-09,21,math
2018-10,35,math
2018-11,35,math
2018-12,17,math
2019-01,12,math
2019-02,25,math
2019-03,24,math
2019-04,20,math
2019-05,30,math
2019-06,11,math
2019-07,17,math
2019-08,10,math
2019-09,22,math
2019-10,28,math
2019-11,20,math
2019-12,25,math
2020-01,9,math
2020-02,17,math
2020-03,22,math
2020-04,18,math
2020-05,19,math
2020-06,20,math
2020-07,11,math
2020-08,23,math
2020-09,17,math
2020-10,26,math
2020-11,26,math
2020-12,21,math
2021-01,17,math
2021-02,26,math
2021-03,19,math
2021-04,19,math
2021-05,15,math
2021-06,21,math
2021-07,17,math
2021-08,16,math
2021-09,22,math
2021-10,26,math
2021-11,26,math
2021-12,20,math
2022-01,17,math
2022-02,20,math
2022-03,20,math
2022-04,12,math
2022-05,32,math
2022-06,19,math
2022-07,21,math
2022-08,16,math
2022-09,21,math
2022-10,23,math
2022-11,36,math
2022-12,29,math
2023-01,16,math
2023-02,19,math
2023-03,19,math
2023-04,24,math
2023-05,18,math
2023-06,14,math
2023-07,26,math
2023-08,32,math
2023-09,26,math
2023-10,14,math
2023-11,26,math
2023-12,25,math
2024-01,27,math
2024-02,21,math
2024-03,24,math
2009-01,9,math
2009-02,9,math
2009-03,16,math
2009-04,4,math
2009-05,14,math
2009-06,15,math
2009-07,16,math
2009-08,8,math
2009-09,11,math
2009-10,12,math
2009-11,10,math
2009-12,6,math
2010-01,13,math
2010-02,12,math
2010-03,16,math
2010-04,14,math
2010-05,24,math
2010-06,27,math
2010-07,16,math
2010-08,16,math
2010-09,16,math
2010-10,13,math
2010-11,17,math
2010-12,16,math
2011-01,16,math
2011-02,15,math
2011-03,18,math
2011-04,13,math
2011-05,18,math
2011-06,12,math
2011-07,17,math
2011-08,18,math
2011-09,17,math
2011-10,20,math
2011-11,17,math
2011-12,16,math
2012-01,14,math
2012-02,18,math
2012-03,24,math
2012-04,14,math
2012-05,19,math
2012-06,19,math
2012-07,14,math
2012-08,22,math
2012-09,15,math
2012-10,29,math
2012-11,10,math
2012-12,14,math
2013-01,40,math
2013-02,9,math
2013-03,13,math
2013-04,18,math
2013-05,18,math
2013-06,21,math
2013-07,20,math
2013-08,14,math
2013-09,24,math
2013-10,24,math
2013-11,16,math
2013-12,20,math
2014-01,22,math
2014-02,13,math
2014-03,25,math
2014-04,21,math
2014-05,21,math
2014-06,25,math
2014-07,19,math
2014-08,18,math
2014-09,29,math
2014-10,21,math
2014-11,19,math
2014-12,30,math
2015-01,28,math
2015-02,19,math
2015-03,24,math
2015-04,27,math
2015-05,26,math
2015-06,29,math
2015-07,27,math
2015-08,16,math
2015-09,21,math
2015-10,32,math
2015-11,31,math
2015-12,34,math
2016-01,20,math
2016-02,29,math
2016-03,25,math
2016-04,20,math
2016-05,19,math
2016-06,17,math
2016-07,22,math
2016-08,29,math
2016-09,31,math
2016-10,14,math
2016-11,18,math
2016-12,24,math
2017-01,18,math
2017-02,20,math
2017-03,28,math
2017-04,19,math
2017-05,25,math
2017-06,26,math
2017-07,18,math
2017-08,20,math
2017-09,18,math
2017-10,28,math
2017-11,32,math
2017-12,25,math
2018-01,28,math
2018-02,22,math
2018-03,25,math
2018-04,25,math
2018-05,19,math
2018-06,26,math
2018-07,17,math
2018-08,23,math
2018-09,21,math
2018-10,19,math
2018-11,18,math
2018-12,18,math
2019-01,24,math
2019-02,22,math
2019-03,29,math
2019-04,18,math
2019-05,13,math
2019-06,18,math
2019-07,26,math
2019-08,23,math
2019-09,38,math
2019-10,29,math
2019-11,15,math
2019-12,24,math
2020-01,22,math
2020-02,18,math
2020-03,27,math
2020-04,25,math
2020-05,22,math
2020-06,39,math
2020-07,17,math
2020-08,16,math
2020-09,16,math
2020-10,11,math
2020-11,25,math
2020-12,34,math
2021-01,21,math
2021-02,17,math
2021-03,25,math
2021-04,24,math
2021-05,15,math
2021-06,20,math
2021-07,24,math
2021-08,21,math
2021-09,16,math
2021-10,25,math
2021-11,17,math
2021-12,20,math
2022-01,19,math
2022-02,23,math
2022-03,21,math
2022-04,19,math
2022-05,19,math
2022-06,19,math
2022-07,18,math
2022-08,17,math
2022-09,19,math
2022-10,7,math
2022-11,20,math
2022-12,16,math
2023-01,20,math
2023-02,9,math
2023-03,19,math
2023-04,22,math
2023-05,31,math
2023-06,20,math
2023-07,26,math
2023-08,27,math
2023-09,21,math
2023-10,19,math
2023-11,27,math
2023-12,28,math
2024-01,16,math
2024-02,22,math
2024-03,18,math
2009-01,34,math
2009-02,28,math
2009-03,39,math
2009-04,38,math
2009-05,14,math
2009-06,37,math
2009-07,18,math
2009-08,59,math
2009-09,48,math
2009-10,19,math
2009-11,26,math
2009-12,29,math
2010-01,44,math
2010-02,46,math
2010-03,33,math
2010-04,27,math
2010-05,23,math
2010-06,21,math
2010-07,27,math
2010-08,26,math
2010-09,27,math
2010-10,72,math
2010-11,51,math
2010-12,24,math
2011-01,33,math
2011-02,72,math
2011-03,46,math
2011-04,44,math
2011-05,65,math
2011-06,38,math
2011-07,35,math
2011-08,41,math
2011-09,47,math
2011-10,42,math
2011-11,57,math
2011-12,45,math
2012-01,60,math
2012-02,50,math
2012-03,68,math
2012-04,55,math
2012-05,71,math
2012-06,70,math
2012-07,77,math
2012-08,28,math
2012-09,39,math
2012-10,62,math
2012-11,83,math
2012-12,34,math
2013-01,50,math
2013-02,73,math
2013-03,62,math
2013-04,60,math
2013-05,51,math
2013-06,55,math
2013-07,49,math
2013-08,56,math
2013-09,63,math
2013-10,52,math
2013-11,75,math
2013-12,90,math
2014-01,55,math
2014-02,61,math
2014-03,78,math
2014-04,49,math
2014-05,86,math
2014-06,68,math
2014-07,62,math
2014-08,51,math
2014-09,59,math
2014-10,76,math
2014-11,82,math
2014-12,66,math
2015-01,51,math
2015-02,83,math
2015-03,75,math
2015-04,66,math
2015-05,60,math
2015-06,90,math
2015-07,81,math
2015-08,49,math
2015-09,76,math
2015-10,75,math
2015-11,64,math
2015-12,71,math
2016-01,60,math
2016-02,64,math
2016-03,82,math
2016-04,52,math
2016-05,74,math
2016-06,69,math
2016-07,72,math
2016-08,56,math
2016-09,77,math
2016-10,62,math
2016-11,89,math
2016-12,73,math
2017-01,58,math
2017-02,61,math
2017-03,62,math
2017-04,68,math
2017-05,78,math
2017-06,91,math
2017-07,63,math
2017-08,72,math
2017-09,73,math
2017-10,101,math
2017-11,77,math
2017-12,61,math
2018-01,72,math
2018-02,68,math
2018-03,62,math
2018-04,72,math
2018-05,65,math
2018-06,87,math
2018-07,62,math
2018-08,80,math
2018-09,64,math
2018-10,96,math
2018-11,81,math
2018-12,86,math
2019-01,77,math
2019-02,104,math
2019-03,95,math
2019-04,94,math
2019-05,90,math
2019-06,96,math
2019-07,95,math
2019-08,72,math
2019-09,103,math
2019-10,111,math
2019-11,76,math
2019-12,97,math
2020-01,74,math
2020-02,100,math
2020-03,94,math
2020-04,84,math
2020-05,86,math
2020-06,106,math
2020-07,101,math
2020-08,88,math
2020-09,85,math
2020-10,95,math
2020-11,99,math
2020-12,85,math
2021-01,76,math
2021-02,78,math
2021-03,89,math
2021-04,88,math
2021-05,87,math
2021-06,82,math
2021-07,102,math
2021-08,70,math
2021-09,72,math
2021-10,92,math
2021-11,62,math
2021-12,87,math
2022-01,60,math
2022-02,72,math
2022-03,74,math
2022-04,58,math
2022-05,81,math
2022-06,89,math
2022-07,72,math
2022-08,78,math
2022-09,85,math
2022-10,97,math
2022-11,91,math
2022-12,65,math
2023-01,78,math
2023-02,70,math
2023-03,100,math
2023-04,62,math
2023-05,97,math
2023-06,81,math
2023-07,76,math
2023-08,61,math
2023-09,59,math
2023-10,113,math
2023-11,90,math
2023-12,74,math
2024-01,84,math
2024-02,118,math
2024-03,87,math
2009-01,196,astro-ph
2009-02,283,astro-ph
2009-03,339,astro-ph
2009-04,284,astro-ph
2009-05,318,astro-ph
2009-06,336,astro-ph
2009-07,332,astro-ph
2009-08,297,astro-ph
2009-09,396,astro-ph
2009-10,402,astro-ph
2009-11,349,astro-ph
2009-12,368,astro-ph
2010-01,317,astro-ph
2010-02,329,astro-ph
2010-03,365,astro-ph
2010-04,339,astro-ph
2010-05,387,astro-ph
2010-06,328,astro-ph
2010-07,280,astro-ph
2010-08,302,astro-ph
2010-09,384,astro-ph
2010-10,341,astro-ph
2010-11,383,astro-ph
2010-12,295,astro-ph
2011-01,357,astro-ph
2011-02,292,astro-ph
2011-03,348,astro-ph
2011-04,316,astro-ph
2011-05,328,astro-ph
2011-06,338,astro-ph
2011-07,352,astro-ph
2011-08,299,astro-ph
2011-09,405,astro-ph
2011-10,326,astro-ph
2011-11,365,astro-ph
2011-12,305,astro-ph
2012-01,340,astro-ph
2012-02,321,astro-ph
2012-03,319,astro-ph
2012-04,323,astro-ph
2012-05,371,astro-ph
2012-06,314,astro-ph
2012-07,323,astro-ph
2012-08,262,astro-ph
2012-09,314,astro-ph
2012-10,370,astro-ph
2012-11,377,astro-ph
2012-12,273,astro-ph
2013-01,312,astro-ph
2013-02,305,astro-ph
2013-03,404,astro-ph
2013-04,300,astro-ph
2013-05,328,astro-ph
2013-06,310,astro-ph
2013-07,296,astro-ph
2013-08,294,astro-ph
2013-09,309,astro-ph
2013-10,361,astro-ph
2013-11,283,astro-ph
2013-12,228,astro-ph
2014-01,213,astro-ph
2014-02,169,astro-ph
2014-03,216,astro-ph
2014-04,182,astro-ph
2014-05,166,astro-ph
2014-06,142,astro-ph
2014-07,166,astro-ph
2014-08,98,astro-ph
2014-09,190,astro-ph
2014-10,157,astro-ph
2014-11,126,astro-ph
2014-12,171,astro-ph
2015-01,146,astro-ph
2015-02,143,astro-ph
2015-03,157,astro-ph
2015-04,148,astro-ph
2015-05,144,astro-ph
2015-06,160,astro-ph
2015-07,165,astro-ph
2015-08,103,astro-ph
2015-09,159,astro-ph
2015-10,146,astro-ph
2015-11,156,astro-ph
2015-12,155,astro-ph
2016-01,104,astro-ph
2016-02,124,astro-ph
2016-03,134,astro-ph
2016-04,119,astro-ph
2016-05,167,astro-ph
2016-06,143,astro-ph
2016-07,163,astro-ph
2016-08,116,astro-ph
2016-09,125,astro-ph
2016-10,156,astro-ph
2016-11,145,astro-ph
2016-12,147,astro-ph
2017-01,120,astro-ph
2017-02,103,astro-ph
2017-03,139,astro-ph
2017-04,98,astro-ph
2017-05,149,astro-ph
2017-06,144,astro-ph
2017-07,140,astro-ph
2017-08,145,astro-ph
2017-09,156,astro-ph
2017-10,155,astro-ph
2017-11,157,astro-ph
2017-12,153,astro-ph
2018-01,151,astro-ph
2018-02,115,astro-ph
2018-03,129,astro-ph
2018-04,137,astro-ph
2018-05,163,astro-ph
2018-06,130,astro-ph
2018-07,134,astro-ph
2018-08,100,astro-ph
2018-09,127,astro-ph
2018-10,172,astro-ph
2018-11,166,astro-ph
2018-12,151,astro-ph
2019-01,110,astro-ph
2019-02,130,astro-ph
2019-03,167,astro-ph
2019-04,161,astro-ph
2019-05,173,astro-ph
2019-06,142,astro-ph
2019-07,195,astro-ph
2019-08,124,astro-ph
2019-09,148,astro-ph
2019-10,171,astro-ph
2019-11,163,astro-ph
2019-12,148,astro-ph
2020-01,126,astro-ph
2020-02,131,astro-ph
2020-03,120,astro-ph
2020-04,148,astro-ph
2020-05,162,astro-ph
2020-06,183,astro-ph
2020-07,238,astro-ph
2020-08,142,astro-ph
2020-09,171,astro-ph
2020-10,179,astro-ph
2020-11,210,astro-ph
2020-12,178,astro-ph
2021-01,132,astro-ph
2021-02,145,astro-ph
2021-03,157,astro-ph
2021-04,135,astro-ph
2021-05,162,astro-ph
2021-06,181,astro-ph
2021-07,169,astro-ph
2021-08,148,astro-ph
2021-09,191,astro-ph
2021-10,209,astro-ph
2021-11,202,astro-ph
2021-12,197,astro-ph
2022-01,154,astro-ph
2022-02,137,astro-ph
2022-03,206,astro-ph
2022-04,153,astro-ph
2022-05,183,astro-ph
2022-06,155,astro-ph
2022-07,188,astro-ph
2022-08,141,astro-ph
2022-09,190,astro-ph
2022-10,191,astro-ph
2022-11,176,astro-ph
2022-12,161,astro-ph
2023-01,170,astro-ph
2023-02,150,astro-ph
2023-03,153,astro-ph
2023-04,144,astro-ph
2023-05,208,astro-ph
2023-06,181,astro-ph
2023-07,194,astro-ph
2023-08,121,astro-ph
2023-09,206,astro-ph
2023-10,213,astro-ph
2023-11,226,astro-ph
2023-12,191,astro-ph
2024-01,159,astro-ph
2024-02,161,astro-ph
2024-03,203,astro-ph
2009-01,57,astro-ph
2009-02,69,astro-ph
2009-03,59,astro-ph
2009-04,49,astro-ph
2009-05,46,astro-ph
2009-06,70,astro-ph
2009-07,57,astro-ph
2009-08,59,astro-ph
2009-09,61,astro-ph
2009-10,63,astro-ph
2009-11,70,astro-ph
2009-12,87,astro-ph
2010-01,75,astro-ph
2010-02,48,astro-ph
2010-03,74,astro-ph
2010-04,64,astro-ph
2010-05,68,astro-ph
2010-06,79,astro-ph
2010-07,62,astro-ph
2010-08,67,astro-ph
2010-09,83,astro-ph
2010-10,72,astro-ph
2010-11,82,astro-ph
2010-12,79,astro-ph
2011-01,73,astro-ph
2011-02,102,astro-ph
2011-03,85,astro-ph
2011-04,65,astro-ph
2011-05,71,astro-ph
2011-06,83,astro-ph
2011-07,59,astro-ph
2011-08,80,astro-ph
2011-09,80,astro-ph
2011-10,77,astro-ph
2011-11,69,astro-ph
2011-12,67,astro-ph
2012-01,68,astro-ph
2012-02,77,astro-ph
2012-03,78,astro-ph
2012-04,74,astro-ph
2012-05,83,astro-ph
2012-06,91,astro-ph
2012-07,80,astro-ph
2012-08,72,astro-ph
2012-09,68,astro-ph
2012-10,110,astro-ph
2012-11,86,astro-ph
2012-12,64,astro-ph
2013-01,98,astro-ph
2013-02,99,astro-ph
2013-03,79,astro-ph
2013-04,86,astro-ph
2013-05,83,astro-ph
2013-06,99,astro-ph
2013-07,101,astro-ph
2013-08,78,astro-ph
2013-09,82,astro-ph
2013-10,114,astro-ph
2013-11,88,astro-ph
2013-12,87,astro-ph
2014-01,129,astro-ph
2014-02,85,astro-ph
2014-03,117,astro-ph
2014-04,99,astro-ph
2014-05,101,astro-ph
2014-06,101,astro-ph
2014-07,94,astro-ph
2014-08,100,astro-ph
2014-09,117,astro-ph
2014-10,118,astro-ph
2014-11,83,astro-ph
2014-12,88,astro-ph
2015-01,97,astro-ph
2015-02,97,astro-ph
2015-03,101,astro-ph
2015-04,80,astro-ph
2015-05,95,astro-ph
2015-06,111,astro-ph
2015-07,94,astro-ph
2015-08,103,astro-ph
2015-09,103,astro-ph
2015-10,144,astro-ph
2015-11,160,astro-ph
2015-12,91,astro-ph
2016-01,117,astro-ph
2016-02,90,astro-ph
2016-03,140,astro-ph
2016-04,138,astro-ph
2016-05,120,astro-ph
2016-06,115,astro-ph
2016-07,126,astro-ph
2016-08,130,astro-ph
2016-09,129,astro-ph
2016-10,105,astro-ph
2016-11,103,astro-ph
2016-12,97,astro-ph
2017-01,107,astro-ph
2017-02,96,astro-ph
2017-03,128,astro-ph
2017-04,114,astro-ph
2017-05,137,astro-ph
2017-06,118,astro-ph
2017-07,101,astro-ph
2017-08,123,astro-ph
2017-09,138,astro-ph
2017-10,159,astro-ph
2017-11,162,astro-ph
2017-12,109,astro-ph
2018-01,154,astro-ph
2018-02,125,astro-ph
2018-03,154,astro-ph
2018-04,143,astro-ph
2018-05,155,astro-ph
2018-06,121,astro-ph
2018-07,118,astro-ph
2018-08,130,astro-ph
2018-09,148,astro-ph
2018-10,149,astro-ph
2018-11,142,astro-ph
2018-12,120,astro-ph
2019-01,151,astro-ph
2019-02,125,astro-ph
2019-03,222,astro-ph
2019-04,173,astro-ph
2019-05,155,astro-ph
2019-06,133,astro-ph
2019-07,138,astro-ph
2019-08,139,astro-ph
2019-09,138,astro-ph
2019-10,164,astro-ph
2019-11,155,astro-ph
2019-12,152,astro-ph
2020-01,126,astro-ph
2020-02,136,astro-ph
2020-03,156,astro-ph
2020-04,161,astro-ph
2020-05,144,astro-ph
2020-06,172,astro-ph
2020-07,181,astro-ph
2020-08,120,astro-ph
2020-09,164,astro-ph
2020-10,181,astro-ph
2020-11,156,astro-ph
2020-12,145,astro-ph
2021-01,175,astro-ph
2021-02,146,astro-ph
2021-03,176,astro-ph
2021-04,169,astro-ph
2021-05,168,astro-ph
2021-06,125,astro-ph
2021-07,146,astro-ph
2021-08,144,astro-ph
2021-09,159,astro-ph
2021-10,197,astro-ph
2021-11,173,astro-ph
2021-12,158,astro-ph
2022-01,160,astro-ph
2022-02,142,astro-ph
2022-03,175,astro-ph
2022-04,165,astro-ph
2022-05,144,astro-ph
2022-06,145,astro-ph
2022-07,156,astro-ph
2022-08,140,astro-ph
2022-09,169,astro-ph
2022-10,151,astro-ph
2022-11,164,astro-ph
2022-12,115,astro-ph
2023-01,168,astro-ph
2023-02,161,astro-ph
2023-03,173,astro-ph
2023-04,131,astro-ph
2023-05,159,astro-ph
2023-06,164,astro-ph
2023-07,167,astro-ph
2023-08,162,astro-ph
2023-09,165,astro-ph
2023-10,212,astro-ph
2023-11,157,astro-ph
2023-12,113,astro-ph
2024-01,181,astro-ph
2024-02,163,astro-ph
2024-03,171,astro-ph
2009-01,209,astro-ph
2009-02,171,astro-ph
2009-03,160,astro-ph
2009-04,111,astro-ph
2009-05,115,astro-ph
2009-06,117,astro-ph
2009-07,115,astro-ph
2009-08,112,astro-ph
2009-09,131,astro-ph
2009-10,138,astro-ph
2009-11,124,astro-ph
2009-12,99,astro-ph
2010-01,120,astro-ph
2010-02,129,astro-ph
2010-03,119,astro-ph
2010-04,96,astro-ph
2010-05,122,astro-ph
2010-06,116,astro-ph
2010-07,130,astro-ph
2010-08,110,astro-ph
2010-09,134,astro-ph
2010-10,105,astro-ph
2010-11,150,astro-ph
2010-12,95,astro-ph
2011-01,129,astro-ph
2011-02,95,astro-ph
2011-03,105,astro-ph
2011-04,97,astro-ph
2011-05,120,astro-ph
2011-06,103,astro-ph
2011-07,103,astro-ph
2011-08,121,astro-ph
2011-09,137,astro-ph
2011-10,122,astro-ph
2011-11,125,astro-ph
2011-12,91,astro-ph
2012-01,125,astro-ph
2012-02,109,astro-ph
2012-03,131,astro-ph
2012-04,135,astro-ph
2012-05,110,astro-ph
2012-06,116,astro-ph
2012-07,123,astro-ph
2012-08,117,astro-ph
2012-09,130,astro-ph
2012-10,141,astro-ph
2012-11,135,astro-ph
2012-12,85,astro-ph
2013-01,137,astro-ph
2013-02,102,astro-ph
2013-03,87,astro-ph
2013-04,150,astro-ph
2013-05,117,astro-ph
2013-06,102,astro-ph
2013-07,132,astro-ph
2013-08,125,astro-ph
2013-09,123,astro-ph
2013-10,139,astro-ph
2013-11,133,astro-ph
2013-12,180,astro-ph
2014-01,273,astro-ph
2014-02,206,astro-ph
2014-03,240,astro-ph
2014-04,226,astro-ph
2014-05,251,astro-ph
2014-06,283,astro-ph
2014-07,295,astro-ph
2014-08,193,astro-ph
2014-09,323,astro-ph
2014-10,297,astro-ph
2014-11,270,astro-ph
2014-12,244,astro-ph
2015-01,273,astro-ph
2015-02,224,astro-ph
2015-03,285,astro-ph
2015-04,310,astro-ph
2015-05,254,astro-ph
2015-06,242,astro-ph
2015-07,293,astro-ph
2015-08,234,astro-ph
2015-09,289,astro-ph
2015-10,299,astro-ph
2015-11,349,astro-ph
2015-12,255,astro-ph
2016-01,276,astro-ph
2016-02,255,astro-ph
2016-03,316,astro-ph
2016-04,303,astro-ph
2016-05,329,astro-ph
2016-06,280,astro-ph
2016-07,287,astro-ph
2016-08,284,astro-ph
2016-09,336,astro-ph
2016-10,308,astro-ph
2016-11,330,astro-ph
2016-12,263,astro-ph
2017-01,301,astro-ph
2017-02,240,astro-ph
2017-03,305,astro-ph
2017-04,256,astro-ph
2017-05,324,astro-ph
2017-06,315,astro-ph
2017-07,285,astro-ph
2017-08,250,astro-ph
2017-09,295,astro-ph
2017-10,358,astro-ph
2017-11,310,astro-ph
2017-12,276,astro-ph
2018-01,345,astro-ph
2018-02,290,astro-ph
2018-03,298,astro-ph
2018-04,312,astro-ph
2018-05,358,astro-ph
2018-06,303,astro-ph
2018-07,329,astro-ph
2018-08,286,astro-ph
2018-09,293,astro-ph
2018-10,408,astro-ph
2018-11,378,astro-ph
2018-12,264,astro-ph
2019-01,317,astro-ph
2019-02,262,astro-ph
2019-03,389,astro-ph
2019-04,306,astro-ph
2019-05,309,astro-ph
2019-06,260,astro-ph
2019-07,310,astro-ph
2019-08,269,astro-ph
2019-09,390,astro-ph
2019-10,341,astro-ph
2019-11,286,astro-ph
2019-12,269,astro-ph
2020-01,315,astro-ph
2020-02,274,astro-ph
2020-03,262,astro-ph
2020-04,307,astro-ph
2020-05,279,astro-ph
2020-06,369,astro-ph
2020-07,352,astro-ph
2020-08,259,astro-ph
2020-09,384,astro-ph
2020-10,359,astro-ph
2020-11,342,astro-ph
2020-12,320,astro-ph
2021-01,310,astro-ph
2021-02,290,astro-ph
2021-03,321,astro-ph
2021-04,291,astro-ph
2021-05,294,astro-ph
2021-06,331,astro-ph
2021-07,275,astro-ph
2021-08,219,astro-ph
2021-09,356,astro-ph
2021-10,328,astro-ph
2021-11,396,astro-ph
2021-12,272,astro-ph
2022-01,303,astro-ph
2022-02,247,astro-ph
2022-03,342,astro-ph
2022-04,271,astro-ph
2022-05,296,astro-ph
2022-06,351,astro-ph
2022-07,329,astro-ph
2022-08,354,astro-ph
2022-09,329,astro-ph
2022-10,341,astro-ph
2022-11,362,astro-ph
2022-12,305,astro-ph
2023-01,336,astro-ph
2023-02,274,astro-ph
2023-03,336,astro-ph
2023-04,308,astro-ph
2023-05,331,astro-ph
2023-06,341,astro-ph
2023-07,327,astro-ph
2023-08,299,astro-ph
2023-09,372,astro-ph
2023-10,389,astro-ph
2023-11,351,astro-ph
2023-12,289,astro-ph
2024-01,355,astro-ph
2024-02,318,astro-ph
2024-03,330,astro-ph
2009-01,134,astro-ph
2009-02,164,astro-ph
2009-03,122,astro-ph
2009-04,126,astro-ph
2009-05,126,astro-ph
2009-06,173,astro-ph
2009-07,190,astro-ph
2009-08,136,astro-ph
2009-09,151,astro-ph
2009-10,165,astro-ph
2009-11,139,astro-ph
2009-12,218,astro-ph
2010-01,139,astro-ph
2010-02,127,astro-ph
2010-03,135,astro-ph
2010-04,132,astro-ph
2010-05,131,astro-ph
2010-06,143,astro-ph
2010-07,141,astro-ph
2010-08,127,astro-ph
2010-09,175,astro-ph
2010-10,175,astro-ph
2010-11,182,astro-ph
2010-12,146,astro-ph
2011-01,179,astro-ph
2011-02,125,astro-ph
2011-03,156,astro-ph
2011-04,166,astro-ph
2011-05,141,astro-ph
2011-06,149,astro-ph
2011-07,141,astro-ph
2011-08,145,astro-ph
2011-09,181,astro-ph
2011-10,186,astro-ph
2011-11,248,astro-ph
2011-12,165,astro-ph
2012-01,173,astro-ph
2012-02,159,astro-ph
2012-03,146,astro-ph
2012-04,141,astro-ph
2012-05,183,astro-ph
2012-06,174,astro-ph
2012-07,158,astro-ph
2012-08,151,astro-ph
2012-09,155,astro-ph
2012-10,262,astro-ph
2012-11,150,astro-ph
2012-12,164,astro-ph
2013-01,171,astro-ph
2013-02,177,astro-ph
2013-03,229,astro-ph
2013-04,194,astro-ph
2013-05,174,astro-ph
2013-06,183,astro-ph
2013-07,244,astro-ph
2013-08,185,astro-ph
2013-09,194,astro-ph
2013-10,225,astro-ph
2013-11,188,astro-ph
2013-12,141,astro-ph
2014-01,181,astro-ph
2014-02,156,astro-ph
2014-03,156,astro-ph
2014-04,151,astro-ph
2014-05,175,astro-ph
2014-06,159,astro-ph
2014-07,177,astro-ph
2014-08,152,astro-ph
2014-09,171,astro-ph
2014-10,171,astro-ph
2014-11,166,astro-ph
2014-12,212,astro-ph
2015-01,205,astro-ph
2015-02,222,astro-ph
2015-03,216,astro-ph
2015-04,197,astro-ph
2015-05,180,astro-ph
2015-06,189,astro-ph
2015-07,188,astro-ph
2015-08,205,astro-ph
2015-09,220,astro-ph
2015-10,218,astro-ph
2015-11,191,astro-ph
2015-12,177,astro-ph
2016-01,189,astro-ph
2016-02,217,astro-ph
2016-03,254,astro-ph
2016-04,183,astro-ph
2016-05,202,astro-ph
2016-06,176,astro-ph
2016-07,199,astro-ph
2016-08,198,astro-ph
2016-09,206,astro-ph
2016-10,220,astro-ph
2016-11,210,astro-ph
2016-12,217,astro-ph
2017-01,240,astro-ph
2017-02,192,astro-ph
2017-03,225,astro-ph
2017-04,167,astro-ph
2017-05,229,astro-ph
2017-06,202,astro-ph
2017-07,222,astro-ph
2017-08,238,astro-ph
2017-09,251,astro-ph
2017-10,305,astro-ph
2017-11,263,astro-ph
2017-12,236,astro-ph
2018-01,230,astro-ph
2018-02,200,astro-ph
2018-03,185,astro-ph
2018-04,180,astro-ph
2018-05,211,astro-ph
2018-06,199,astro-ph
2018-07,214,astro-ph
2018-08,231,astro-ph
2018-09,188,astro-ph
2018-10,256,astro-ph
2018-11,240,astro-ph
2018-12,185,astro-ph
2019-01,239,astro-ph
2019-02,187,astro-ph
2019-03,314,astro-ph
2019-04,283,astro-ph
2019-05,252,astro-ph
2019-06,214,astro-ph
2019-07,222,astro-ph
2019-08,320,astro-ph
2019-09,284,astro-ph
2019-10,241,astro-ph
2019-11,188,astro-ph
2019-12,205,astro-ph
2020-01,232,astro-ph
2020-02,199,astro-ph
2020-03,215,astro-ph
2020-04,242,astro-ph
2020-05,228,astro-ph
2020-06,282,astro-ph
2020-07,274,astro-ph
2020-08,241,astro-ph
2020-09,303,astro-ph
2020-10,245,astro-ph
2020-11,251,astro-ph
2020-12,260,astro-ph
2021-01,219,astro-ph
2021-02,204,astro-ph
2021-03,231,astro-ph
2021-04,211,astro-ph
2021-05,218,astro-ph
2021-06,243,astro-ph
2021-07,302,astro-ph
2021-08,300,astro-ph
2021-09,272,astro-ph
2021-10,242,astro-ph
2021-11,268,astro-ph
2021-12,248,astro-ph
2022-01,222,astro-ph
2022-02,218,astro-ph
2022-03,234,astro-ph
2022-04,238,astro-ph
2022-05,238,astro-ph
2022-06,233,astro-ph
2022-07,208,astro-ph
2022-08,210,astro-ph
2022-09,243,astro-ph
2022-10,285,astro-ph
2022-11,279,astro-ph
2022-12,228,astro-ph
2023-01,231,astro-ph
2023-02,238,astro-ph
2023-03,300,astro-ph
2023-04,227,astro-ph
2023-05,247,astro-ph
2023-06,304,astro-ph
2023-07,333,astro-ph
2023-08,298,astro-ph
2023-09,311,astro-ph
2023-10,344,astro-ph
2023-11,311,astro-ph
2023-12,211,astro-ph
2024-01,320,astro-ph
2024-02,212,astro-ph
2024-03,247,astro-ph
2009-01,50,astro-ph
2009-02,48,astro-ph
2009-03,65,astro-ph
2009-04,49,astro-ph
2009-05,47,astro-ph
2009-06,58,astro-ph
2009-07,65,astro-ph
2009-08,50,astro-ph
2009-09,58,astro-ph
2009-10,64,astro-ph
2009-11,63,astro-ph
2009-12,55,astro-ph
2010-01,84,astro-ph
2010-02,48,astro-ph
2010-03,46,astro-ph
2010-04,41,astro-ph
2010-05,60,astro-ph
2010-06,56,astro-ph
2010-07,63,astro-ph
2010-08,79,astro-ph
2010-09,86,astro-ph
2010-10,75,astro-ph
2010-11,57,astro-ph
2010-12,57,astro-ph
2011-01,81,astro-ph
2011-02,62,astro-ph
2011-03,57,astro-ph
2011-04,47,astro-ph
2011-05,49,astro-ph
2011-06,78,astro-ph
2011-07,56,astro-ph
2011-08,55,astro-ph
2011-09,55,astro-ph
2011-10,105,astro-ph
2011-11,90,astro-ph
2011-12,88,astro-ph
2012-01,72,astro-ph
2012-02,57,astro-ph
2012-03,84,astro-ph
2012-04,75,astro-ph
2012-05,56,astro-ph
2012-06,85,astro-ph
2012-07,101,astro-ph
2012-08,86,astro-ph
2012-09,74,astro-ph
2012-10,134,astro-ph
2012-11,81,astro-ph
2012-12,56,astro-ph
2013-01,83,astro-ph
2013-02,63,astro-ph
2013-03,72,astro-ph
2013-04,68,astro-ph
2013-05,64,astro-ph
2013-06,56,astro-ph
2013-07,134,astro-ph
2013-08,60,astro-ph
2013-09,73,astro-ph
2013-10,99,astro-ph
2013-11,68,astro-ph
2013-12,64,astro-ph
2014-01,86,astro-ph
2014-02,78,astro-ph
2014-03,78,astro-ph
2014-04,53,astro-ph
2014-05,66,astro-ph
2014-06,84,astro-ph
2014-07,201,astro-ph
2014-08,112,astro-ph
2014-09,67,astro-ph
2014-10,93,astro-ph
2014-11,82,astro-ph
2014-12,79,astro-ph
2015-01,95,astro-ph
2015-02,88,astro-ph
2015-03,81,astro-ph
2015-04,69,astro-ph
2015-05,88,astro-ph
2015-06,83,astro-ph
2015-07,72,astro-ph
2015-08,119,astro-ph
2015-09,160,astro-ph
2015-10,75,astro-ph
2015-11,71,astro-ph
2015-12,82,astro-ph
2016-01,95,astro-ph
2016-02,80,astro-ph
2016-03,86,astro-ph
2016-04,65,astro-ph
2016-05,71,astro-ph
2016-06,90,astro-ph
2016-07,129,astro-ph
2016-08,150,astro-ph
2016-09,126,astro-ph
2016-10,105,astro-ph
2016-11,95,astro-ph
2016-12,92,astro-ph
2017-01,113,astro-ph
2017-02,88,astro-ph
2017-03,93,astro-ph
2017-04,62,astro-ph
2017-05,79,astro-ph
2017-06,91,astro-ph
2017-07,88,astro-ph
2017-08,108,astro-ph
2017-09,119,astro-ph
2017-10,123,astro-ph
2017-11,122,astro-ph
2017-12,95,astro-ph
2018-01,100,astro-ph
2018-02,103,astro-ph
2018-03,95,astro-ph
2018-04,82,astro-ph
2018-05,114,astro-ph
2018-06,123,astro-ph
2018-07,199,astro-ph
2018-08,137,astro-ph
2018-09,131,astro-ph
2018-10,112,astro-ph
2018-11,95,astro-ph
2018-12,132,astro-ph
2019-01,99,astro-ph
2019-02,101,astro-ph
2019-03,145,astro-ph
2019-04,79,astro-ph
2019-05,82,astro-ph
2019-06,69,astro-ph
2019-07,204,astro-ph
2019-08,147,astro-ph
2019-09,152,astro-ph
2019-10,119,astro-ph
2019-11,110,astro-ph
2019-12,96,astro-ph
2020-01,84,astro-ph
2020-02,101,astro-ph
2020-03,113,astro-ph
2020-04,69,astro-ph
2020-05,94,astro-ph
2020-06,91,astro-ph
2020-07,112,astro-ph
2020-08,105,astro-ph
2020-09,109,astro-ph
2020-10,113,astro-ph
2020-11,122,astro-ph
2020-12,267,astro-ph
2021-01,145,astro-ph
2021-02,109,astro-ph
2021-03,116,astro-ph
2021-04,97,astro-ph
2021-05,85,astro-ph
2021-06,92,astro-ph
2021-07,131,astro-ph
2021-08,127,astro-ph
2021-09,111,astro-ph
2021-10,79,astro-ph
2021-11,139,astro-ph
2021-12,139,astro-ph
2022-01,74,astro-ph
2022-02,83,astro-ph
2022-03,110,astro-ph
2022-04,74,astro-ph
2022-05,92,astro-ph
2022-06,104,astro-ph
2022-07,143,astro-ph
2022-08,210,astro-ph
2022-09,158,astro-ph
2022-10,127,astro-ph
2022-11,125,astro-ph
2022-12,113,astro-ph
2023-01,123,astro-ph
2023-02,107,astro-ph
2023-03,94,astro-ph
2023-04,92,astro-ph
2023-05,112,astro-ph
2023-06,116,astro-ph
2023-07,90,astro-ph
2023-08,123,astro-ph
2023-09,136,astro-ph
2023-10,148,astro-ph
2023-11,147,astro-ph
2023-12,98,astro-ph
2024-01,97,astro-ph
2024-02,91,astro-ph
2024-03,75,astro-ph
2009-01,243,astro-ph
2009-02,190,astro-ph
2009-03,215,astro-ph
2009-04,167,astro-ph
2009-05,178,astro-ph
2009-06,215,astro-ph
2009-07,210,astro-ph
2009-08,166,astro-ph
2009-09,287,astro-ph
2009-10,217,astro-ph
2009-11,210,astro-ph
2009-12,194,astro-ph
2010-01,200,astro-ph
2010-02,173,astro-ph
2010-03,226,astro-ph
2010-04,208,astro-ph
2010-05,227,astro-ph
2010-06,188,astro-ph
2010-07,217,astro-ph
2010-08,211,astro-ph
2010-09,307,astro-ph
2010-10,260,astro-ph
2010-11,279,astro-ph
2010-12,241,astro-ph
2011-01,247,astro-ph
2011-02,229,astro-ph
2011-03,226,astro-ph
2011-04,181,astro-ph
2011-05,218,astro-ph
2011-06,219,astro-ph
2011-07,205,astro-ph
2011-08,219,astro-ph
2011-09,319,astro-ph
2011-10,258,astro-ph
2011-11,280,astro-ph
2011-12,226,astro-ph
2012-01,234,astro-ph
2012-02,229,astro-ph
2012-03,232,astro-ph
2012-04,199,astro-ph
2012-05,223,astro-ph
2012-06,208,astro-ph
2012-07,198,astro-ph
2012-08,217,astro-ph
2012-09,247,astro-ph
2012-10,326,astro-ph
2012-11,284,astro-ph
2012-12,205,astro-ph
2013-01,226,astro-ph
2013-02,224,astro-ph
2013-03,258,astro-ph
2013-04,227,astro-ph
2013-05,212,astro-ph
2013-06,230,astro-ph
2013-07,304,astro-ph
2013-08,230,astro-ph
2013-09,275,astro-ph
2013-10,307,astro-ph
2013-11,195,astro-ph
2013-12,204,astro-ph
2014-01,264,astro-ph
2014-02,205,astro-ph
2014-03,233,astro-ph
2014-04,229,astro-ph
2014-05,253,astro-ph
2014-06,311,astro-ph
2014-07,285,astro-ph
2014-08,274,astro-ph
2014-09,301,astro-ph
2014-10,319,astro-ph
2014-11,238,astro-ph
2014-12,226,astro-ph
2015-01,237,astro-ph
2015-02,225,astro-ph
2015-03,252,astro-ph
2015-04,263,astro-ph
2015-05,275,astro-ph
2015-06,240,astro-ph
2015-07,265,astro-ph
2015-08,186,astro-ph
2015-09,284,astro-ph
2015-10,300,astro-ph
2015-11,241,astro-ph
2015-12,255,astro-ph
2016-01,239,astro-ph
2016-02,221,astro-ph
2016-03,265,astro-ph
2016-04,235,astro-ph
2016-05,239,astro-ph
2016-06,234,astro-ph
2016-07,189,astro-ph
2016-08,226,astro-ph
2016-09,290,astro-ph
2016-10,265,astro-ph
2016-11,262,astro-ph
2016-12,255,astro-ph
2017-01,233,astro-ph
2017-02,208,astro-ph
2017-03,218,astro-ph
2017-04,171,astro-ph
2017-05,225,astro-ph
2017-06,258,astro-ph
2017-07,197,astro-ph
2017-08,196,astro-ph
2017-09,222,astro-ph
2017-10,211,astro-ph
2017-11,248,astro-ph
2017-12,239,astro-ph
2018-01,261,astro-ph
2018-02,197,astro-ph
2018-03,218,astro-ph
2018-04,279,astro-ph
2018-05,276,astro-ph
2018-06,214,astro-ph
2018-07,270,astro-ph
2018-08,233,astro-ph
2018-09,223,astro-ph
2018-10,256,astro-ph
2018-11,278,astro-ph
2018-12,210,astro-ph
2019-01,210,astro-ph
2019-02,233,astro-ph
2019-03,237,astro-ph
2019-04,255,astro-ph
2019-05,186,astro-ph
2019-06,204,astro-ph
2019-07,205,astro-ph
2019-08,225,astro-ph
2019-09,230,astro-ph
2019-10,258,astro-ph
2019-11,198,astro-ph
2019-12,227,astro-ph
2020-01,230,astro-ph
2020-02,229,astro-ph
2020-03,204,astro-ph
2020-04,211,astro-ph
2020-05,226,astro-ph
2020-06,314,astro-ph
2020-07,234,astro-ph
2020-08,244,astro-ph
2020-09,260,astro-ph
2020-10,232,astro-ph
2020-11,217,astro-ph
2020-12,212,astro-ph
2021-01,192,astro-ph
2021-02,198,astro-ph
2021-03,239,astro-ph
2021-04,182,astro-ph
2021-05,193,astro-ph
2021-06,197,astro-ph
2021-07,237,astro-ph
2021-08,188,astro-ph
2021-09,236,astro-ph
2021-10,206,astro-ph
2021-11,211,astro-ph
2021-12,193,astro-ph
2022-01,185,astro-ph
2022-02,203,astro-ph
2022-03,241,astro-ph
2022-04,183,astro-ph
2022-05,211,astro-ph
2022-06,252,astro-ph
2022-07,203,astro-ph
2022-08,207,astro-ph
2022-09,236,astro-ph
2022-10,225,astro-ph
2022-11,225,astro-ph
2022-12,175,astro-ph
2023-01,238,astro-ph
2023-02,187,astro-ph
2023-03,237,astro-ph
2023-04,163,astro-ph
2023-05,197,astro-ph
2023-06,220,astro-ph
2023-07,204,astro-ph
2023-08,215,astro-ph
2023-09,218,astro-ph
2023-10,222,astro-ph
2023-11,195,astro-ph
2023-12,182,astro-ph
2024-01,263,astro-ph
2024-02,210,astro-ph
2024-03,210,astro-ph
2009-01,32,cond-mat
2009-02,22,cond-mat
2009-03,32,cond-mat
2009-04,26,cond-mat
2009-05,26,cond-mat
2009-06,22,cond-mat
2009-07,33,cond-mat
2009-08,26,cond-mat
2009-09,41,cond-mat
2009-10,30,cond-mat
2009-11,39,cond-mat
2009-12,25,cond-mat
2010-01,29,cond-mat
2010-02,24,cond-mat
2010-03,40,cond-mat
2010-04,33,cond-mat
2010-05,36,cond-mat
2010-06,31,cond-mat
2010-07,28,cond-mat
2010-08,29,cond-mat
2010-09,27,cond-mat
2010-10,35,cond-mat
2010-11,38,cond-mat
2010-12,26,cond-mat
2011-01,34,cond-mat
2011-02,28,cond-mat
2011-03,25,cond-mat
2011-04,28,cond-mat
2011-05,21,cond-mat
2011-06,34,cond-mat
2011-07,31,cond-mat
2011-08,22,cond-mat
2011-09,16,cond-mat
2011-10,26,cond-mat
2011-11,29,cond-mat
2011-12,22,cond-mat
2012-01,27,cond-mat
2012-02,26,cond-mat
2012-03,23,cond-mat
2012-04,35,cond-mat
2012-05,44,cond-mat
2012-06,36,cond-mat
2012-07,15,cond-mat
2012-08,19,cond-mat
2012-09,25,cond-mat
2012-10,39,cond-mat
2012-11,34,cond-mat
2012-12,33,cond-mat
2013-01,22,cond-mat
2013-02,26,cond-mat
2013-03,22,cond-mat
2013-04,31,cond-mat
2013-05,25,cond-mat
2013-06,21,cond-mat
2013-07,32,cond-mat
2013-08,21,cond-mat
2013-09,36,cond-mat
2013-10,38,cond-mat
2013-11,20,cond-mat
2013-12,24,cond-mat
2014-01,18,cond-mat
2014-02,31,cond-mat
2014-03,39,cond-mat
2014-04,34,cond-mat
2014-05,31,cond-mat
2014-06,29,cond-mat
2014-07,38,cond-mat
2014-08,27,cond-mat
2014-09,31,cond-mat
2014-10,31,cond-mat
2014-11,27,cond-mat
2014-12,31,cond-mat
2015-01,29,cond-mat
2015-02,18,cond-mat
2015-03,30,cond-mat
2015-04,22,cond-mat
2015-05,30,cond-mat
2015-06,35,cond-mat
2015-07,29,cond-mat
2015-08,28,cond-mat
2015-09,29,cond-mat
2015-10,23,cond-mat
2015-11,20,cond-mat
2015-12,25,cond-mat
2016-01,20,cond-mat
2016-02,24,cond-mat
2016-03,24,cond-mat
2016-04,35,cond-mat
2016-05,37,cond-mat
2016-06,39,cond-mat
2016-07,32,cond-mat
2016-08,29,cond-mat
2016-09,31,cond-mat
2016-10,41,cond-mat
2016-11,40,cond-mat
2016-12,27,cond-mat
2017-01,35,cond-mat
2017-02,29,cond-mat
2017-03,39,cond-mat
2017-04,31,cond-mat
2017-05,34,cond-mat
2017-06,41,cond-mat
2017-07,31,cond-mat
2017-08,33,cond-mat
2017-09,28,cond-mat
2017-10,37,cond-mat
2017-11,30,cond-mat
2017-12,33,cond-mat
2018-01,28,cond-mat
2018-02,34,cond-mat
2018-03,44,cond-mat
2018-04,27,cond-mat
2018-05,42,cond-mat
2018-06,25,cond-mat
2018-07,27,cond-mat
2018-08,42,cond-mat
2018-09,22,cond-mat
2018-10,34,cond-mat
2018-11,30,cond-mat
2018-12,33,cond-mat
2019-01,35,cond-mat
2019-02,28,cond-mat
2019-03,35,cond-mat
2019-04,42,cond-mat
2019-05,31,cond-mat
2019-06,28,cond-mat
2019-07,35,cond-mat
2019-08,38,cond-mat
2019-09,30,cond-mat
2019-10,50,cond-mat
2019-11,49,cond-mat
2019-12,39,cond-mat
2020-01,47,cond-mat
2020-02,28,cond-mat
2020-03,32,cond-mat
2020-04,37,cond-mat
2020-05,37,cond-mat
2020-06,28,cond-mat
2020-07,42,cond-mat
2020-08,31,cond-mat
2020-09,37,cond-mat
2020-10,37,cond-mat
2020-11,44,cond-mat
2020-12,51,cond-mat
2021-01,35,cond-mat
2021-02,44,cond-mat
2021-03,32,cond-mat
2021-04,29,cond-mat
2021-05,44,cond-mat
2021-06,39,cond-mat
2021-07,44,cond-mat
2021-08,37,cond-mat
2021-09,36,cond-mat
2021-10,37,cond-mat
2021-11,48,cond-mat
2021-12,40,cond-mat
2022-01,29,cond-mat
2022-02,39,cond-mat
2022-03,38,cond-mat
2022-04,33,cond-mat
2022-05,35,cond-mat
2022-06,37,cond-mat
2022-07,41,cond-mat
2022-08,51,cond-mat
2022-09,34,cond-mat
2022-10,47,cond-mat
2022-11,34,cond-mat
2022-12,43,cond-mat
2023-01,28,cond-mat
2023-02,45,cond-mat
2023-03,44,cond-mat
2023-04,33,cond-mat
2023-05,34,cond-mat
2023-06,52,cond-mat
2023-07,44,cond-mat
2023-08,28,cond-mat
2023-09,44,cond-mat
2023-10,38,cond-mat
2023-11,43,cond-mat
2023-12,38,cond-mat
2024-01,36,cond-mat
2024-02,31,cond-mat
2024-03,41,cond-mat
2009-01,135,cond-mat
2009-02,128,cond-mat
2009-03,157,cond-mat
2009-04,181,cond-mat
2009-05,168,cond-mat
2009-06,193,cond-mat
2009-07,183,cond-mat
2009-08,173,cond-mat
2009-09,204,cond-mat
2009-10,207,cond-mat
2009-11,175,cond-mat
2009-12,202,cond-mat
2010-01,165,cond-mat
2010-02,193,cond-mat
2010-03,261,cond-mat
2010-04,203,cond-mat
2010-05,188,cond-mat
2010-06,207,cond-mat
2010-07,206,cond-mat
2010-08,214,cond-mat
2010-09,228,cond-mat
2010-10,240,cond-mat
2010-11,204,cond-mat
2010-12,207,cond-mat
2011-01,194,cond-mat
2011-02,189,cond-mat
2011-03,238,cond-mat
2011-04,231,cond-mat
2011-05,223,cond-mat
2011-06,242,cond-mat
2011-07,188,cond-mat
2011-08,215,cond-mat
2011-09,228,cond-mat
2011-10,213,cond-mat
2011-11,266,cond-mat
2011-12,219,cond-mat
2012-01,238,cond-mat
2012-02,227,cond-mat
2012-03,216,cond-mat
2012-04,256,cond-mat
2012-05,239,cond-mat
2012-06,248,cond-mat
2012-07,234,cond-mat
2012-08,227,cond-mat
2012-09,217,cond-mat
2012-10,266,cond-mat
2012-11,245,cond-mat
2012-12,223,cond-mat
2013-01,238,cond-mat
2013-02,282,cond-mat
2013-03,288,cond-mat
2013-04,283,cond-mat
2013-05,268,cond-mat
2013-06,239,cond-mat
2013-07,278,cond-mat
2013-08,233,cond-mat
2013-09,258,cond-mat
2013-10,268,cond-mat
2013-11,254,cond-mat
2013-12,268,cond-mat
2014-01,255,cond-mat
2014-02,216,cond-mat
2014-03,287,cond-mat
2014-04,229,cond-mat
2014-05,250,cond-mat
2014-06,252,cond-mat
2014-07,332,cond-mat
2014-08,248,cond-mat
2014-09,254,cond-mat
2014-10,279,cond-mat
2014-11,237,cond-mat
2014-12,284,cond-mat
2015-01,238,cond-mat
2015-02,284,cond-mat
2015-03,309,cond-mat
2015-04,279,cond-mat
2015-05,251,cond-mat
2015-06,318,cond-mat
2015-07,315,cond-mat
2015-08,246,cond-mat
2015-09,302,cond-mat
2015-10,299,cond-mat
2015-11,331,cond-mat
2015-12,306,cond-mat
2016-01,317,cond-mat
2016-02,296,cond-mat
2016-03,315,cond-mat
2016-04,277,cond-mat
2016-05,316,cond-mat
2016-06,302,cond-mat
2016-07,297,cond-mat
2016-08,278,cond-mat
2016-09,350,cond-mat
2016-10,334,cond-mat
2016-11,286,cond-mat
2016-12,302,cond-mat
2017-01,277,cond-mat
2017-02,311,cond-mat
2017-03,329,cond-mat
2017-04,271,cond-mat
2017-05,295,cond-mat
2017-06,308,cond-mat
2017-07,238,cond-mat
2017-08,273,cond-mat
2017-09,295,cond-mat
2017-10,278,cond-mat
2017-11,298,cond-mat
2017-12,271,cond-mat
2018-01,306,cond-mat
2018-02,291,cond-mat
2018-03,315,cond-mat
2018-04,261,cond-mat
2018-05,322,cond-mat
2018-06,302,cond-mat
2018-07,337,cond-mat
2018-08,283,cond-mat
2018-09,312,cond-mat
2018-10,318,cond-mat
2018-11,282,cond-mat
2018-12,335,cond-mat
2019-01,303,cond-mat
2019-02,285,cond-mat
2019-03,347,cond-mat
2019-04,334,cond-mat
2019-05,329,cond-mat
2019-06,278,cond-mat
2019-07,327,cond-mat
2019-08,248,cond-mat
2019-09,283,cond-mat
2019-10,321,cond-mat
2019-11,273,cond-mat
2019-12,293,cond-mat
2020-01,270,cond-mat
2020-02,253,cond-mat
2020-03,314,cond-mat
2020-04,331,cond-mat
2020-05,337,cond-mat
2020-06,320,cond-mat
2020-07,326,cond-mat
2020-08,279,cond-mat
2020-09,289,cond-mat
2020-10,280,cond-mat
2020-11,310,cond-mat
2020-12,333,cond-mat
2021-01,238,cond-mat
2021-02,242,cond-mat
2021-03,339,cond-mat
2021-04,271,cond-mat
2021-05,305,cond-mat
2021-06,284,cond-mat
2021-07,279,cond-mat
2021-08,290,cond-mat
2021-09,224,cond-mat
2021-10,275,cond-mat
2021-11,294,cond-mat
2021-12,320,cond-mat
2022-01,250,cond-mat
2022-02,240,cond-mat
2022-03,292,cond-mat
2022-04,227,cond-mat
2022-05,253,cond-mat
2022-06,262,cond-mat
2022-07,280,cond-mat
2022-08,253,cond-mat
2022-09,281,cond-mat
2022-10,266,cond-mat
2022-11,237,cond-mat
2022-12,281,cond-mat
2023-01,255,cond-mat
2023-02,245,cond-mat
2023-03,319,cond-mat
2023-04,264,cond-mat
2023-05,292,cond-mat
2023-06,271,cond-mat
2023-07,270,cond-mat
2023-08,230,cond-mat
2023-09,252,cond-mat
2023-10,313,cond-mat
2023-11,304,cond-mat
2023-12,292,cond-mat
2024-01,223,cond-mat
2024-02,275,cond-mat
2024-03,305,cond-mat
2009-01,157,cond-mat
2009-02,156,cond-mat
2009-03,173,cond-mat
2009-04,120,cond-mat
2009-05,124,cond-mat
2009-06,132,cond-mat
2009-07,136,cond-mat
2009-08,125,cond-mat
2009-09,116,cond-mat
2009-10,132,cond-mat
2009-11,127,cond-mat
2009-12,119,cond-mat
2010-01,152,cond-mat
2010-02,139,cond-mat
2010-03,151,cond-mat
2010-04,124,cond-mat
2010-05,138,cond-mat
2010-06,137,cond-mat
2010-07,165,cond-mat
2010-08,166,cond-mat
2010-09,166,cond-mat
2010-10,165,cond-mat
2010-11,169,cond-mat
2010-12,152,cond-mat
2011-01,168,cond-mat
2011-02,165,cond-mat
2011-03,171,cond-mat
2011-04,157,cond-mat
2011-05,165,cond-mat
2011-06,183,cond-mat
2011-07,163,cond-mat
2011-08,226,cond-mat
2011-09,144,cond-mat
2011-10,151,cond-mat
2011-11,188,cond-mat
2011-12,140,cond-mat
2012-01,199,cond-mat
2012-02,156,cond-mat
2012-03,181,cond-mat
2012-04,182,cond-mat
2012-05,161,cond-mat
2012-06,176,cond-mat
2012-07,177,cond-mat
2012-08,171,cond-mat
2012-09,170,cond-mat
2012-10,229,cond-mat
2012-11,194,cond-mat
2012-12,154,cond-mat
2013-01,230,cond-mat
2013-02,196,cond-mat
2013-03,203,cond-mat
2013-04,205,cond-mat
2013-05,170,cond-mat
2013-06,164,cond-mat
2013-07,236,cond-mat
2013-08,193,cond-mat
2013-09,238,cond-mat
2013-10,226,cond-mat
2013-11,226,cond-mat
2013-12,188,cond-mat
2014-01,211,cond-mat
2014-02,188,cond-mat
2014-03,229,cond-mat
2014-04,198,cond-mat
2014-05,203,cond-mat
2014-06,225,cond-mat
2014-07,229,cond-mat
2014-08,190,cond-mat
2014-09,253,cond-mat
2014-10,232,cond-mat
2014-11,190,cond-mat
2014-12,236,cond-mat
2015-01,207,cond-mat
2015-02,236,cond-mat
2015-03,304,cond-mat
2015-04,239,cond-mat
2015-05,248,cond-mat
2015-06,276,cond-mat
2015-07,235,cond-mat
2015-08,262,cond-mat
2015-09,278,cond-mat
2015-10,256,cond-mat
2015-11,257,cond-mat
2015-12,237,cond-mat
2016-01,244,cond-mat
2016-02,250,cond-mat
2016-03,293,cond-mat
2016-04,288,cond-mat
2016-05,286,cond-mat
2016-06,252,cond-mat
2016-07,227,cond-mat
2016-08,258,cond-mat
2016-09,258,cond-mat
2016-10,311,cond-mat
2016-11,284,cond-mat
2016-12,246,cond-mat
2017-01,253,cond-mat
2017-02,248,cond-mat
2017-03,318,cond-mat
2017-04,249,cond-mat
2017-05,310,cond-mat
2017-06,314,cond-mat
2017-07,252,cond-mat
2017-08,281,cond-mat
2017-09,249,cond-mat
2017-10,321,cond-mat
2017-11,248,cond-mat
2017-12,242,cond-mat
2018-01,268,cond-mat
2018-02,223,cond-mat
2018-03,296,cond-mat
2018-04,339,cond-mat
2018-05,288,cond-mat
2018-06,281,cond-mat
2018-07,254,cond-mat
2018-08,225,cond-mat
2018-09,231,cond-mat
2018-10,329,cond-mat
2018-11,281,cond-mat
2018-12,232,cond-mat
2019-01,287,cond-mat
2019-02,288,cond-mat
2019-03,265,cond-mat
2019-04,315,cond-mat
2019-05,234,cond-mat
2019-06,254,cond-mat
2019-07,298,cond-mat
2019-08,255,cond-mat
2019-09,292,cond-mat
2019-10,331,cond-mat
2019-11,269,cond-mat
2019-12,291,cond-mat
2020-01,295,cond-mat
2020-02,287,cond-mat
2020-03,299,cond-mat
2020-04,310,cond-mat
2020-05,283,cond-mat
2020-06,346,cond-mat
2020-07,378,cond-mat
2020-08,375,cond-mat
2020-09,409,cond-mat
2020-10,413,cond-mat
2020-11,387,cond-mat
2020-12,380,cond-mat
2021-01,316,cond-mat
2021-02,361,cond-mat
2021-03,441,cond-mat
2021-04,375,cond-mat
2021-05,341,cond-mat
2021-06,324,cond-mat
2021-07,331,cond-mat
2021-08,307,cond-mat
2021-09,342,cond-mat
2021-10,395,cond-mat
2021-11,385,cond-mat
2021-12,354,cond-mat
2022-01,383,cond-mat
2022-02,363,cond-mat
2022-03,402,cond-mat
2022-04,317,cond-mat
2022-05,342,cond-mat
2022-06,318,cond-mat
2022-07,335,cond-mat
2022-08,350,cond-mat
2022-09,338,cond-mat
2022-10,333,cond-mat
2022-11,381,cond-mat
2022-12,315,cond-mat
2023-01,348,cond-mat
2023-02,387,cond-mat
2023-03,397,cond-mat
2023-04,326,cond-mat
2023-05,395,cond-mat
2023-06,358,cond-mat
2023-07,391,cond-mat
2023-08,354,cond-mat
2023-09,371,cond-mat
2023-10,430,cond-mat
2023-11,401,cond-mat
2023-12,332,cond-mat
2024-01,409,cond-mat
2024-02,380,cond-mat
2024-03,359,cond-mat
2009-01,67,cond-mat
2009-02,64,cond-mat
2009-03,82,cond-mat
2009-04,27,cond-mat
2009-05,27,cond-mat
2009-06,28,cond-mat
2009-07,42,cond-mat
2009-08,27,cond-mat
2009-09,38,cond-mat
2009-10,22,cond-mat
2009-11,20,cond-mat
2009-12,24,cond-mat
2010-01,25,cond-mat
2010-02,25,cond-mat
2010-03,19,cond-mat
2010-04,26,cond-mat
2010-05,26,cond-mat
2010-06,24,cond-mat
2010-07,18,cond-mat
2010-08,25,cond-mat
2010-09,23,cond-mat
2010-10,26,cond-mat
2010-11,23,cond-mat
2010-12,19,cond-mat
2011-01,17,cond-mat
2011-02,27,cond-mat
2011-03,21,cond-mat
2011-04,10,cond-mat
2011-05,15,cond-mat
2011-06,16,cond-mat
2011-07,16,cond-mat
2011-08,24,cond-mat
2011-09,20,cond-mat
2011-10,18,cond-mat
2011-11,13,cond-mat
2011-12,11,cond-mat
2012-01,13,cond-mat
2012-02,8,cond-mat
2012-03,18,cond-mat
2012-04,21,cond-mat
2012-05,13,cond-mat
2012-06,19,cond-mat
2012-07,18,cond-mat
2012-08,21,cond-mat
2012-09,5,cond-mat
2012-10,16,cond-mat
2012-11,11,cond-mat
2012-12,8,cond-mat
2013-01,8,cond-mat
2013-02,10,cond-mat
2013-03,6,cond-mat
2013-04,7,cond-mat
2013-05,9,cond-mat
2013-06,13,cond-mat
2013-07,11,cond-mat
2013-08,7,cond-mat
2013-09,11,cond-mat
2013-10,10,cond-mat
2013-11,7,cond-mat
2013-12,9,cond-mat
2014-01,6,cond-mat
2014-02,7,cond-mat
2014-03,17,cond-mat
2014-04,7,cond-mat
2014-05,13,cond-mat
2014-06,11,cond-mat
2014-07,11,cond-mat
2014-08,7,cond-mat
2014-09,11,cond-mat
2014-10,8,cond-mat
2014-11,15,cond-mat
2014-12,13,cond-mat
2015-01,8,cond-mat
2015-02,2,cond-mat
2015-03,7,cond-mat
2015-04,9,cond-mat
2015-05,13,cond-mat
2015-06,11,cond-mat
2015-07,8,cond-mat
2015-08,8,cond-mat
2015-09,6,cond-mat
2015-10,9,cond-mat
2015-11,15,cond-mat
2015-12,13,cond-mat
2016-01,10,cond-mat
2016-02,9,cond-mat
2016-03,9,cond-mat
2016-04,10,cond-mat
2016-05,10,cond-mat
2016-06,13,cond-mat
2016-07,14,cond-mat
2016-08,10,cond-mat
2016-09,16,cond-mat
2016-10,16,cond-mat
2016-11,16,cond-mat
2016-12,14,cond-mat
2017-01,9,cond-mat
2017-02,15,cond-mat
2017-03,11,cond-mat
2017-04,20,cond-mat
2017-05,14,cond-mat
2017-06,20,cond-mat
2017-07,11,cond-mat
2017-08,7,cond-mat
2017-09,12,cond-mat
2017-10,7,cond-mat
2017-11,14,cond-mat
2017-12,7,cond-mat
2018-01,10,cond-mat
2018-02,7,cond-mat
2018-03,13,cond-mat
2018-04,8,cond-mat
2018-05,9,cond-mat
2018-06,10,cond-mat
2018-07,15,cond-mat
2018-08,7,cond-mat
2018-09,6,cond-mat
2018-10,13,cond-mat
2018-11,7,cond-mat
2018-12,7,cond-mat
2019-01,6,cond-mat
2019-02,4,cond-mat
2019-03,9,cond-mat
2019-04,7,cond-mat
2019-05,4,cond-mat
2019-06,4,cond-mat
2019-07,9,cond-mat
2019-08,8,cond-mat
2019-09,5,cond-mat
2019-10,10,cond-mat
2019-11,7,cond-mat
2019-12,4,cond-mat
2020-01,5,cond-mat
2020-02,11,cond-mat
2020-03,8,cond-mat
2020-04,5,cond-mat
2020-05,8,cond-mat
2020-06,2,cond-mat
2020-07,1,cond-mat
2020-08,1,cond-mat
2020-09,6,cond-mat
2020-10,9,cond-mat
2020-11,12,cond-mat
2020-12,17,cond-mat
2021-01,2,cond-mat
2021-02,8,cond-mat
2021-03,13,cond-mat
2021-04,11,cond-mat
2021-05,9,cond-mat
2021-06,8,cond-mat
2021-07,14,cond-mat
2021-08,8,cond-mat
2021-09,12,cond-mat
2021-10,13,cond-mat
2021-11,9,cond-mat
2021-12,6,cond-mat
2022-01,10,cond-mat
2022-02,11,cond-mat
2022-03,14,cond-mat
2022-04,7,cond-mat
2022-05,11,cond-mat
2022-06,10,cond-mat
2022-07,6,cond-mat
2022-08,5,cond-mat
2022-09,9,cond-mat
2022-10,4,cond-mat
2022-11,9,cond-mat
2022-12,12,cond-mat
2023-01,8,cond-mat
2023-02,5,cond-mat
2023-03,10,cond-mat
2023-04,7,cond-mat
2023-05,10,cond-mat
2023-06,6,cond-mat
2023-07,7,cond-mat
2023-08,5,cond-mat
2023-09,5,cond-mat
2023-10,10,cond-mat
2023-11,7,cond-mat
2023-12,3,cond-mat
2024-01,8,cond-mat
2024-02,6,cond-mat
2024-03,5,cond-mat
2009-01,3,cond-mat
2009-03,11,cond-mat
2009-04,62,cond-mat
2009-05,52,cond-mat
2009-06,51,cond-mat
2009-07,72,cond-mat
2009-08,61,cond-mat
2009-09,68,cond-mat
2009-10,66,cond-mat
2009-11,81,cond-mat
2009-12,86,cond-mat
2010-01,50,cond-mat
2010-02,62,cond-mat
2010-03,73,cond-mat
2010-04,61,cond-mat
2010-05,81,cond-mat
2010-06,81,cond-mat
2010-07,81,cond-mat
2010-08,64,cond-mat
2010-09,83,cond-mat
2010-10,57,cond-mat
2010-11,89,cond-mat
2010-12,66,cond-mat
2011-01,87,cond-mat
2011-02,68,cond-mat
2011-03,83,cond-mat
2011-04,68,cond-mat
2011-05,92,cond-mat
2011-06,73,cond-mat
2011-07,64,cond-mat
2011-08,70,cond-mat
2011-09,75,cond-mat
2011-10,89,cond-mat
2011-11,81,cond-mat
2011-12,90,cond-mat
2012-01,77,cond-mat
2012-02,75,cond-mat
2012-03,86,cond-mat
2012-04,78,cond-mat
2012-05,87,cond-mat
2012-06,82,cond-mat
2012-07,99,cond-mat
2012-08,65,cond-mat
2012-09,66,cond-mat
2012-10,78,cond-mat
2012-11,74,cond-mat
2012-12,101,cond-mat
2013-01,80,cond-mat
2013-02,74,cond-mat
2013-03,70,cond-mat
2013-04,74,cond-mat
2013-05,76,cond-mat
2013-06,83,cond-mat
2013-07,106,cond-mat
2013-08,68,cond-mat
2013-09,78,cond-mat
2013-10,82,cond-mat
2013-11,53,cond-mat
2013-12,72,cond-mat
2014-01,74,cond-mat
2014-02,79,cond-mat
2014-03,71,cond-mat
2014-04,80,cond-mat
2014-05,68,cond-mat
2014-06,62,cond-mat
2014-07,88,cond-mat
2014-08,78,cond-mat
2014-09,89,cond-mat
2014-10,96,cond-mat
2014-11,101,cond-mat
2014-12,79,cond-mat
2015-01,75,cond-mat
2015-02,84,cond-mat
2015-03,75,cond-mat
2015-04,91,cond-mat
2015-05,88,cond-mat
2015-06,90,cond-mat
2015-07,80,cond-mat
2015-08,81,cond-mat
2015-09,79,cond-mat
2015-10,88,cond-mat
2015-11,81,cond-mat
2015-12,94,cond-mat
2016-01,69,cond-mat
2016-02,63,cond-mat
2016-03,77,cond-mat
2016-04,71,cond-mat
2016-05,96,cond-mat
2016-06,74,cond-mat
2016-07,92,cond-mat
2016-08,84,cond-mat
2016-09,93,cond-mat
2016-10,81,cond-mat
2016-11,77,cond-mat
2016-12,101,cond-mat
2017-01,57,cond-mat
2017-02,56,cond-mat
2017-03,75,cond-mat
2017-04,72,cond-mat
2017-05,94,cond-mat
2017-06,85,cond-mat
2017-07,83,cond-mat
2017-08,83,cond-mat
2017-09,63,cond-mat
2017-10,90,cond-mat
2017-11,64,cond-mat
2017-12,78,cond-mat
2018-01,86,cond-mat
2018-02,57,cond-mat
2018-03,89,cond-mat
2018-04,80,cond-mat
2018-05,80,cond-mat
2018-06,68,cond-mat
2018-07,74,cond-mat
2018-08,49,cond-mat
2018-09,71,cond-mat
2018-10,77,cond-mat
2018-11,70,cond-mat
2018-12,72,cond-mat
2019-01,69,cond-mat
2019-02,57,cond-mat
2019-03,68,cond-mat
2019-04,66,cond-mat
2019-05,76,cond-mat
2019-06,51,cond-mat
2019-07,64,cond-mat
2019-08,79,cond-mat
2019-09,74,cond-mat
2019-10,64,cond-mat
2019-11,67,cond-mat
2019-12,77,cond-mat
2020-01,72,cond-mat
2020-02,69,cond-mat
2020-03,90,cond-mat
2020-04,79,cond-mat
2020-05,80,cond-mat
2020-06,73,cond-mat
2020-07,96,cond-mat
2020-08,58,cond-mat
2020-09,76,cond-mat
2020-10,68,cond-mat
2020-11,86,cond-mat
2020-12,76,cond-mat
2021-01,62,cond-mat
2021-02,59,cond-mat
2021-03,74,cond-mat
2021-04,64,cond-mat
2021-05,71,cond-mat
2021-06,71,cond-mat
2021-07,58,cond-mat
2021-08,69,cond-mat
2021-09,73,cond-mat
2021-10,72,cond-mat
2021-11,71,cond-mat
2021-12,78,cond-mat
2022-01,62,cond-mat
2022-02,69,cond-mat
2022-03,59,cond-mat
2022-04,69,cond-mat
2022-05,58,cond-mat
2022-06,75,cond-mat
2022-07,63,cond-mat
2022-08,68,cond-mat
2022-09,62,cond-mat
2022-10,69,cond-mat
2022-11,70,cond-mat
2022-12,74,cond-mat
2023-01,59,cond-mat
2023-02,55,cond-mat
2023-03,60,cond-mat
2023-04,64,cond-mat
2023-05,77,cond-mat
2023-06,80,cond-mat
2023-07,52,cond-mat
2023-08,68,cond-mat
2023-09,65,cond-mat
2023-10,61,cond-mat
2023-11,86,cond-mat
2023-12,71,cond-mat
2024-01,64,cond-mat
2024-02,63,cond-mat
2024-03,65,cond-mat
2009-01,49,cond-mat
2009-02,57,cond-mat
2009-03,84,cond-mat
2009-04,59,cond-mat
2009-05,63,cond-mat
2009-06,55,cond-mat
2009-07,71,cond-mat
2009-08,46,cond-mat
2009-09,68,cond-mat
2009-10,74,cond-mat
2009-11,77,cond-mat
2009-12,61,cond-mat
2010-01,63,cond-mat
2010-02,61,cond-mat
2010-03,67,cond-mat
2010-04,88,cond-mat
2010-05,67,cond-mat
2010-06,67,cond-mat
2010-07,66,cond-mat
2010-08,64,cond-mat
2010-09,69,cond-mat
2010-10,88,cond-mat
2010-11,95,cond-mat
2010-12,72,cond-mat
2011-01,60,cond-mat
2011-02,70,cond-mat
2011-03,81,cond-mat
2011-04,65,cond-mat
2011-05,66,cond-mat
2011-06,82,cond-mat
2011-07,80,cond-mat
2011-08,55,cond-mat
2011-09,64,cond-mat
2011-10,63,cond-mat
2011-11,72,cond-mat
2011-12,54,cond-mat
2012-01,78,cond-mat
2012-02,75,cond-mat
2012-03,94,cond-mat
2012-04,67,cond-mat
2012-05,66,cond-mat
2012-06,69,cond-mat
2012-07,92,cond-mat
2012-08,62,cond-mat
2012-09,87,cond-mat
2012-10,76,cond-mat
2012-11,78,cond-mat
2012-12,76,cond-mat
2013-01,90,cond-mat
2013-02,84,cond-mat
2013-03,75,cond-mat
2013-04,102,cond-mat
2013-05,95,cond-mat
2013-06,90,cond-mat
2013-07,110,cond-mat
2013-08,80,cond-mat
2013-09,101,cond-mat
2013-10,112,cond-mat
2013-11,72,cond-mat
2013-12,88,cond-mat
2014-01,106,cond-mat
2014-02,87,cond-mat
2014-03,96,cond-mat
2014-04,67,cond-mat
2014-05,75,cond-mat
2014-06,96,cond-mat
2014-07,116,cond-mat
2014-08,78,cond-mat
2014-09,105,cond-mat
2014-10,118,cond-mat
2014-11,77,cond-mat
2014-12,100,cond-mat
2015-01,77,cond-mat
2015-02,94,cond-mat
2015-03,123,cond-mat
2015-04,122,cond-mat
2015-05,100,cond-mat
2015-06,98,cond-mat
2015-07,131,cond-mat
2015-08,106,cond-mat
2015-09,98,cond-mat
2015-10,105,cond-mat
2015-11,91,cond-mat
2015-12,86,cond-mat
2016-01,85,cond-mat
2016-02,121,cond-mat
2016-03,131,cond-mat
2016-04,96,cond-mat
2016-05,115,cond-mat
2016-06,92,cond-mat
2016-07,111,cond-mat
2016-08,108,cond-mat
2016-09,135,cond-mat
2016-10,111,cond-mat
2016-11,124,cond-mat
2016-12,130,cond-mat
2017-01,112,cond-mat
2017-02,94,cond-mat
2017-03,129,cond-mat
2017-04,76,cond-mat
2017-05,110,cond-mat
2017-06,132,cond-mat
2017-07,110,cond-mat
2017-08,100,cond-mat
2017-09,120,cond-mat
2017-10,141,cond-mat
2017-11,123,cond-mat
2017-12,128,cond-mat
2018-01,118,cond-mat
2018-02,102,cond-mat
2018-03,136,cond-mat
2018-04,104,cond-mat
2018-05,118,cond-mat
2018-06,103,cond-mat
2018-07,110,cond-mat
2018-08,125,cond-mat
2018-09,114,cond-mat
2018-10,141,cond-mat
2018-11,114,cond-mat
2018-12,118,cond-mat
2019-01,137,cond-mat
2019-02,125,cond-mat
2019-03,108,cond-mat
2019-04,122,cond-mat
2019-05,119,cond-mat
2019-06,111,cond-mat
2019-07,140,cond-mat
2019-08,115,cond-mat
2019-09,140,cond-mat
2019-10,151,cond-mat
2019-11,111,cond-mat
2019-12,132,cond-mat
2020-01,107,cond-mat
2020-02,137,cond-mat
2020-03,139,cond-mat
2020-04,126,cond-mat
2020-05,134,cond-mat
2020-06,142,cond-mat
2020-07,168,cond-mat
2020-08,120,cond-mat
2020-09,145,cond-mat
2020-10,161,cond-mat
2020-11,170,cond-mat
2020-12,167,cond-mat
2021-01,152,cond-mat
2021-02,158,cond-mat
2021-03,194,cond-mat
2021-04,143,cond-mat
2021-05,137,cond-mat
2021-06,137,cond-mat
2021-07,140,cond-mat
2021-08,138,cond-mat
2021-09,115,cond-mat
2021-10,135,cond-mat
2021-11,145,cond-mat
2021-12,140,cond-mat
2022-01,130,cond-mat
2022-02,148,cond-mat
2022-03,156,cond-mat
2022-04,125,cond-mat
2022-05,131,cond-mat
2022-06,157,cond-mat
2022-07,124,cond-mat
2022-08,128,cond-mat
2022-09,139,cond-mat
2022-10,127,cond-mat
2022-11,136,cond-mat
2022-12,127,cond-mat
2023-01,114,cond-mat
2023-02,126,cond-mat
2023-03,151,cond-mat
2023-04,123,cond-mat
2023-05,145,cond-mat
2023-06,141,cond-mat
2023-07,164,cond-mat
2023-08,137,cond-mat
2023-09,113,cond-mat
2023-10,155,cond-mat
2023-11,177,cond-mat
2023-12,138,cond-mat
2024-01,184,cond-mat
2024-02,151,cond-mat
2024-03,183,cond-mat
2009-01,105,cond-mat
2009-02,108,cond-mat
2009-03,132,cond-mat
2009-04,88,cond-mat
2009-05,109,cond-mat
2009-06,111,cond-mat
2009-07,153,cond-mat
2009-08,90,cond-mat
2009-09,111,cond-mat
2009-10,120,cond-mat
2009-11,129,cond-mat
2009-12,117,cond-mat
2010-01,95,cond-mat
2010-02,96,cond-mat
2010-03,132,cond-mat
2010-04,122,cond-mat
2010-05,126,cond-mat
2010-06,121,cond-mat
2010-07,100,cond-mat
2010-08,109,cond-mat
2010-09,125,cond-mat
2010-10,120,cond-mat
2010-11,113,cond-mat
2010-12,130,cond-mat
2011-01,114,cond-mat
2011-02,107,cond-mat
2011-03,110,cond-mat
2011-04,130,cond-mat
2011-05,142,cond-mat
2011-06,133,cond-mat
2011-07,113,cond-mat
2011-08,106,cond-mat
2011-09,122,cond-mat
2011-10,122,cond-mat
2011-11,131,cond-mat
2011-12,127,cond-mat
2012-01,113,cond-mat
2012-02,113,cond-mat
2012-03,120,cond-mat
2012-04,109,cond-mat
2012-05,118,cond-mat
2012-06,133,cond-mat
2012-07,137,cond-mat
2012-08,105,cond-mat
2012-09,124,cond-mat
2012-10,128,cond-mat
2012-11,133,cond-mat
2012-12,129,cond-mat
2013-01,106,cond-mat
2013-02,116,cond-mat
2013-03,125,cond-mat
2013-04,119,cond-mat
2013-05,138,cond-mat
2013-06,122,cond-mat
2013-07,127,cond-mat
2013-08,97,cond-mat
2013-09,126,cond-mat
2013-10,117,cond-mat
2013-11,99,cond-mat
2013-12,110,cond-mat
2014-01,127,cond-mat
2014-02,136,cond-mat
2014-03,126,cond-mat
2014-04,124,cond-mat
2014-05,118,cond-mat
2014-06,130,cond-mat
2014-07,132,cond-mat
2014-08,98,cond-mat
2014-09,137,cond-mat
2014-10,117,cond-mat
2014-11,99,cond-mat
2014-12,139,cond-mat
2015-01,126,cond-mat
2015-02,111,cond-mat
2015-03,135,cond-mat
2015-04,92,cond-mat
2015-05,92,cond-mat
2015-06,140,cond-mat
2015-07,137,cond-mat
2015-08,112,cond-mat
2015-09,120,cond-mat
2015-10,145,cond-mat
2015-11,114,cond-mat
2015-12,138,cond-mat
2016-01,107,cond-mat
2016-02,120,cond-mat
2016-03,137,cond-mat
2016-04,104,cond-mat
2016-05,128,cond-mat
2016-06,122,cond-mat
2016-07,110,cond-mat
2016-08,124,cond-mat
2016-09,135,cond-mat
2016-10,110,cond-mat
2016-11,136,cond-mat
2016-12,127,cond-mat
2017-01,102,cond-mat
2017-02,89,cond-mat
2017-03,134,cond-mat
2017-04,111,cond-mat
2017-05,128,cond-mat
2017-06,134,cond-mat
2017-07,111,cond-mat
2017-08,130,cond-mat
2017-09,121,cond-mat
2017-10,140,cond-mat
2017-11,115,cond-mat
2017-12,140,cond-mat
2018-01,94,cond-mat
2018-02,116,cond-mat
2018-03,125,cond-mat
2018-04,127,cond-mat
2018-05,128,cond-mat
2018-06,133,cond-mat
2018-07,125,cond-mat
2018-08,140,cond-mat
2018-09,127,cond-mat
2018-10,140,cond-mat
2018-11,117,cond-mat
2018-12,127,cond-mat
2019-01,118,cond-mat
2019-02,125,cond-mat
2019-03,121,cond-mat
2019-04,136,cond-mat
2019-05,166,cond-mat
2019-06,149,cond-mat
2019-07,122,cond-mat
2019-08,141,cond-mat
2019-09,148,cond-mat
2019-10,142,cond-mat
2019-11,134,cond-mat
2019-12,138,cond-mat
2020-01,121,cond-mat
2020-02,117,cond-mat
2020-03,143,cond-mat
2020-04,147,cond-mat
2020-05,138,cond-mat
2020-06,168,cond-mat
2020-07,152,cond-mat
2020-08,140,cond-mat
2020-09,162,cond-mat
2020-10,129,cond-mat
2020-11,120,cond-mat
2020-12,143,cond-mat
2021-01,107,cond-mat
2021-02,128,cond-mat
2021-03,161,cond-mat
2021-04,146,cond-mat
2021-05,124,cond-mat
2021-06,145,cond-mat
2021-07,119,cond-mat
2021-08,120,cond-mat
2021-09,140,cond-mat
2021-10,131,cond-mat
2021-11,127,cond-mat
2021-12,150,cond-mat
2022-01,118,cond-mat
2022-02,133,cond-mat
2022-03,163,cond-mat
2022-04,131,cond-mat
2022-05,171,cond-mat
2022-06,149,cond-mat
2022-07,126,cond-mat
2022-08,124,cond-mat
2022-09,118,cond-mat
2022-10,127,cond-mat
2022-11,132,cond-mat
2022-12,120,cond-mat
2023-01,129,cond-mat
2023-02,126,cond-mat
2023-03,162,cond-mat
2023-04,118,cond-mat
2023-05,171,cond-mat
2023-06,150,cond-mat
2023-07,142,cond-mat
2023-08,126,cond-mat
2023-09,119,cond-mat
2023-10,148,cond-mat
2023-11,138,cond-mat
2023-12,123,cond-mat
2024-01,125,cond-mat
2024-02,127,cond-mat
2024-03,139,cond-mat
2009-01,103,cond-mat
2009-02,138,cond-mat
2009-03,121,cond-mat
2009-04,123,cond-mat
2009-05,137,cond-mat
2009-06,162,cond-mat
2009-07,134,cond-mat
2009-08,125,cond-mat
2009-09,152,cond-mat
2009-10,145,cond-mat
2009-11,122,cond-mat
2009-12,124,cond-mat
2010-01,108,cond-mat
2010-02,118,cond-mat
2010-03,153,cond-mat
2010-04,152,cond-mat
2010-05,152,cond-mat
2010-06,156,cond-mat
2010-07,145,cond-mat
2010-08,140,cond-mat
2010-09,137,cond-mat
2010-10,129,cond-mat
2010-11,130,cond-mat
2010-12,134,cond-mat
2011-01,131,cond-mat
2011-02,120,cond-mat
2011-03,158,cond-mat
2011-04,134,cond-mat
2011-05,186,cond-mat
2011-06,163,cond-mat
2011-07,145,cond-mat
2011-08,157,cond-mat
2011-09,172,cond-mat
2011-10,182,cond-mat
2011-11,176,cond-mat
2011-12,145,cond-mat
2012-01,140,cond-mat
2012-02,145,cond-mat
2012-03,144,cond-mat
2012-04,169,cond-mat
2012-05,151,cond-mat
2012-06,163,cond-mat
2012-07,199,cond-mat
2012-08,162,cond-mat
2012-09,131,cond-mat
2012-10,189,cond-mat
2012-11,168,cond-mat
2012-12,156,cond-mat
2013-01,145,cond-mat
2013-02,160,cond-mat
2013-03,165,cond-mat
2013-04,159,cond-mat
2013-05,148,cond-mat
2013-06,143,cond-mat
2013-07,180,cond-mat
2013-08,152,cond-mat
2013-09,177,cond-mat
2013-10,188,cond-mat
2013-11,154,cond-mat
2013-12,152,cond-mat
2014-01,120,cond-mat
2014-02,156,cond-mat
2014-03,198,cond-mat
2014-04,148,cond-mat
2014-05,145,cond-mat
2014-06,197,cond-mat
2014-07,208,cond-mat
2014-08,171,cond-mat
2014-09,182,cond-mat
2014-10,179,cond-mat
2014-11,172,cond-mat
2014-12,167,cond-mat
2015-01,161,cond-mat
2015-02,156,cond-mat
2015-03,184,cond-mat
2015-04,161,cond-mat
2015-05,164,cond-mat
2015-06,201,cond-mat
2015-07,189,cond-mat
2015-08,181,cond-mat
2015-09,174,cond-mat
2015-10,173,cond-mat
2015-11,147,cond-mat
2015-12,177,cond-mat
2016-01,151,cond-mat
2016-02,195,cond-mat
2016-03,198,cond-mat
2016-04,165,cond-mat
2016-05,180,cond-mat
2016-06,185,cond-mat
2016-07,186,cond-mat
2016-08,208,cond-mat
2016-09,168,cond-mat
2016-10,201,cond-mat
2016-11,196,cond-mat
2016-12,181,cond-mat
2017-01,155,cond-mat
2017-02,166,cond-mat
2017-03,184,cond-mat
2017-04,155,cond-mat
2017-05,239,cond-mat
2017-06,199,cond-mat
2017-07,177,cond-mat
2017-08,167,cond-mat
2017-09,166,cond-mat
2017-10,199,cond-mat
2017-11,200,cond-mat
2017-12,158,cond-mat
2018-01,167,cond-mat
2018-02,176,cond-mat
2018-03,218,cond-mat
2018-04,186,cond-mat
2018-05,215,cond-mat
2018-06,223,cond-mat
2018-07,191,cond-mat
2018-08,215,cond-mat
2018-09,190,cond-mat
2018-10,225,cond-mat
2018-11,186,cond-mat
2018-12,184,cond-mat
2019-01,200,cond-mat
2019-02,193,cond-mat
2019-03,214,cond-mat
2019-04,209,cond-mat
2019-05,216,cond-mat
2019-06,177,cond-mat
2019-07,235,cond-mat
2019-08,189,cond-mat
2019-09,202,cond-mat
2019-10,232,cond-mat
2019-11,206,cond-mat
2019-12,217,cond-mat
2020-01,180,cond-mat
2020-02,180,cond-mat
2020-03,207,cond-mat
2020-04,209,cond-mat
2020-05,207,cond-mat
2020-06,197,cond-mat
2020-07,226,cond-mat
2020-08,195,cond-mat
2020-09,205,cond-mat
2020-10,202,cond-mat
2020-11,187,cond-mat
2020-12,230,cond-mat
2021-01,164,cond-mat
2021-02,173,cond-mat
2021-03,235,cond-mat
2021-04,191,cond-mat
2021-05,206,cond-mat
2021-06,194,cond-mat
2021-07,217,cond-mat
2021-08,179,cond-mat
2021-09,204,cond-mat
2021-10,189,cond-mat
2021-11,188,cond-mat
2021-12,224,cond-mat
2022-01,177,cond-mat
2022-02,196,cond-mat
2022-03,218,cond-mat
2022-04,192,cond-mat
2022-05,184,cond-mat
2022-06,193,cond-mat
2022-07,193,cond-mat
2022-08,192,cond-mat
2022-09,220,cond-mat
2022-10,208,cond-mat
2022-11,203,cond-mat
2022-12,159,cond-mat
2023-01,177,cond-mat
2023-02,172,cond-mat
2023-03,227,cond-mat
2023-04,186,cond-mat
2023-05,218,cond-mat
2023-06,190,cond-mat
2023-07,187,cond-mat
2023-08,193,cond-mat
2023-09,198,cond-mat
2023-10,226,cond-mat
2023-11,217,cond-mat
2023-12,223,cond-mat
2024-01,193,cond-mat
2024-02,192,cond-mat
2024-03,217,cond-mat
2009-01,128,cond-mat
2009-02,129,cond-mat
2009-03,136,cond-mat
2009-04,130,cond-mat
2009-05,100,cond-mat
2009-06,100,cond-mat
2009-07,112,cond-mat
2009-08,102,cond-mat
2009-09,108,cond-mat
2009-10,107,cond-mat
2009-11,106,cond-mat
2009-12,117,cond-mat
2010-01,103,cond-mat
2010-02,106,cond-mat
2010-03,119,cond-mat
2010-04,118,cond-mat
2010-05,111,cond-mat
2010-06,118,cond-mat
2010-07,123,cond-mat
2010-08,125,cond-mat
2010-09,115,cond-mat
2010-10,102,cond-mat
2010-11,103,cond-mat
2010-12,100,cond-mat
2011-01,124,cond-mat
2011-02,109,cond-mat
2011-03,124,cond-mat
2011-04,82,cond-mat
2011-05,111,cond-mat
2011-06,127,cond-mat
2011-07,107,cond-mat
2011-08,112,cond-mat
2011-09,124,cond-mat
2011-10,111,cond-mat
2011-11,131,cond-mat
2011-12,120,cond-mat
2012-01,84,cond-mat
2012-02,108,cond-mat
2012-03,109,cond-mat
2012-04,96,cond-mat
2012-05,133,cond-mat
2012-06,128,cond-mat
2012-07,128,cond-mat
2012-08,139,cond-mat
2012-09,94,cond-mat
2012-10,122,cond-mat
2012-11,101,cond-mat
2012-12,82,cond-mat
2013-01,94,cond-mat
2013-02,111,cond-mat
2013-03,128,cond-mat
2013-04,110,cond-mat
2013-05,114,cond-mat
2013-06,74,cond-mat
2013-07,116,cond-mat
2013-08,117,cond-mat
2013-09,93,cond-mat
2013-10,106,cond-mat
2013-11,114,cond-mat
2013-12,90,cond-mat
2014-01,100,cond-mat
2014-02,107,cond-mat
2014-03,111,cond-mat
2014-04,87,cond-mat
2014-05,103,cond-mat
2014-06,105,cond-mat
2014-07,118,cond-mat
2014-08,104,cond-mat
2014-09,100,cond-mat
2014-10,109,cond-mat
2014-11,79,cond-mat
2014-12,118,cond-mat
2015-01,97,cond-mat
2015-02,92,cond-mat
2015-03,92,cond-mat
2015-04,95,cond-mat
2015-05,110,cond-mat
2015-06,97,cond-mat
2015-07,105,cond-mat
2015-08,100,cond-mat
2015-09,85,cond-mat
2015-10,97,cond-mat
2015-11,85,cond-mat
2015-12,115,cond-mat
2016-01,92,cond-mat
2016-02,104,cond-mat
2016-03,116,cond-mat
2016-04,98,cond-mat
2016-05,102,cond-mat
2016-06,112,cond-mat
2016-07,117,cond-mat
2016-08,86,cond-mat
2016-09,94,cond-mat
2016-10,79,cond-mat
2016-11,85,cond-mat
2016-12,72,cond-mat
2017-01,89,cond-mat
2017-02,71,cond-mat
2017-03,125,cond-mat
2017-04,93,cond-mat
2017-05,107,cond-mat
2017-06,100,cond-mat
2017-07,87,cond-mat
2017-08,89,cond-mat
2017-09,98,cond-mat
2017-10,107,cond-mat
2017-11,94,cond-mat
2017-12,108,cond-mat
2018-01,90,cond-mat
2018-02,97,cond-mat
2018-03,103,cond-mat
2018-04,91,cond-mat
2018-05,100,cond-mat
2018-06,85,cond-mat
2018-07,104,cond-mat
2018-08,105,cond-mat
2018-09,91,cond-mat
2018-10,100,cond-mat
2018-11,92,cond-mat
2018-12,84,cond-mat
2019-01,110,cond-mat
2019-02,91,cond-mat
2019-03,103,cond-mat
2019-04,97,cond-mat
2019-05,104,cond-mat
2019-06,95,cond-mat
2019-07,96,cond-mat
2019-08,104,cond-mat
2019-09,122,cond-mat
2019-10,75,cond-mat
2019-11,99,cond-mat
2019-12,101,cond-mat
2020-01,89,cond-mat
2020-02,71,cond-mat
2020-03,86,cond-mat
2020-04,83,cond-mat
2020-05,75,cond-mat
2020-06,98,cond-mat
2020-07,92,cond-mat
2020-08,74,cond-mat
2020-09,99,cond-mat
2020-10,97,cond-mat
2020-11,93,cond-mat
2020-12,124,cond-mat
2021-01,96,cond-mat
2021-02,100,cond-mat
2021-03,136,cond-mat
2021-04,106,cond-mat
2021-05,109,cond-mat
2021-06,129,cond-mat
2021-07,112,cond-mat
2021-08,105,cond-mat
2021-09,126,cond-mat
2021-10,106,cond-mat
2021-11,121,cond-mat
2021-12,127,cond-mat
2022-01,97,cond-mat
2022-02,100,cond-mat
2022-03,105,cond-mat
2022-04,103,cond-mat
2022-05,103,cond-mat
2022-06,95,cond-mat
2022-07,95,cond-mat
2022-08,91,cond-mat
2022-09,103,cond-mat
2022-10,112,cond-mat
2022-11,106,cond-mat
2022-12,105,cond-mat
2023-01,98,cond-mat
2023-02,91,cond-mat
2023-03,136,cond-mat
2023-04,92,cond-mat
2023-05,103,cond-mat
2023-06,139,cond-mat
2023-07,123,cond-mat
2023-08,173,cond-mat
2023-09,101,cond-mat
2023-10,117,cond-mat
2023-11,129,cond-mat
2023-12,110,cond-mat
2024-01,105,cond-mat
2024-02,92,cond-mat
2024-03,125,cond-mat
2009-01,85,hep
2009-02,38,hep
2009-03,56,hep
2009-04,53,hep
2009-05,95,hep
2009-06,91,hep
2009-07,75,hep
2009-08,47,hep
2009-09,88,hep
2009-10,122,hep
2009-11,51,hep
2009-12,64,hep
2010-01,43,hep
2010-02,39,hep
2010-03,40,hep
2010-04,39,hep
2010-05,59,hep
2010-06,71,hep
2010-07,49,hep
2010-08,47,hep
2010-09,65,hep
2010-10,71,hep
2010-11,65,hep
2010-12,106,hep
2011-01,102,hep
2011-02,58,hep
2011-03,61,hep
2011-04,48,hep
2011-05,66,hep
2011-06,89,hep
2011-07,97,hep
2011-08,89,hep
2011-09,151,hep
2011-10,157,hep
2011-11,97,hep
2011-12,94,hep
2012-01,124,hep
2012-02,101,hep
2012-03,74,hep
2012-04,64,hep
2012-05,101,hep
2012-06,77,hep
2012-07,97,hep
2012-08,109,hep
2012-09,97,hep
2012-10,93,hep
2012-11,72,hep
2012-12,88,hep
2013-01,105,hep
2013-02,81,hep
2013-03,65,hep
2013-04,63,hep
2013-05,69,hep
2013-06,42,hep
2013-07,93,hep
2013-08,78,hep
2013-09,59,hep
2013-10,141,hep
2013-11,83,hep
2013-12,66,hep
2014-01,49,hep
2014-02,64,hep
2014-03,64,hep
2014-04,56,hep
2014-05,67,hep
2014-06,49,hep
2014-07,77,hep
2014-08,77,hep
2014-09,116,hep
2014-10,95,hep
2014-11,116,hep
2014-12,91,hep
2015-01,64,hep
2015-02,47,hep
2015-03,74,hep
2015-04,68,hep
2015-05,61,hep
2015-06,73,hep
2015-07,62,hep
2015-08,51,hep
2015-09,109,hep
2015-10,89,hep
2015-11,68,hep
2015-12,82,hep
2016-01,49,hep
2016-02,52,hep
2016-03,59,hep
2016-04,48,hep
2016-05,70,hep
2016-06,64,hep
2016-07,72,hep
2016-08,50,hep
2016-09,66,hep
2016-10,74,hep
2016-11,97,hep
2016-12,76,hep
2017-01,57,hep
2017-02,53,hep
2017-03,71,hep
2017-04,50,hep
2017-05,74,hep
2017-06,53,hep
2017-07,55,hep
2017-08,82,hep
2017-09,90,hep
2017-10,118,hep
2017-11,82,hep
2017-12,91,hep
2018-01,59,hep
2018-02,45,hep
2018-03,66,hep
2018-04,46,hep
2018-05,79,hep
2018-06,69,hep
2018-07,77,hep
2018-08,79,hep
2018-09,55,hep
2018-10,74,hep
2018-11,82,hep
2018-12,94,hep
2019-01,97,hep
2019-02,67,hep
2019-03,68,hep
2019-04,50,hep
2019-05,70,hep
2019-06,76,hep
2019-07,65,hep
2019-08,51,hep
2019-09,69,hep
2019-10,77,hep
2019-11,60,hep
2019-12,60,hep
2020-01,53,hep
2020-02,50,hep
2020-03,35,hep
2020-04,47,hep
2020-05,50,hep
2020-06,46,hep
2020-07,58,hep
2020-08,56,hep
2020-09,47,hep
2020-10,51,hep
2020-11,55,hep
2020-12,76,hep
2021-01,43,hep
2021-02,59,hep
2021-03,72,hep
2021-04,52,hep
2021-05,77,hep
2021-06,55,hep
2021-07,83,hep
2021-08,57,hep
2021-09,70,hep
2021-10,90,hep
2021-11,85,hep
2021-12,63,hep
2022-01,65,hep
2022-02,64,hep
2022-03,135,hep
2022-04,55,hep
2022-05,65,hep
2022-06,70,hep
2022-07,82,hep
2022-08,82,hep
2022-09,93,hep
2022-10,83,hep
2022-11,117,hep
2022-12,81,hep
2023-01,76,hep
2023-02,66,hep
2023-03,70,hep
2023-04,53,hep
2023-05,91,hep
2023-06,73,hep
2023-07,87,hep
2023-08,86,hep
2023-09,76,hep
2023-10,87,hep
2023-11,102,hep
2023-12,98,hep
2024-01,94,hep
2024-02,81,hep
2024-03,98,hep
2009-01,31,hep
2009-02,25,hep
2009-03,30,hep
2009-04,18,hep
2009-05,31,hep
2009-06,33,hep
2009-07,36,hep
2009-08,20,hep
2009-09,35,hep
2009-10,116,hep
2009-11,92,hep
2009-12,60,hep
2010-01,29,hep
2010-02,34,hep
2010-03,29,hep
2010-04,34,hep
2010-05,35,hep
2010-06,27,hep
2010-07,23,hep
2010-08,33,hep
2010-09,32,hep
2010-10,72,hep
2010-11,145,hep
2010-12,80,hep
2011-01,50,hep
2011-02,44,hep
2011-03,35,hep
2011-04,37,hep
2011-05,29,hep
2011-06,28,hep
2011-07,18,hep
2011-08,31,hep
2011-09,46,hep
2011-10,58,hep
2011-11,138,hep
2011-12,75,hep
2012-01,33,hep
2012-02,42,hep
2012-03,30,hep
2012-04,42,hep
2012-05,44,hep
2012-06,36,hep
2012-07,31,hep
2012-08,36,hep
2012-09,29,hep
2012-10,74,hep
2012-11,111,hep
2012-12,88,hep
2013-01,65,hep
2013-02,44,hep
2013-03,41,hep
2013-04,38,hep
2013-05,30,hep
2013-06,25,hep
2013-07,38,hep
2013-08,26,hep
2013-09,52,hep
2013-10,95,hep
2013-11,187,hep
2013-12,84,hep
2014-01,48,hep
2014-02,36,hep
2014-03,48,hep
2014-04,25,hep
2014-05,26,hep
2014-06,28,hep
2014-07,19,hep
2014-08,25,hep
2014-09,26,hep
2014-10,100,hep
2014-11,130,hep
2014-12,78,hep
2015-01,52,hep
2015-02,41,hep
2015-03,56,hep
2015-04,27,hep
2015-05,32,hep
2015-06,26,hep
2015-07,31,hep
2015-08,50,hep
2015-09,47,hep
2015-10,73,hep
2015-11,116,hep
2015-12,73,hep
2016-01,33,hep
2016-02,34,hep
2016-03,28,hep
2016-04,24,hep
2016-05,24,hep
2016-06,33,hep
2016-07,34,hep
2016-08,21,hep
2016-09,38,hep
2016-10,75,hep
2016-11,116,hep
2016-12,81,hep
2017-01,65,hep
2017-02,54,hep
2017-03,38,hep
2017-04,32,hep
2017-05,33,hep
2017-06,41,hep
2017-07,25,hep
2017-08,26,hep
2017-09,39,hep
2017-10,167,hep
2017-11,77,hep
2017-12,53,hep
2018-01,23,hep
2018-02,29,hep
2018-03,24,hep
2018-04,17,hep
2018-05,32,hep
2018-06,27,hep
2018-07,53,hep
2018-08,29,hep
2018-09,26,hep
2018-10,71,hep
2018-11,113,hep
2018-12,74,hep
2019-01,42,hep
2019-02,26,hep
2019-03,35,hep
2019-04,44,hep
2019-05,30,hep
2019-06,18,hep
2019-07,23,hep
2019-08,31,hep
2019-09,31,hep
2019-10,51,hep
2019-11,59,hep
2019-12,86,hep
2020-01,54,hep
2020-02,32,hep
2020-03,40,hep
2020-04,30,hep
2020-05,31,hep
2020-06,22,hep
2020-07,35,hep
2020-08,31,hep
2020-09,38,hep
2020-10,37,hep
2020-11,37,hep
2020-12,31,hep
2021-01,30,hep
2021-02,32,hep
2021-03,36,hep
2021-04,24,hep
2021-05,30,hep
2021-06,29,hep
2021-07,38,hep
2021-08,29,hep
2021-09,40,hep
2021-10,73,hep
2021-11,157,hep
2021-12,150,hep
2022-01,52,hep
2022-02,31,hep
2022-03,43,hep
2022-04,25,hep
2022-05,35,hep
2022-06,34,hep
2022-07,26,hep
2022-08,30,hep
2022-09,31,hep
2022-10,52,hep
2022-11,90,hep
2022-12,136,hep
2023-01,54,hep
2023-02,33,hep
2023-03,36,hep
2023-04,36,hep
2023-05,31,hep
2023-06,28,hep
2023-07,34,hep
2023-08,24,hep
2023-09,41,hep
2023-10,41,hep
2023-11,71,hep
2023-12,92,hep
2024-01,99,hep
2024-02,45,hep
2024-03,23,hep
2009-01,345,hep
2009-02,298,hep
2009-03,346,hep
2009-04,307,hep
2009-05,321,hep
2009-06,323,hep
2009-07,399,hep
2009-08,287,hep
2009-09,410,hep
2009-10,406,hep
2009-11,393,hep
2009-12,362,hep
2010-01,328,hep
2010-02,250,hep
2010-03,323,hep
2010-04,295,hep
2010-05,345,hep
2010-06,343,hep
2010-07,355,hep
2010-08,351,hep
2010-09,355,hep
2010-10,391,hep
2010-11,450,hep
2010-12,417,hep
2011-01,353,hep
2011-02,319,hep
2011-03,339,hep
2011-04,330,hep
2011-05,391,hep
2011-06,404,hep
2011-07,389,hep
2011-08,364,hep
2011-09,370,hep
2011-10,419,hep
2011-11,463,hep
2011-12,464,hep
2012-01,350,hep
2012-02,323,hep
2012-03,352,hep
2012-04,329,hep
2012-05,402,hep
2012-06,436,hep
2012-07,419,hep
2012-08,363,hep
2012-09,394,hep
2012-10,407,hep
2012-11,383,hep
2012-12,429,hep
2013-01,328,hep
2013-02,322,hep
2013-03,352,hep
2013-04,381,hep
2013-05,413,hep
2013-06,359,hep
2013-07,442,hep
2013-08,377,hep
2013-09,386,hep
2013-10,409,hep
2013-11,418,hep
2013-12,427,hep
2014-01,365,hep
2014-02,343,hep
2014-03,366,hep
2014-04,392,hep
2014-05,397,hep
2014-06,311,hep
2014-07,421,hep
2014-08,345,hep
2014-09,409,hep
2014-10,429,hep
2014-11,431,hep
2014-12,416,hep
2015-01,314,hep
2015-02,299,hep
2015-03,407,hep
2015-04,384,hep
2015-05,391,hep
2015-06,409,hep
2015-07,492,hep
2015-08,357,hep
2015-09,415,hep
2015-10,496,hep
2015-11,388,hep
2015-12,569,hep
2016-01,379,hep
2016-02,356,hep
2016-03,370,hep
2016-04,379,hep
2016-05,422,hep
2016-06,438,hep
2016-07,426,hep
2016-08,379,hep
2016-09,380,hep
2016-10,334,hep
2016-11,438,hep
2016-12,439,hep
2017-01,295,hep
2017-02,296,hep
2017-03,387,hep
2017-04,364,hep
2017-05,411,hep
2017-06,355,hep
2017-07,334,hep
2017-08,346,hep
2017-09,370,hep
2017-10,414,hep
2017-11,461,hep
2017-12,461,hep
2018-01,366,hep
2018-02,305,hep
2018-03,334,hep
2018-04,335,hep
2018-05,428,hep
2018-06,337,hep
2018-07,393,hep
2018-08,373,hep
2018-09,342,hep
2018-10,421,hep
2018-11,475,hep
2018-12,470,hep
2019-01,347,hep
2019-02,323,hep
2019-03,341,hep
2019-04,374,hep
2019-05,411,hep
2019-06,340,hep
2019-07,413,hep
2019-08,342,hep
2019-09,410,hep
2019-10,394,hep
2019-11,396,hep
2019-12,476,hep
2020-01,304,hep
2020-02,324,hep
2020-03,386,hep
2020-04,366,hep
2020-05,361,hep
2020-06,431,hep
2020-07,407,hep
2020-08,384,hep
2020-09,368,hep
2020-10,368,hep
2020-11,372,hep
2020-12,514,hep
2021-01,293,hep
2021-02,350,hep
2021-03,403,hep
2021-04,430,hep
2021-05,429,hep
2021-06,381,hep
2021-07,449,hep
2021-08,393,hep
2021-09,427,hep
2021-10,447,hep
2021-11,457,hep
2021-12,513,hep
2022-01,362,hep
2022-02,346,hep
2022-03,506,hep
2022-04,464,hep
2022-05,465,hep
2022-06,356,hep
2022-07,437,hep
2022-08,431,hep
2022-09,399,hep
2022-10,376,hep
2022-11,543,hep
2022-12,485,hep
2023-01,338,hep
2023-02,339,hep
2023-03,378,hep
2023-04,331,hep
2023-05,441,hep
2023-06,434,hep
2023-07,482,hep
2023-08,399,hep
2023-09,427,hep
2023-10,412,hep
2023-11,454,hep
2023-12,538,hep
2024-01,396,hep
2024-02,371,hep
2024-03,373,hep
2009-01,285,hep
2009-02,263,hep
2009-03,281,hep
2009-04,277,hep
2009-05,283,hep
2009-06,299,hep
2009-07,296,hep
2009-08,236,hep
2009-09,258,hep
2009-10,286,hep
2009-11,298,hep
2009-12,310,hep
2010-01,248,hep
2010-02,249,hep
2010-03,320,hep
2010-04,255,hep
2010-05,267,hep
2010-06,273,hep
2010-07,264,hep
2010-08,253,hep
2010-09,257,hep
2010-10,280,hep
2010-11,322,hep
2010-12,366,hep
2011-01,238,hep
2011-02,226,hep
2011-03,290,hep
2011-04,257,hep
2011-05,268,hep
2011-06,338,hep
2011-07,297,hep
2011-08,281,hep
2011-09,284,hep
2011-10,259,hep
2011-11,290,hep
2011-12,291,hep
2012-01,243,hep
2012-02,231,hep
2012-03,291,hep
2012-04,267,hep
2012-05,311,hep
2012-06,285,hep
2012-07,315,hep
2012-08,250,hep
2012-09,254,hep
2012-10,291,hep
2012-11,277,hep
2012-12,315,hep
2013-01,250,hep
2013-02,228,hep
2013-03,240,hep
2013-04,276,hep
2013-05,293,hep
2013-06,284,hep
2013-07,319,hep
2013-08,258,hep
2013-09,276,hep
2013-10,300,hep
2013-11,305,hep
2013-12,321,hep
2014-01,260,hep
2014-02,259,hep
2014-03,284,hep
2014-04,316,hep
2014-05,291,hep
2014-06,339,hep
2014-07,302,hep
2014-08,269,hep
2014-09,279,hep
2014-10,297,hep
2014-11,278,hep
2014-12,434,hep
2015-01,239,hep
2015-02,262,hep
2015-03,276,hep
2015-04,285,hep
2015-05,300,hep
2015-06,316,hep
2015-07,337,hep
2015-08,288,hep
2015-09,310,hep
2015-10,308,hep
2015-11,336,hep
2015-12,445,hep
2016-01,260,hep
2016-02,258,hep
2016-03,329,hep
2016-04,275,hep
2016-05,323,hep
2016-06,292,hep
2016-07,311,hep
2016-08,269,hep
2016-09,270,hep
2016-10,324,hep
2016-11,311,hep
2016-12,374,hep
2017-01,239,hep
2017-02,234,hep
2017-03,322,hep
2017-04,253,hep
2017-05,321,hep
2017-06,318,hep
2017-07,302,hep
2017-08,264,hep
2017-09,261,hep
2017-10,306,hep
2017-11,370,hep
2017-12,366,hep
2018-01,243,hep
2018-02,246,hep
2018-03,282,hep
2018-04,297,hep
2018-05,317,hep
2018-06,319,hep
2018-07,304,hep
2018-08,290,hep
2018-09,256,hep
2018-10,345,hep
2018-11,358,hep
2018-12,406,hep
2019-01,227,hep
2019-02,233,hep
2019-03,310,hep
2019-04,311,hep
2019-05,366,hep
2019-06,329,hep
2019-07,332,hep
2019-08,278,hep
2019-09,301,hep
2019-10,334,hep
2019-11,329,hep
2019-12,473,hep
2020-01,233,hep
2020-02,227,hep
2020-03,287,hep
2020-04,327,hep
2020-05,373,hep
2020-06,358,hep
2020-07,366,hep
2020-08,295,hep
2020-09,307,hep
2020-10,312,hep
2020-11,344,hep
2020-12,427,hep
2021-01,242,hep
2021-02,232,hep
2021-03,324,hep
2021-04,290,hep
2021-05,323,hep
2021-06,321,hep
2021-07,297,hep
2021-08,268,hep
2021-09,302,hep
2021-10,333,hep
2021-11,364,hep
2021-12,465,hep
2022-01,261,hep
2022-02,282,hep
2022-03,340,hep
2022-04,266,hep
2022-05,322,hep
2022-06,287,hep
2022-07,337,hep
2022-08,298,hep
2022-09,330,hep
2022-10,324,hep
2022-11,361,hep
2022-12,478,hep
2023-01,255,hep
2023-02,241,hep
2023-03,311,hep
2023-04,291,hep
2023-05,329,hep
2023-06,328,hep
2023-07,316,hep
2023-08,274,hep
2023-09,309,hep
2023-10,336,hep
2023-11,365,hep
2023-12,475,hep
2024-01,263,hep
2024-02,292,hep
2024-03,329,hep
2009-01,156,physics
2009-02,144,physics
2009-03,167,physics
2009-04,160,physics
2009-05,178,physics
2009-06,181,physics
2009-07,156,physics
2009-08,155,physics
2009-09,165,physics
2009-10,170,physics
2009-11,172,physics
2009-12,160,physics
2010-01,197,physics
2010-02,122,physics
2010-03,168,physics
2010-04,159,physics
2010-05,199,physics
2010-06,205,physics
2010-07,160,physics
2010-08,138,physics
2010-09,157,physics
2010-10,185,physics
2010-11,171,physics
2010-12,172,physics
2011-01,174,physics
2011-02,140,physics
2011-03,139,physics
2011-04,140,physics
2011-05,202,physics
2011-06,177,physics
2011-07,186,physics
2011-08,203,physics
2011-09,179,physics
2011-10,185,physics
2011-11,210,physics
2011-12,151,physics
2012-01,196,physics
2012-02,144,physics
2012-03,168,physics
2012-04,168,physics
2012-05,184,physics
2012-06,149,physics
2012-07,191,physics
2012-08,146,physics
2012-09,152,physics
2012-10,186,physics
2012-11,169,physics
2012-12,187,physics
2013-01,224,physics
2013-02,199,physics
2013-03,160,physics
2013-04,186,physics
2013-05,186,physics
2013-06,175,physics
2013-07,188,physics
2013-08,163,physics
2013-09,186,physics
2013-10,196,physics
2013-11,191,physics
2013-12,199,physics
2014-01,192,physics
2014-02,166,physics
2014-03,201,physics
2014-04,206,physics
2014-05,208,physics
2014-06,217,physics
2014-07,187,physics
2014-08,212,physics
2014-09,184,physics
2014-10,213,physics
2014-11,187,physics
2014-12,254,physics
2015-01,218,physics
2015-02,205,physics
2015-03,253,physics
2015-04,213,physics
2015-05,220,physics
2015-06,262,physics
2015-07,208,physics
2015-08,198,physics
2015-09,224,physics
2015-10,224,physics
2015-11,256,physics
2015-12,281,physics
2016-01,194,physics
2016-02,240,physics
2016-03,230,physics
2016-04,193,physics
2016-05,213,physics
2016-06,249,physics
2016-07,223,physics
2016-08,183,physics
2016-09,206,physics
2016-10,215,physics
2016-11,221,physics
2016-12,214,physics
2017-01,189,physics
2017-02,204,physics
2017-03,232,physics
2017-04,214,physics
2017-05,237,physics
2017-06,217,physics
2017-07,239,physics
2017-08,197,physics
2017-09,214,physics
2017-10,215,physics
2017-11,252,physics
2017-12,241,physics
2018-01,240,physics
2018-02,207,physics
2018-03,224,physics
2018-04,228,physics
2018-05,260,physics
2018-06,242,physics
2018-07,263,physics
2018-08,240,physics
2018-09,196,physics
2018-10,240,physics
2018-11,262,physics
2018-12,249,physics
2019-01,239,physics
2019-02,192,physics
2019-03,260,physics
2019-04,278,physics
2019-05,288,physics
2019-06,246,physics
2019-07,257,physics
2019-08,242,physics
2019-09,225,physics
2019-10,276,physics
2019-11,273,physics
2019-12,262,physics
2020-01,223,physics
2020-02,196,physics
2020-03,296,physics
2020-04,310,physics
2020-05,291,physics
2020-06,308,physics
2020-07,310,physics
2020-08,253,physics
2020-09,267,physics
2020-10,302,physics
2020-11,273,physics
2020-12,318,physics
2021-01,268,physics
2021-02,228,physics
2021-03,309,physics
2021-04,296,physics
2021-05,340,physics
2021-06,267,physics
2021-07,298,physics
2021-08,276,physics
2021-09,274,physics
2021-10,293,physics
2021-11,322,physics
2021-12,344,physics
2022-01,268,physics
2022-02,233,physics
2022-03,319,physics
2022-04,264,physics
2022-05,333,physics
2022-06,317,physics
2022-07,297,physics
2022-08,268,physics
2022-09,280,physics
2022-10,306,physics
2022-11,314,physics
2022-12,291,physics
2023-01,296,physics
2023-02,286,physics
2023-03,314,physics
2023-04,301,physics
2023-05,361,physics
2023-06,320,physics
2023-07,361,physics
2023-08,311,physics
2023-09,308,physics
2023-10,325,physics
2023-11,345,physics
2023-12,323,physics
2024-01,314,physics
2024-02,320,physics
2024-03,308,physics
2009-01,13,physics
2009-02,1,physics
2009-03,5,physics
2009-04,9,physics
2009-05,10,physics
2009-06,10,physics
2009-07,5,physics
2009-08,4,physics
2009-09,5,physics
2009-10,5,physics
2009-11,11,physics
2009-12,10,physics
2010-01,6,physics
2010-02,2,physics
2010-03,12,physics
2010-04,6,physics
2010-05,10,physics
2010-06,5,physics
2010-07,5,physics
2010-08,5,physics
2010-09,4,physics
2010-10,3,physics
2010-11,11,physics
2010-12,9,physics
2011-01,7,physics
2011-02,8,physics
2011-03,11,physics
2011-04,3,physics
2011-05,10,physics
2011-06,7,physics
2011-07,12,physics
2011-08,7,physics
2011-09,9,physics
2011-10,11,physics
2011-11,12,physics
2011-12,9,physics
2012-01,14,physics
2012-02,5,physics
2012-03,10,physics
2012-04,11,physics
2012-05,10,physics
2012-06,11,physics
2012-07,15,physics
2012-08,8,physics
2012-09,12,physics
2012-10,6,physics
2012-11,8,physics
2012-12,14,physics
2013-01,10,physics
2013-02,9,physics
2013-03,9,physics
2013-04,8,physics
2013-05,15,physics
2013-06,8,physics
2013-07,10,physics
2013-08,5,physics
2013-09,13,physics
2013-10,11,physics
2013-11,10,physics
2013-12,6,physics
2014-01,13,physics
2014-02,15,physics
2014-03,8,physics
2014-04,6,physics
2014-05,12,physics
2014-06,9,physics
2014-07,6,physics
2014-08,9,physics
2014-09,15,physics
2014-10,4,physics
2014-11,8,physics
2014-12,7,physics
2015-01,7,physics
2015-02,10,physics
2015-03,11,physics
2015-04,11,physics
2015-05,8,physics
2015-06,15,physics
2015-07,8,physics
2015-08,15,physics
2015-09,8,physics
2015-10,8,physics
2015-11,12,physics
2015-12,11,physics
2016-01,8,physics
2016-02,12,physics
2016-03,11,physics
2016-04,10,physics
2016-05,9,physics
2016-06,10,physics
2016-07,8,physics
2016-08,6,physics
2016-09,16,physics
2016-10,10,physics
2016-11,16,physics
2016-12,7,physics
2017-01,13,physics
2017-02,8,physics
2017-03,13,physics
2017-04,16,physics
2017-05,19,physics
2017-06,14,physics
2017-07,11,physics
2017-08,12,physics
2017-09,6,physics
2017-10,10,physics
2017-11,10,physics
2017-12,12,physics
2018-01,12,physics
2018-02,5,physics
2018-03,13,physics
2018-04,11,physics
2018-05,9,physics
2018-06,12,physics
2018-07,7,physics
2018-08,9,physics
2018-09,16,physics
2018-10,24,physics
2018-11,8,physics
2018-12,13,physics
2019-01,14,physics
2019-02,13,physics
2019-03,10,physics
2019-04,16,physics
2019-05,22,physics
2019-06,13,physics
2019-07,20,physics
2019-08,18,physics
2019-09,19,physics
2019-10,13,physics
2019-11,9,physics
2019-12,17,physics
2020-01,14,physics
2020-02,16,physics
2020-03,18,physics
2020-04,15,physics
2020-05,12,physics
2020-06,21,physics
2020-07,28,physics
2020-08,21,physics
2020-09,29,physics
2020-10,11,physics
2020-11,8,physics
2020-12,12,physics
2021-01,16,physics
2021-02,18,physics
2021-03,20,physics
2021-04,15,physics
2021-05,17,physics
2021-06,12,physics
2021-07,9,physics
2021-08,10,physics
2021-09,10,physics
2021-10,11,physics
2021-11,12,physics
2021-12,14,physics
2022-01,11,physics
2022-02,6,physics
2022-03,22,physics
2022-04,13,physics
2022-05,12,physics
2022-06,19,physics
2022-07,9,physics
2022-08,16,physics
2022-09,11,physics
2022-10,16,physics
2022-11,17,physics
2022-12,8,physics
2023-01,6,physics
2023-02,11,physics
2023-03,20,physics
2023-04,3,physics
2023-05,21,physics
2023-06,18,physics
2023-07,18,physics
2023-08,17,physics
2023-09,12,physics
2023-10,20,physics
2023-11,9,physics
2023-12,14,physics
2024-01,18,physics
2024-02,14,physics
2024-03,21,physics
2009-01,16,physics
2009-02,17,physics
2009-03,30,physics
2009-04,22,physics
2009-05,17,physics
2009-06,34,physics
2009-07,19,physics
2009-08,18,physics
2009-09,15,physics
2009-10,23,physics
2009-11,25,physics
2009-12,14,physics
2010-01,17,physics
2010-02,10,physics
2010-03,22,physics
2010-04,18,physics
2010-05,23,physics
2010-06,36,physics
2010-07,28,physics
2010-08,38,physics
2010-09,17,physics
2010-10,11,physics
2010-11,25,physics
2010-12,28,physics
2011-01,28,physics
2011-02,25,physics
2011-03,32,physics
2011-04,20,physics
2011-05,22,physics
2011-06,25,physics
2011-07,29,physics
2011-08,23,physics
2011-09,23,physics
2011-10,20,physics
2011-11,25,physics
2011-12,22,physics
2012-01,34,physics
2012-02,21,physics
2012-03,38,physics
2012-04,19,physics
2012-05,26,physics
2012-06,34,physics
2012-07,25,physics
2012-08,24,physics
2012-09,18,physics
2012-10,20,physics
2012-11,21,physics
2012-12,26,physics
2013-01,18,physics
2013-02,34,physics
2013-03,23,physics
2013-04,21,physics
2013-05,29,physics
2013-06,20,physics
2013-07,18,physics
2013-08,19,physics
2013-09,25,physics
2013-10,28,physics
2013-11,24,physics
2013-12,35,physics
2014-01,18,physics
2014-02,38,physics
2014-03,26,physics
2014-04,24,physics
2014-05,22,physics
2014-06,24,physics
2014-07,27,physics
2014-08,19,physics
2014-09,30,physics
2014-10,24,physics
2014-11,13,physics
2014-12,27,physics
2015-01,27,physics
2015-02,28,physics
2015-03,26,physics
2015-04,29,physics
2015-05,12,physics
2015-06,19,physics
2015-07,30,physics
2015-08,14,physics
2015-09,25,physics
2015-10,17,physics
2015-11,20,physics
2015-12,26,physics
2016-01,16,physics
2016-02,29,physics
2016-03,26,physics
2016-04,26,physics
2016-05,27,physics
2016-06,9,physics
2016-07,13,physics
2016-08,19,physics
2016-09,19,physics
2016-10,18,physics
2016-11,24,physics
2016-12,17,physics
2017-01,22,physics
2017-02,11,physics
2017-03,22,physics
2017-04,16,physics
2017-05,21,physics
2017-06,20,physics
2017-07,26,physics
2017-08,18,physics
2017-09,19,physics
2017-10,17,physics
2017-11,23,physics
2017-12,18,physics
2018-01,12,physics
2018-02,15,physics
2018-03,23,physics
2018-04,12,physics
2018-05,19,physics
2018-06,21,physics
2018-07,32,physics
2018-08,13,physics
2018-09,13,physics
2018-10,22,physics
2018-11,16,physics
2018-12,14,physics
2019-01,7,physics
2019-02,18,physics
2019-03,19,physics
2019-04,21,physics
2019-05,7,physics
2019-06,10,physics
2019-07,15,physics
2019-08,15,physics
2019-09,21,physics
2019-10,19,physics
2019-11,17,physics
2019-12,15,physics
2020-01,9,physics
2020-02,13,physics
2020-03,12,physics
2020-04,10,physics
2020-05,18,physics
2020-06,21,physics
2020-07,12,physics
2020-08,17,physics
2020-09,15,physics
2020-10,15,physics
2020-11,13,physics
2020-12,11,physics
2021-01,13,physics
2021-02,15,physics
2021-03,12,physics
2021-04,12,physics
2021-05,18,physics
2021-06,15,physics
2021-07,15,physics
2021-08,12,physics
2021-09,18,physics
2021-10,14,physics
2021-11,18,physics
2021-12,15,physics
2022-01,14,physics
2022-02,14,physics
2022-03,11,physics
2022-04,18,physics
2022-05,10,physics
2022-06,15,physics
2022-07,11,physics
2022-08,10,physics
2022-09,16,physics
2022-10,4,physics
2022-11,10,physics
2022-12,13,physics
2023-01,18,physics
2023-02,6,physics
2023-03,18,physics
2023-04,7,physics
2023-05,10,physics
2023-06,10,physics
2023-07,13,physics
2023-08,15,physics
2023-09,5,physics
2023-10,5,physics
2023-11,13,physics
2023-12,9,physics
2024-01,12,physics
2024-02,12,physics
2024-03,5,physics
2009-01,1,physics
2009-02,6,physics
2009-07,1,physics
2009-08,2,physics
2009-09,1,physics
2009-10,1,physics
2009-11,1,physics
2009-12,1,physics
2010-01,2,physics
2010-02,2,physics
2010-03,5,physics
2010-04,1,physics
2010-07,4,physics
2010-09,6,physics
2010-11,3,physics
2010-12,8,physics
2011-01,3,physics
2011-02,3,physics
2011-03,2,physics
2011-04,1,physics
2011-05,3,physics
2011-06,1,physics
2011-07,1,physics
2011-08,2,physics
2011-09,1,physics
2011-10,2,physics
2011-11,5,physics
2011-12,2,physics
2012-01,1,physics
2012-02,1,physics
2012-03,3,physics
2012-04,3,physics
2012-05,1,physics
2012-06,4,physics
2012-08,6,physics
2012-09,1,physics
2012-10,2,physics
2012-11,1,physics
2012-12,6,physics
2013-01,1,physics
2013-02,1,physics
2013-03,2,physics
2013-04,6,physics
2013-05,5,physics
2013-06,5,physics
2013-07,2,physics
2013-08,1,physics
2013-10,3,physics
2013-11,3,physics
2013-12,1,physics
2014-01,2,physics
2014-03,2,physics
2014-05,1,physics
2014-06,2,physics
2014-08,1,physics
2014-09,2,physics
2014-10,2,physics
2014-11,3,physics
2015-01,3,physics
2015-02,1,physics
2015-03,5,physics
2015-04,2,physics
2015-05,3,physics
2015-06,6,physics
2015-07,4,physics
2015-08,1,physics
2015-09,3,physics
2015-11,3,physics
2015-12,2,physics
2016-02,2,physics
2016-03,2,physics
2016-04,2,physics
2016-05,3,physics
2016-06,3,physics
2016-07,1,physics
2016-08,3,physics
2016-09,2,physics
2016-10,1,physics
2016-11,1,physics
2017-01,2,physics
2017-03,3,physics
2017-04,1,physics
2017-05,1,physics
2017-08,3,physics
2017-09,1,physics
2017-10,1,physics
2017-11,2,physics
2017-12,1,physics
2018-02,4,physics
2018-03,5,physics
2018-04,1,physics
2018-05,3,physics
2018-06,4,physics
2018-07,3,physics
2018-09,1,physics
2018-10,1,physics
2018-11,2,physics
2018-12,1,physics
2019-01,2,physics
2019-03,4,physics
2019-04,4,physics
2019-05,1,physics
2019-06,1,physics
2019-07,2,physics
2019-09,2,physics
2019-10,1,physics
2019-11,1,physics
2019-12,1,physics
2020-01,4,physics
2020-02,7,physics
2020-03,2,physics
2020-05,4,physics
2020-06,3,physics
2020-07,1,physics
2020-08,6,physics
2020-09,4,physics
2020-10,2,physics
2020-11,2,physics
2020-12,2,physics
2021-01,2,physics
2021-02,1,physics
2021-04,2,physics
2021-05,1,physics
2021-06,3,physics
2021-07,3,physics
2021-08,1,physics
2021-10,1,physics
2021-12,1,physics
2022-02,2,physics
2022-03,3,physics
2022-05,2,physics
2022-06,1,physics
2022-08,3,physics
2022-09,2,physics
2022-10,4,physics
2022-11,1,physics
2022-12,1,physics
2023-01,2,physics
2023-02,1,physics
2023-04,1,physics
2023-05,3,physics
2023-06,3,physics
2023-07,1,physics
2023-08,3,physics
2023-09,1,physics
2023-10,2,physics
2023-11,1,physics
2023-12,5,physics
2024-01,3,physics
2024-02,2,physics
2024-03,1,physics
2009-01,11,physics
2009-02,9,physics
2009-03,17,physics
2009-04,11,physics
2009-05,9,physics
2009-06,14,physics
2009-07,17,physics
2009-08,14,physics
2009-09,18,physics
2009-10,13,physics
2009-11,8,physics
2009-12,9,physics
2010-01,9,physics
2010-02,11,physics
2010-03,12,physics
2010-04,10,physics
2010-05,11,physics
2010-06,11,physics
2010-07,8,physics
2010-08,10,physics
2010-09,13,physics
2010-10,10,physics
2010-11,19,physics
2010-12,9,physics
2011-01,11,physics
2011-02,11,physics
2011-03,18,physics
2011-04,12,physics
2011-05,16,physics
2011-06,10,physics
2011-07,8,physics
2011-08,6,physics
2011-09,8,physics
2011-10,11,physics
2011-11,18,physics
2011-12,16,physics
2012-01,15,physics
2012-02,19,physics
2012-03,11,physics
2012-04,14,physics
2012-05,8,physics
2012-06,13,physics
2012-07,13,physics
2012-08,9,physics
2012-09,3,physics
2012-10,11,physics
2012-11,15,physics
2012-12,12,physics
2013-01,28,physics
2013-02,14,physics
2013-03,16,physics
2013-04,14,physics
2013-05,19,physics
2013-06,14,physics
2013-07,15,physics
2013-08,21,physics
2013-09,13,physics
2013-10,16,physics
2013-11,16,physics
2013-12,17,physics
2014-01,16,physics
2014-02,9,physics
2014-03,18,physics
2014-04,12,physics
2014-05,18,physics
2014-06,12,physics
2014-07,15,physics
2014-08,20,physics
2014-09,13,physics
2014-10,12,physics
2014-11,16,physics
2014-12,16,physics
2015-01,26,physics
2015-02,10,physics
2015-03,11,physics
2015-04,11,physics
2015-05,14,physics
2015-06,12,physics
2015-07,18,physics
2015-08,17,physics
2015-09,15,physics
2015-10,20,physics
2015-11,11,physics
2015-12,19,physics
2016-01,19,physics
2016-02,17,physics
2016-03,24,physics
2016-04,16,physics
2016-05,19,physics
2016-06,16,physics
2016-07,15,physics
2016-08,19,physics
2016-09,23,physics
2016-10,12,physics
2016-11,19,physics
2016-12,16,physics
2017-01,16,physics
2017-02,25,physics
2017-03,20,physics
2017-04,26,physics
2017-05,19,physics
2017-06,15,physics
2017-07,10,physics
2017-08,17,physics
2017-09,20,physics
2017-10,24,physics
2017-11,17,physics
2017-12,14,physics
2018-01,11,physics
2018-02,11,physics
2018-03,15,physics
2018-04,18,physics
2018-05,19,physics
2018-06,17,physics
2018-07,12,physics
2018-08,23,physics
2018-09,20,physics
2018-10,27,physics
2018-11,17,physics
2018-12,19,physics
2019-01,13,physics
2019-02,12,physics
2019-03,9,physics
2019-04,11,physics
2019-05,17,physics
2019-06,17,physics
2019-07,23,physics
2019-08,24,physics
2019-09,19,physics
2019-10,21,physics
2019-11,28,physics
2019-12,24,physics
2020-01,22,physics
2020-02,14,physics
2020-03,23,physics
2020-04,16,physics
2020-05,27,physics
2020-06,25,physics
2020-07,25,physics
2020-08,23,physics
2020-09,27,physics
2020-10,26,physics
2020-11,19,physics
2020-12,24,physics
2021-01,17,physics
2021-02,19,physics
2021-03,22,physics
2021-04,24,physics
2021-05,20,physics
2021-06,21,physics
2021-07,19,physics
2021-08,22,physics
2021-09,15,physics
2021-10,13,physics
2021-11,15,physics
2021-12,11,physics
2022-01,16,physics
2022-02,8,physics
2022-03,23,physics
2022-04,12,physics
2022-05,22,physics
2022-06,12,physics
2022-07,16,physics
2022-08,19,physics
2022-09,13,physics
2022-10,18,physics
2022-11,19,physics
2022-12,22,physics
2023-01,21,physics
2023-02,10,physics
2023-03,17,physics
2023-04,14,physics
2023-05,12,physics
2023-06,15,physics
2023-07,19,physics
2023-08,21,physics
2023-09,11,physics
2023-10,20,physics
2023-11,15,physics
2023-12,13,physics
2024-01,19,physics
2024-02,14,physics
2024-03,13,physics
2009-01,15,physics
2009-02,24,physics
2009-03,23,physics
2009-04,15,physics
2009-05,17,physics
2009-06,23,physics
2009-07,18,physics
2009-08,11,physics
2009-09,12,physics
2009-10,16,physics
2009-11,21,physics
2009-12,19,physics
2010-01,20,physics
2010-02,15,physics
2010-03,14,physics
2010-04,17,physics
2010-05,17,physics
2010-06,6,physics
2010-07,13,physics
2010-08,20,physics
2010-09,18,physics
2010-10,18,physics
2010-11,35,physics
2010-12,19,physics
2011-01,13,physics
2011-02,14,physics
2011-03,13,physics
2011-04,12,physics
2011-05,21,physics
2011-06,12,physics
2011-07,11,physics
2011-08,26,physics
2011-09,15,physics
2011-10,15,physics
2011-11,20,physics
2011-12,21,physics
2012-01,31,physics
2012-02,10,physics
2012-03,9,physics
2012-04,28,physics
2012-05,18,physics
2012-06,19,physics
2012-07,16,physics
2012-08,15,physics
2012-09,9,physics
2012-10,27,physics
2012-11,22,physics
2012-12,19,physics
2013-01,19,physics
2013-02,23,physics
2013-03,16,physics
2013-04,23,physics
2013-05,16,physics
2013-06,11,physics
2013-07,9,physics
2013-08,21,physics
2013-09,21,physics
2013-10,36,physics
2013-11,19,physics
2013-12,24,physics
2014-01,25,physics
2014-02,17,physics
2014-03,13,physics
2014-04,13,physics
2014-05,19,physics
2014-06,26,physics
2014-07,20,physics
2014-08,18,physics
2014-09,25,physics
2014-10,12,physics
2014-11,17,physics
2014-12,23,physics
2015-01,15,physics
2015-02,12,physics
2015-03,11,physics
2015-04,14,physics
2015-05,10,physics
2015-06,13,physics
2015-07,10,physics
2015-08,10,physics
2015-09,10,physics
2015-10,25,physics
2015-11,20,physics
2015-12,25,physics
2016-01,16,physics
2016-02,12,physics
2016-03,17,physics
2016-04,11,physics
2016-05,16,physics
2016-06,11,physics
2016-07,24,physics
2016-08,25,physics
2016-09,9,physics
2016-10,17,physics
2016-11,25,physics
2016-12,24,physics
2017-01,16,physics
2017-02,15,physics
2017-03,30,physics
2017-04,29,physics
2017-05,31,physics
2017-06,18,physics
2017-07,18,physics
2017-08,15,physics
2017-09,13,physics
2017-10,21,physics
2017-11,22,physics
2017-12,25,physics
2018-01,12,physics
2018-02,12,physics
2018-03,11,physics
2018-04,20,physics
2018-05,18,physics
2018-06,16,physics
2018-07,11,physics
2018-08,11,physics
2018-09,10,physics
2018-10,19,physics
2018-11,12,physics
2018-12,17,physics
2019-01,20,physics
2019-02,13,physics
2019-03,17,physics
2019-04,18,physics
2019-05,12,physics
2019-06,22,physics
2019-07,21,physics
2019-08,19,physics
2019-09,13,physics
2019-10,16,physics
2019-11,22,physics
2019-12,23,physics
2020-01,15,physics
2020-02,11,physics
2020-03,20,physics
2020-04,17,physics
2020-05,19,physics
2020-06,15,physics
2020-07,8,physics
2020-08,17,physics
2020-09,20,physics
2020-10,17,physics
2020-11,19,physics
2020-12,24,physics
2021-01,17,physics
2021-02,20,physics
2021-03,21,physics
2021-04,25,physics
2021-05,14,physics
2021-06,18,physics
2021-07,12,physics
2021-08,12,physics
2021-09,21,physics
2021-10,16,physics
2021-11,21,physics
2021-12,16,physics
2022-01,23,physics
2022-02,19,physics
2022-03,18,physics
2022-04,11,physics
2022-05,15,physics
2022-06,18,physics
2022-07,17,physics
2022-08,12,physics
2022-09,16,physics
2022-10,20,physics
2022-11,23,physics
2022-12,23,physics
2023-01,15,physics
2023-02,13,physics
2023-03,17,physics
2023-04,20,physics
2023-05,22,physics
2023-06,12,physics
2023-07,19,physics
2023-08,14,physics
2023-09,14,physics
2023-10,18,physics
2023-11,16,physics
2023-12,23,physics
2024-01,14,physics
2024-02,21,physics
2024-03,20,physics
2009-01,33,physics
2009-02,41,physics
2009-03,46,physics
2009-04,40,physics
2009-05,39,physics
2009-06,48,physics
2009-07,131,physics
2009-08,37,physics
2009-09,41,physics
2009-10,40,physics
2009-11,44,physics
2009-12,23,physics
2010-01,34,physics
2010-02,27,physics
2010-03,33,physics
2010-04,36,physics
2010-05,32,physics
2010-06,37,physics
2010-07,38,physics
2010-08,40,physics
2010-09,32,physics
2010-10,34,physics
2010-11,44,physics
2010-12,43,physics
2011-01,48,physics
2011-02,37,physics
2011-03,38,physics
2011-04,37,physics
2011-05,38,physics
2011-06,50,physics
2011-07,55,physics
2011-08,37,physics
2011-09,72,physics
2011-10,48,physics
2011-11,52,physics
2011-12,49,physics
2012-01,57,physics
2012-02,40,physics
2012-03,51,physics
2012-04,39,physics
2012-05,33,physics
2012-06,23,physics
2012-07,36,physics
2012-08,55,physics
2012-09,56,physics
2012-10,77,physics
2012-11,51,physics
2012-12,49,physics
2013-01,51,physics
2013-02,33,physics
2013-03,38,physics
2013-04,44,physics
2013-05,46,physics
2013-06,34,physics
2013-07,46,physics
2013-08,37,physics
2013-09,42,physics
2013-10,65,physics
2013-11,49,physics
2013-12,47,physics
2014-01,40,physics
2014-02,42,physics
2014-03,33,physics
2014-04,45,physics
2014-05,39,physics
2014-06,31,physics
2014-07,47,physics
2014-08,50,physics
2014-09,46,physics
2014-10,40,physics
2014-11,36,physics
2014-12,37,physics
2015-01,45,physics
2015-02,33,physics
2015-03,46,physics
2015-04,40,physics
2015-05,27,physics
2015-06,43,physics
2015-07,31,physics
2015-08,27,physics
2015-09,66,physics
2015-10,52,physics
2015-11,36,physics
2015-12,58,physics
2016-01,46,physics
2016-02,46,physics
2016-03,40,physics
2016-04,27,physics
2016-05,28,physics
2016-06,36,physics
2016-07,26,physics
2016-08,27,physics
2016-09,46,physics
2016-10,58,physics
2016-11,42,physics
2016-12,27,physics
2017-01,34,physics
2017-02,30,physics
2017-03,35,physics
2017-04,52,physics
2017-05,38,physics
2017-06,17,physics
2017-07,39,physics
2017-08,32,physics
2017-09,46,physics
2017-10,45,physics
2017-11,34,physics
2017-12,36,physics
2018-01,40,physics
2018-02,39,physics
2018-03,55,physics
2018-04,36,physics
2018-05,56,physics
2018-06,26,physics
2018-07,46,physics
2018-08,26,physics
2018-09,38,physics
2018-10,56,physics
2018-11,40,physics
2018-12,45,physics
2019-01,35,physics
2019-02,30,physics
2019-03,32,physics
2019-04,44,physics
2019-05,50,physics
2019-06,44,physics
2019-07,34,physics
2019-08,37,physics
2019-09,35,physics
2019-10,61,physics
2019-11,33,physics
2019-12,36,physics
2020-01,48,physics
2020-02,50,physics
2020-03,36,physics
2020-04,40,physics
2020-05,59,physics
2020-06,33,physics
2020-07,40,physics
2020-08,36,physics
2020-09,49,physics
2020-10,39,physics
2020-11,39,physics
2020-12,41,physics
2021-01,36,physics
2021-02,31,physics
2021-03,38,physics
2021-04,27,physics
2021-05,35,physics
2021-06,30,physics
2021-07,33,physics
2021-08,37,physics
2021-09,37,physics
2021-10,53,physics
2021-11,39,physics
2021-12,29,physics
2022-01,24,physics
2022-02,35,physics
2022-03,38,physics
2022-04,48,physics
2022-05,36,physics
2022-06,32,physics
2022-07,46,physics
2022-08,37,physics
2022-09,55,physics
2022-10,40,physics
2022-11,65,physics
2022-12,46,physics
2023-01,28,physics
2023-02,32,physics
2023-03,44,physics
2023-04,27,physics
2023-05,29,physics
2023-06,38,physics
2023-07,42,physics
2023-08,46,physics
2023-09,25,physics
2023-10,43,physics
2023-11,43,physics
2023-12,39,physics
2024-01,40,physics
2024-02,31,physics
2024-03,22,physics
2009-01,91,physics
2009-02,81,physics
2009-03,76,physics
2009-04,84,physics
2009-05,68,physics
2009-06,109,physics
2009-07,125,physics
2009-08,72,physics
2009-09,104,physics
2009-10,112,physics
2009-11,85,physics
2009-12,113,physics
2010-01,100,physics
2010-02,76,physics
2010-03,112,physics
2010-04,96,physics
2010-05,83,physics
2010-06,87,physics
2010-07,80,physics
2010-08,88,physics
2010-09,122,physics
2010-10,102,physics
2010-11,121,physics
2010-12,128,physics
2011-01,108,physics
2011-02,104,physics
2011-03,92,physics
2011-04,76,physics
2011-05,96,physics
2011-06,92,physics
2011-07,112,physics
2011-08,129,physics
2011-09,101,physics
2011-10,116,physics
2011-11,101,physics
2011-12,92,physics
2012-01,78,physics
2012-02,114,physics
2012-03,116,physics
2012-04,89,physics
2012-05,86,physics
2012-06,92,physics
2012-07,100,physics
2012-08,106,physics
2012-09,117,physics
2012-10,141,physics
2012-11,113,physics
2012-12,101,physics
2013-01,99,physics
2013-02,103,physics
2013-03,104,physics
2013-04,121,physics
2013-05,107,physics
2013-06,83,physics
2013-07,127,physics
2013-08,89,physics
2013-09,110,physics
2013-10,98,physics
2013-11,124,physics
2013-12,122,physics
2014-01,112,physics
2014-02,90,physics
2014-03,106,physics
2014-04,110,physics
2014-05,92,physics
2014-06,88,physics
2014-07,101,physics
2014-08,105,physics
2014-09,121,physics
2014-10,104,physics
2014-11,118,physics
2014-12,92,physics
2015-01,100,physics
2015-02,92,physics
2015-03,91,physics
2015-04,93,physics
2015-05,72,physics
2015-06,105,physics
2015-07,87,physics
2015-08,96,physics
2015-09,141,physics
2015-10,127,physics
2015-11,114,physics
2015-12,137,physics
2016-01,97,physics
2016-02,124,physics
2016-03,122,physics
2016-04,117,physics
2016-05,97,physics
2016-06,101,physics
2016-07,101,physics
2016-08,105,physics
2016-09,104,physics
2016-10,140,physics
2016-11,130,physics
2016-12,136,physics
2017-01,90,physics
2017-02,96,physics
2017-03,94,physics
2017-04,153,physics
2017-05,104,physics
2017-06,89,physics
2017-07,82,physics
2017-08,98,physics
2017-09,73,physics
2017-10,114,physics
2017-11,136,physics
2017-12,136,physics
2018-01,96,physics
2018-02,76,physics
2018-03,99,physics
2018-04,113,physics
2018-05,97,physics
2018-06,97,physics
2018-07,127,physics
2018-08,82,physics
2018-09,102,physics
2018-10,124,physics
2018-11,130,physics
2018-12,110,physics
2019-01,105,physics
2019-02,88,physics
2019-03,117,physics
2019-04,115,physics
2019-05,87,physics
2019-06,87,physics
2019-07,110,physics
2019-08,94,physics
2019-09,107,physics
2019-10,125,physics
2019-11,116,physics
2019-12,96,physics
2020-01,110,physics
2020-02,92,physics
2020-03,93,physics
2020-04,126,physics
2020-05,83,physics
2020-06,111,physics
2020-07,109,physics
2020-08,94,physics
2020-09,119,physics
2020-10,118,physics
2020-11,88,physics
2020-12,95,physics
2021-01,81,physics
2021-02,88,physics
2021-03,116,physics
2021-04,87,physics
2021-05,95,physics
2021-06,90,physics
2021-07,92,physics
2021-08,86,physics
2021-09,91,physics
2021-10,74,physics
2021-11,105,physics
2021-12,102,physics
2022-01,99,physics
2022-02,81,physics
2022-03,112,physics
2022-04,66,physics
2022-05,86,physics
2022-06,100,physics
2022-07,88,physics
2022-08,108,physics
2022-09,94,physics
2022-10,97,physics
2022-11,100,physics
2022-12,79,physics
2023-01,81,physics
2023-02,82,physics
2023-03,99,physics
2023-04,89,physics
2023-05,95,physics
2023-06,89,physics
2023-07,98,physics
2023-08,109,physics
2023-09,100,physics
2023-10,92,physics
2023-11,102,physics
2023-12,116,physics
2024-01,89,physics
2024-02,101,physics
2024-03,93,physics
2009-01,6,physics
2009-02,4,physics
2009-03,11,physics
2009-04,3,physics
2009-05,2,physics
2009-06,15,physics
2009-07,7,physics
2009-08,14,physics
2009-09,5,physics
2009-10,10,physics
2009-11,5,physics
2009-12,9,physics
2010-01,14,physics
2010-02,6,physics
2010-03,10,physics
2010-04,7,physics
2010-05,9,physics
2010-06,24,physics
2010-07,11,physics
2010-08,6,physics
2010-09,7,physics
2010-10,12,physics
2010-11,12,physics
2010-12,11,physics
2011-01,17,physics
2011-02,9,physics
2011-03,22,physics
2011-04,14,physics
2011-05,15,physics
2011-06,9,physics
2011-07,10,physics
2011-08,38,physics
2011-09,24,physics
2011-10,31,physics
2011-11,17,physics
2011-12,18,physics
2012-01,27,physics
2012-02,77,physics
2012-03,24,physics
2012-04,19,physics
2012-05,32,physics
2012-06,23,physics
2012-07,43,physics
2012-08,45,physics
2012-09,39,physics
2012-10,18,physics
2012-11,7,physics
2012-12,12,physics
2013-01,57,physics
2013-02,12,physics
2013-03,26,physics
2013-04,29,physics
2013-05,54,physics
2013-06,34,physics
2013-07,44,physics
2013-08,40,physics
2013-09,39,physics
2013-10,36,physics
2013-11,30,physics
2013-12,26,physics
2014-01,36,physics
2014-02,17,physics
2014-03,23,physics
2014-04,40,physics
2014-05,33,physics
2014-06,22,physics
2014-07,26,physics
2014-08,19,physics
2014-09,59,physics
2014-10,51,physics
2014-11,29,physics
2014-12,21,physics
2015-01,41,physics
2015-02,48,physics
2015-03,28,physics
2015-04,38,physics
2015-05,25,physics
2015-06,24,physics
2015-07,32,physics
2015-08,27,physics
2015-09,23,physics
2015-10,32,physics
2015-11,41,physics
2015-12,22,physics
2016-01,34,physics
2016-02,15,physics
2016-03,20,physics
2016-04,21,physics
2016-05,18,physics
2016-06,44,physics
2016-07,46,physics
2016-08,37,physics
2016-09,19,physics
2016-10,32,physics
2016-11,32,physics
2016-12,43,physics
2017-01,32,physics
2017-02,16,physics
2017-03,20,physics
2017-04,37,physics
2017-05,67,physics
2017-06,25,physics
2017-07,21,physics
2017-08,17,physics
2017-09,34,physics
2017-10,25,physics
2017-11,28,physics
2017-12,31,physics
2018-01,50,physics
2018-02,48,physics
2018-03,47,physics
2018-04,24,physics
2018-05,31,physics
2018-06,57,physics
2018-07,26,physics
2018-08,24,physics
2018-09,23,physics
2018-10,24,physics
2018-11,23,physics
2018-12,31,physics
2019-01,16,physics
2019-02,22,physics
2019-03,20,physics
2019-04,24,physics
2019-05,29,physics
2019-06,17,physics
2019-07,22,physics
2019-08,11,physics
2019-09,28,physics
2019-10,45,physics
2019-11,13,physics
2019-12,21,physics
2020-01,18,physics
2020-02,23,physics
2020-03,36,physics
2020-04,33,physics
2020-05,44,physics
2020-06,46,physics
2020-07,30,physics
2020-08,26,physics
2020-09,31,physics
2020-10,24,physics
2020-11,21,physics
2020-12,26,physics
2021-01,24,physics
2021-02,15,physics
2021-03,35,physics
2021-04,34,physics
2021-05,39,physics
2021-06,30,physics
2021-07,28,physics
2021-08,25,physics
2021-09,30,physics
2021-10,22,physics
2021-11,23,physics
2021-12,29,physics
2022-01,35,physics
2022-02,25,physics
2022-03,90,physics
2022-04,28,physics
2022-05,31,physics
2022-06,29,physics
2022-07,21,physics
2022-08,46,physics
2022-09,47,physics
2022-10,37,physics
2022-11,32,physics
2022-12,17,physics
2023-01,16,physics
2023-02,20,physics
2023-03,23,physics
2023-04,18,physics
2023-05,34,physics
2023-06,27,physics
2023-07,53,physics
2023-08,26,physics
2023-09,28,physics
2023-10,55,physics
2023-11,39,physics
2023-12,19,physics
2024-01,37,physics
2024-02,17,physics
2024-03,28,physics
2009-01,9,physics
2009-02,1,physics
2009-03,3,physics
2009-04,3,physics
2009-05,6,physics
2009-06,11,physics
2009-07,7,physics
2009-08,6,physics
2009-09,8,physics
2009-10,4,physics
2009-11,6,physics
2009-12,6,physics
2010-01,4,physics
2010-02,10,physics
2010-03,12,physics
2010-04,8,physics
2010-05,4,physics
2010-06,11,physics
2010-07,8,physics
2010-08,2,physics
2010-09,7,physics
2010-10,11,physics
2010-11,6,physics
2010-12,5,physics
2011-01,8,physics
2011-02,4,physics
2011-03,6,physics
2011-04,6,physics
2011-05,4,physics
2011-06,9,physics
2011-07,9,physics
2011-08,8,physics
2011-09,10,physics
2011-10,9,physics
2011-11,7,physics
2011-12,8,physics
2012-01,5,physics
2012-02,16,physics
2012-03,4,physics
2012-04,5,physics
2012-05,5,physics
2012-06,7,physics
2012-07,7,physics
2012-08,9,physics
2012-09,13,physics
2012-10,10,physics
2012-11,12,physics
2012-12,16,physics
2013-01,11,physics
2013-02,2,physics
2013-03,9,physics
2013-04,15,physics
2013-05,12,physics
2013-06,7,physics
2013-07,12,physics
2013-08,9,physics
2013-09,14,physics
2013-10,13,physics
2013-11,9,physics
2013-12,6,physics
2014-01,12,physics
2014-02,13,physics
2014-03,13,physics
2014-04,7,physics
2014-05,9,physics
2014-06,11,physics
2014-07,16,physics
2014-08,16,physics
2014-09,16,physics
2014-10,20,physics
2014-11,5,physics
2014-12,9,physics
2015-01,8,physics
2015-02,13,physics
2015-03,24,physics
2015-04,9,physics
2015-05,12,physics
2015-06,13,physics
2015-07,6,physics
2015-08,9,physics
2015-09,11,physics
2015-10,20,physics
2015-11,8,physics
2015-12,14,physics
2016-01,10,physics
2016-02,8,physics
2016-03,16,physics
2016-04,14,physics
2016-05,11,physics
2016-06,12,physics
2016-07,15,physics
2016-08,11,physics
2016-09,15,physics
2016-10,8,physics
2016-11,13,physics
2016-12,13,physics
2017-01,9,physics
2017-02,10,physics
2017-03,16,physics
2017-04,13,physics
2017-05,24,physics
2017-06,6,physics
2017-07,10,physics
2017-08,19,physics
2017-09,13,physics
2017-10,10,physics
2017-11,19,physics
2017-12,14,physics
2018-01,10,physics
2018-02,14,physics
2018-03,11,physics
2018-04,16,physics
2018-05,17,physics
2018-06,16,physics
2018-07,13,physics
2018-08,18,physics
2018-09,20,physics
2018-10,25,physics
2018-11,21,physics
2018-12,19,physics
2019-01,21,physics
2019-02,15,physics
2019-03,14,physics
2019-04,21,physics
2019-05,16,physics
2019-06,32,physics
2019-07,23,physics
2019-08,20,physics
2019-09,21,physics
2019-10,22,physics
2019-11,29,physics
2019-12,23,physics
2020-01,25,physics
2020-02,27,physics
2020-03,29,physics
2020-04,31,physics
2020-05,31,physics
2020-06,30,physics
2020-07,30,physics
2020-08,32,physics
2020-09,22,physics
2020-10,22,physics
2020-11,26,physics
2020-12,58,physics
2021-01,25,physics
2021-02,23,physics
2021-03,22,physics
2021-04,32,physics
2021-05,27,physics
2021-06,24,physics
2021-07,21,physics
2021-08,35,physics
2021-09,22,physics
2021-10,25,physics
2021-11,23,physics
2021-12,23,physics
2022-01,21,physics
2022-02,20,physics
2022-03,18,physics
2022-04,24,physics
2022-05,28,physics
2022-06,28,physics
2022-07,23,physics
2022-08,27,physics
2022-09,28,physics
2022-10,36,physics
2022-11,45,physics
2022-12,27,physics
2023-01,21,physics
2023-02,15,physics
2023-03,25,physics
2023-04,31,physics
2023-05,20,physics
2023-06,33,physics
2023-07,32,physics
2023-08,29,physics
2023-09,33,physics
2023-10,49,physics
2023-11,52,physics
2023-12,39,physics
2024-01,47,physics
2024-02,36,physics
2024-03,18,physics
2014-09,1,physics
2017-04,41,physics
2017-05,81,physics
2017-06,56,physics
2017-07,37,physics
2017-08,72,physics
2017-09,86,physics
2017-10,82,physics
2017-11,76,physics
2017-12,108,physics
2018-01,120,physics
2018-02,118,physics
2018-03,108,physics
2018-04,104,physics
2018-05,112,physics
2018-06,107,physics
2018-07,99,physics
2018-08,102,physics
2018-09,107,physics
2018-10,151,physics
2018-11,123,physics
2018-12,126,physics
2019-01,113,physics
2019-02,116,physics
2019-03,150,physics
2019-04,112,physics
2019-05,177,physics
2019-06,168,physics
2019-07,187,physics
2019-08,159,physics
2019-09,157,physics
2019-10,177,physics
2019-11,164,physics
2019-12,156,physics
2020-01,174,physics
2020-02,136,physics
2020-03,170,physics
2020-04,167,physics
2020-05,199,physics
2020-06,237,physics
2020-07,217,physics
2020-08,191,physics
2020-09,171,physics
2020-10,95,physics
2020-11,133,physics
2020-12,93,physics
2021-01,72,physics
2021-02,63,physics
2021-03,117,physics
2021-04,98,physics
2021-05,106,physics
2021-06,102,physics
2021-07,109,physics
2021-08,104,physics
2021-09,100,physics
2021-10,122,physics
2021-11,96,physics
2021-12,66,physics
2022-01,85,physics
2022-02,59,physics
2022-03,67,physics
2022-04,62,physics
2022-05,67,physics
2022-06,72,physics
2022-07,45,physics
2022-08,66,physics
2022-09,92,physics
2022-10,85,physics
2022-11,92,physics
2022-12,77,physics
2023-01,71,physics
2023-02,80,physics
2023-03,85,physics
2023-04,67,physics
2023-05,94,physics
2023-06,95,physics
2023-07,84,physics
2023-08,80,physics
2023-09,112,physics
2023-10,93,physics
2023-11,93,physics
2023-12,89,physics
2024-01,118,physics
2024-02,128,physics
2024-03,94,physics
2009-01,3,physics
2009-02,7,physics
2009-03,9,physics
2009-04,3,physics
2009-05,1,physics
2009-07,3,physics
2009-08,5,physics
2009-09,5,physics
2009-10,4,physics
2009-11,2,physics
2009-12,6,physics
2010-01,3,physics
2010-02,2,physics
2010-05,3,physics
2010-06,4,physics
2010-07,3,physics
2010-08,4,physics
2010-09,8,physics
2010-10,4,physics
2010-11,5,physics
2010-12,2,physics
2011-01,6,physics
2011-02,3,physics
2011-03,5,physics
2011-04,8,physics
2011-05,3,physics
2011-06,4,physics
2011-07,4,physics
2011-08,5,physics
2011-09,6,physics
2011-10,2,physics
2011-11,7,physics
2011-12,2,physics
2012-01,6,physics
2012-02,8,physics
2012-03,5,physics
2012-04,1,physics
2012-05,2,physics
2012-06,8,physics
2012-07,2,physics
2012-08,3,physics
2012-09,4,physics
2012-10,2,physics
2012-11,7,physics
2012-12,4,physics
2013-01,9,physics
2013-02,2,physics
2013-03,5,physics
2013-04,2,physics
2013-05,5,physics
2013-06,3,physics
2013-07,4,physics
2013-08,8,physics
2013-09,1,physics
2013-10,5,physics
2013-11,4,physics
2013-12,5,physics
2014-01,4,physics
2014-02,11,physics
2014-03,3,physics
2014-04,4,physics
2014-05,3,physics
2014-06,8,physics
2014-07,3,physics
2014-08,4,physics
2014-09,10,physics
2014-10,7,physics
2014-11,4,physics
2014-12,6,physics
2015-01,1,physics
2015-02,4,physics
2015-03,10,physics
2015-04,3,physics
2015-05,4,physics
2015-06,6,physics
2015-07,6,physics
2015-08,2,physics
2015-09,6,physics
2015-10,4,physics
2015-11,4,physics
2015-12,7,physics
2016-01,4,physics
2016-02,5,physics
2016-03,5,physics
2016-04,6,physics
2016-05,6,physics
2016-06,4,physics
2016-07,9,physics
2016-08,5,physics
2016-09,8,physics
2016-10,7,physics
2016-11,5,physics
2016-12,5,physics
2017-01,4,physics
2017-02,3,physics
2017-03,5,physics
2017-04,6,physics
2017-05,5,physics
2017-06,4,physics
2017-07,2,physics
2017-08,8,physics
2017-09,6,physics
2017-10,5,physics
2017-11,1,physics
2017-12,4,physics
2018-01,6,physics
2018-02,8,physics
2018-03,4,physics
2018-04,9,physics
2018-05,15,physics
2018-06,6,physics
2018-07,5,physics
2018-08,3,physics
2018-09,6,physics
2018-10,6,physics
2018-11,2,physics
2018-12,5,physics
2019-01,2,physics
2019-02,8,physics
2019-03,2,physics
2019-04,1,physics
2019-05,7,physics
2019-06,7,physics
2019-07,8,physics
2019-08,2,physics
2019-09,6,physics
2019-10,7,physics
2019-11,5,physics
2019-12,10,physics
2020-01,4,physics
2020-02,3,physics
2020-03,9,physics
2020-04,4,physics
2020-05,2,physics
2020-06,7,physics
2020-07,5,physics
2020-08,3,physics
2020-09,3,physics
2020-10,5,physics
2020-11,6,physics
2020-12,3,physics
2021-01,3,physics
2021-02,4,physics
2021-03,4,physics
2021-04,6,physics
2021-05,5,physics
2021-06,7,physics
2021-07,2,physics
2021-08,1,physics
2021-09,4,physics
2021-10,2,physics
2021-11,9,physics
2021-12,1,physics
2022-01,6,physics
2022-02,3,physics
2022-03,1,physics
2022-04,3,physics
2022-05,7,physics
2022-06,2,physics
2022-07,5,physics
2022-08,2,physics
2022-09,5,physics
2022-10,2,physics
2022-11,8,physics
2022-12,3,physics
2023-01,3,physics
2023-02,1,physics
2023-03,5,physics
2023-04,3,physics
2023-05,5,physics
2023-06,3,physics
2023-07,3,physics
2023-08,3,physics
2023-09,5,physics
2023-10,3,physics
2023-12,4,physics
2024-01,4,physics
2024-02,8,physics
2024-03,2,physics
2009-01,41,physics
2009-02,28,physics
2009-03,37,physics
2009-04,29,physics
2009-05,37,physics
2009-06,40,physics
2009-07,32,physics
2009-08,32,physics
2009-09,26,physics
2009-10,45,physics
2009-11,32,physics
2009-12,27,physics
2010-01,41,physics
2010-02,32,physics
2010-03,47,physics
2010-04,34,physics
2010-05,27,physics
2010-06,28,physics
2010-07,41,physics
2010-08,35,physics
2010-09,36,physics
2010-10,27,physics
2010-11,45,physics
2010-12,38,physics
2011-01,35,physics
2011-02,34,physics
2011-03,37,physics
2011-04,41,physics
2011-05,38,physics
2011-06,41,physics
2011-07,44,physics
2011-08,39,physics
2011-09,43,physics
2011-10,50,physics
2011-11,40,physics
2011-12,45,physics
2012-01,47,physics
2012-02,42,physics
2012-03,52,physics
2012-04,50,physics
2012-05,61,physics
2012-06,43,physics
2012-07,49,physics
2012-08,65,physics
2012-09,44,physics
2012-10,43,physics
2012-11,55,physics
2012-12,33,physics
2013-01,62,physics
2013-02,65,physics
2013-03,52,physics
2013-04,51,physics
2013-05,69,physics
2013-06,50,physics
2013-07,49,physics
2013-08,52,physics
2013-09,55,physics
2013-10,57,physics
2013-11,62,physics
2013-12,41,physics
2014-01,52,physics
2014-02,61,physics
2014-03,45,physics
2014-04,52,physics
2014-05,44,physics
2014-06,58,physics
2014-07,58,physics
2014-08,43,physics
2014-09,61,physics
2014-10,55,physics
2014-11,39,physics
2014-12,55,physics
2015-01,58,physics
2015-02,51,physics
2015-03,58,physics
2015-04,49,physics
2015-05,53,physics
2015-06,66,physics
2015-07,60,physics
2015-08,42,physics
2015-09,53,physics
2015-10,68,physics
2015-11,58,physics
2015-12,55,physics
2016-01,66,physics
2016-02,53,physics
2016-03,72,physics
2016-04,50,physics
2016-05,61,physics
2016-06,70,physics
2016-07,59,physics
2016-08,60,physics
2016-09,66,physics
2016-10,52,physics
2016-11,64,physics
2016-12,43,physics
2017-01,54,physics
2017-02,54,physics
2017-03,60,physics
2017-04,39,physics
2017-05,58,physics
2017-06,70,physics
2017-07,55,physics
2017-08,45,physics
2017-09,66,physics
2017-10,60,physics
2017-11,49,physics
2017-12,55,physics
2018-01,55,physics
2018-02,64,physics
2018-03,57,physics
2018-04,50,physics
2018-05,66,physics
2018-06,55,physics
2018-07,65,physics
2018-08,53,physics
2018-09,67,physics
2018-10,78,physics
2018-11,64,physics
2018-12,78,physics
2019-01,61,physics
2019-02,57,physics
2019-03,64,physics
2019-04,57,physics
2019-05,61,physics
2019-06,62,physics
2019-07,81,physics
2019-08,41,physics
2019-09,69,physics
2019-10,50,physics
2019-11,49,physics
2019-12,65,physics
2020-01,40,physics
2020-02,59,physics
2020-03,56,physics
2020-04,48,physics
2020-05,62,physics
2020-06,59,physics
2020-07,77,physics
2020-08,67,physics
2020-09,46,physics
2020-10,65,physics
2020-11,44,physics
2020-12,60,physics
2021-01,52,physics
2021-02,47,physics
2021-03,56,physics
2021-04,48,physics
2021-05,63,physics
2021-06,49,physics
2021-07,61,physics
2021-08,52,physics
2021-09,51,physics
2021-10,39,physics
2021-11,61,physics
2021-12,51,physics
2022-01,53,physics
2022-02,48,physics
2022-03,52,physics
2022-04,49,physics
2022-05,42,physics
2022-06,51,physics
2022-07,51,physics
2022-08,49,physics
2022-09,59,physics
2022-10,53,physics
2022-11,60,physics
2022-12,57,physics
2023-01,51,physics
2023-02,40,physics
2023-03,74,physics
2023-04,47,physics
2023-05,58,physics
2023-06,55,physics
2023-07,51,physics
2023-08,50,physics
2023-09,64,physics
2023-10,57,physics
2023-11,59,physics
2023-12,47,physics
2024-01,55,physics
2024-02,46,physics
2024-03,55,physics
2009-01,21,physics
2009-02,15,physics
2009-03,14,physics
2009-04,17,physics
2009-05,20,physics
2009-06,10,physics
2009-07,20,physics
2009-08,11,physics
2009-09,13,physics
2009-10,17,physics
2009-11,16,physics
2009-12,16,physics
2010-01,16,physics
2010-02,10,physics
2010-03,22,physics
2010-04,20,physics
2010-05,20,physics
2010-06,20,physics
2010-07,20,physics
2010-08,26,physics
2010-09,17,physics
2010-10,23,physics
2010-11,14,physics
2010-12,20,physics
2011-01,14,physics
2011-02,18,physics
2011-03,15,physics
2011-04,15,physics
2011-05,19,physics
2011-06,19,physics
2011-07,18,physics
2011-08,21,physics
2011-09,30,physics
2011-10,22,physics
2011-11,19,physics
2011-12,23,physics
2012-01,22,physics
2012-02,22,physics
2012-03,23,physics
2012-04,28,physics
2012-05,24,physics
2012-06,22,physics
2012-07,30,physics
2012-08,15,physics
2012-09,24,physics
2012-10,27,physics
2012-11,17,physics
2012-12,30,physics
2013-01,19,physics
2013-02,32,physics
2013-03,22,physics
2013-04,29,physics
2013-05,35,physics
2013-06,24,physics
2013-07,32,physics
2013-08,17,physics
2013-09,31,physics
2013-10,22,physics
2013-11,19,physics
2013-12,31,physics
2014-01,21,physics
2014-02,19,physics
2014-03,23,physics
2014-04,22,physics
2014-05,30,physics
2014-06,20,physics
2014-07,22,physics
2014-08,24,physics
2014-09,21,physics
2014-10,27,physics
2014-11,23,physics
2014-12,34,physics
2015-01,26,physics
2015-02,23,physics
2015-03,35,physics
2015-04,29,physics
2015-05,32,physics
2015-06,25,physics
2015-07,28,physics
2015-08,20,physics
2015-09,37,physics
2015-10,34,physics
2015-11,32,physics
2015-12,37,physics
2016-01,19,physics
2016-02,14,physics
2016-03,18,physics
2016-04,20,physics
2016-05,22,physics
2016-06,32,physics
2016-07,29,physics
2016-08,30,physics
2016-09,36,physics
2016-10,31,physics
2016-11,21,physics
2016-12,29,physics
2017-01,29,physics
2017-02,47,physics
2017-03,43,physics
2017-04,27,physics
2017-05,46,physics
2017-06,32,physics
2017-07,39,physics
2017-08,26,physics
2017-09,30,physics
2017-10,32,physics
2017-11,26,physics
2017-12,20,physics
2018-01,26,physics
2018-02,40,physics
2018-03,37,physics
2018-04,26,physics
2018-05,32,physics
2018-06,44,physics
2018-07,27,physics
2018-08,33,physics
2018-09,39,physics
2018-10,33,physics
2018-11,25,physics
2018-12,19,physics
2019-01,26,physics
2019-02,32,physics
2019-03,25,physics
2019-04,39,physics
2019-05,40,physics
2019-06,31,physics
2019-07,29,physics
2019-08,29,physics
2019-09,29,physics
2019-10,40,physics
2019-11,36,physics
2019-12,32,physics
2020-01,29,physics
2020-02,25,physics
2020-03,36,physics
2020-04,25,physics
2020-05,26,physics
2020-06,37,physics
2020-07,32,physics
2020-08,35,physics
2020-09,27,physics
2020-10,45,physics
2020-11,25,physics
2020-12,42,physics
2021-01,31,physics
2021-02,37,physics
2021-03,50,physics
2021-04,42,physics
2021-05,33,physics
2021-06,44,physics
2021-07,30,physics
2021-08,24,physics
2021-09,32,physics
2021-10,37,physics
2021-11,31,physics
2021-12,49,physics
2022-01,26,physics
2022-02,27,physics
2022-03,22,physics
2022-04,35,physics
2022-05,30,physics
2022-06,37,physics
2022-07,24,physics
2022-08,35,physics
2022-09,24,physics
2022-10,28,physics
2022-11,27,physics
2022-12,19,physics
2023-01,29,physics
2023-02,23,physics
2023-03,29,physics
2023-04,30,physics
2023-05,33,physics
2023-06,26,physics
2023-07,33,physics
2023-08,22,physics
2023-09,32,physics
2023-10,30,physics
2023-11,43,physics
2023-12,37,physics
2024-01,40,physics
2024-02,26,physics
2024-03,50,physics
2009-01,11,physics
2009-02,12,physics
2009-03,28,physics
2009-04,47,physics
2009-05,19,physics
2009-06,18,physics
2009-07,8,physics
2009-08,14,physics
2009-09,16,physics
2009-10,14,physics
2009-11,16,physics
2009-12,9,physics
2010-01,21,physics
2010-02,13,physics
2010-03,22,physics
2010-04,22,physics
2010-05,11,physics
2010-06,16,physics
2010-07,21,physics
2010-08,18,physics
2010-09,17,physics
2010-10,21,physics
2010-11,18,physics
2010-12,17,physics
2011-01,22,physics
2011-02,8,physics
2011-03,11,physics
2011-04,15,physics
2011-05,24,physics
2011-06,17,physics
2011-07,24,physics
2011-08,21,physics
2011-09,29,physics
2011-10,21,physics
2011-11,21,physics
2011-12,22,physics
2012-01,27,physics
2012-02,25,physics
2012-03,24,physics
2012-04,25,physics
2012-05,28,physics
2012-06,36,physics
2012-07,23,physics
2012-08,33,physics
2012-09,24,physics
2012-10,31,physics
2012-11,21,physics
2012-12,42,physics
2013-01,33,physics
2013-02,21,physics
2013-03,27,physics
2013-04,24,physics
2013-05,38,physics
2013-06,38,physics
2013-07,44,physics
2013-08,47,physics
2013-09,40,physics
2013-10,37,physics
2013-11,32,physics
2013-12,41,physics
2014-01,40,physics
2014-02,39,physics
2014-03,41,physics
2014-04,46,physics
2014-05,46,physics
2014-06,29,physics
2014-07,38,physics
2014-08,38,physics
2014-09,45,physics
2014-10,38,physics
2014-11,28,physics
2014-12,46,physics
2015-01,52,physics
2015-02,41,physics
2015-03,43,physics
2015-04,43,physics
2015-05,37,physics
2015-06,33,physics
2015-07,42,physics
2015-08,39,physics
2015-09,48,physics
2015-10,34,physics
2015-11,40,physics
2015-12,54,physics
2016-01,41,physics
2016-02,41,physics
2016-03,52,physics
2016-04,47,physics
2016-05,58,physics
2016-06,59,physics
2016-07,32,physics
2016-08,67,physics
2016-09,64,physics
2016-10,69,physics
2016-11,69,physics
2016-12,49,physics
2017-01,57,physics
2017-02,56,physics
2017-03,62,physics
2017-04,49,physics
2017-05,68,physics
2017-06,74,physics
2017-07,57,physics
2017-08,65,physics
2017-09,69,physics
2017-10,69,physics
2017-11,54,physics
2017-12,55,physics
2018-01,65,physics
2018-02,57,physics
2018-03,76,physics
2018-04,68,physics
2018-05,95,physics
2018-06,61,physics
2018-07,63,physics
2018-08,67,physics
2018-09,63,physics
2018-10,69,physics
2018-11,71,physics
2018-12,76,physics
2019-01,69,physics
2019-02,56,physics
2019-03,57,physics
2019-04,83,physics
2019-05,97,physics
2019-06,59,physics
2019-07,78,physics
2019-08,71,physics
2019-09,77,physics
2019-10,62,physics
2019-11,77,physics
2019-12,78,physics
2020-01,84,physics
2020-02,75,physics
2020-03,92,physics
2020-04,97,physics
2020-05,79,physics
2020-06,77,physics
2020-07,90,physics
2020-08,85,physics
2020-09,70,physics
2020-10,101,physics
2020-11,83,physics
2020-12,107,physics
2021-01,70,physics
2021-02,80,physics
2021-03,95,physics
2021-04,83,physics
2021-05,74,physics
2021-06,84,physics
2021-07,86,physics
2021-08,76,physics
2021-09,87,physics
2021-10,78,physics
2021-11,102,physics
2021-12,94,physics
2022-01,67,physics
2022-02,90,physics
2022-03,101,physics
2022-04,80,physics
2022-05,87,physics
2022-06,99,physics
2022-07,73,physics
2022-08,81,physics
2022-09,107,physics
2022-10,89,physics
2022-11,107,physics
2022-12,95,physics
2023-01,80,physics
2023-02,74,physics
2023-03,105,physics
2023-04,83,physics
2023-05,95,physics
2023-06,93,physics
2023-07,94,physics
2023-08,100,physics
2023-09,90,physics
2023-10,105,physics
2023-11,97,physics
2023-12,81,physics
2024-01,120,physics
2024-02,113,physics
2024-03,128,physics
2009-01,27,physics
2009-02,18,physics
2009-03,18,physics
2009-04,19,physics
2009-05,13,physics
2009-06,26,physics
2009-07,24,physics
2009-08,13,physics
2009-09,20,physics
2009-10,14,physics
2009-11,10,physics
2009-12,15,physics
2010-01,10,physics
2010-02,22,physics
2010-03,8,physics
2010-04,7,physics
2010-05,17,physics
2010-06,14,physics
2010-07,17,physics
2010-08,17,physics
2010-09,12,physics
2010-10,11,physics
2010-11,12,physics
2010-12,16,physics
2011-01,10,physics
2011-02,9,physics
2011-03,19,physics
2011-04,8,physics
2011-05,13,physics
2011-06,12,physics
2011-07,18,physics
2011-08,15,physics
2011-09,13,physics
2011-10,26,physics
2011-11,12,physics
2011-12,14,physics
2012-01,22,physics
2012-02,16,physics
2012-03,16,physics
2012-04,15,physics
2012-05,15,physics
2012-06,19,physics
2012-07,15,physics
2012-08,18,physics
2012-09,7,physics
2012-10,25,physics
2012-11,24,physics
2012-12,19,physics
2013-01,12,physics
2013-02,14,physics
2013-03,12,physics
2013-04,10,physics
2013-05,16,physics
2013-06,15,physics
2013-07,20,physics
2013-08,18,physics
2013-09,27,physics
2013-10,16,physics
2013-11,11,physics
2013-12,20,physics
2014-01,16,physics
2014-02,16,physics
2014-03,29,physics
2014-04,20,physics
2014-05,16,physics
2014-06,16,physics
2014-07,25,physics
2014-08,15,physics
2014-09,18,physics
2014-10,17,physics
2014-11,19,physics
2014-12,17,physics
2015-01,21,physics
2015-02,14,physics
2015-03,16,physics
2015-04,12,physics
2015-05,12,physics
2015-06,13,physics
2015-07,13,physics
2015-08,17,physics
2015-09,28,physics
2015-10,14,physics
2015-11,19,physics
2015-12,10,physics
2016-01,17,physics
2016-02,11,physics
2016-03,13,physics
2016-04,26,physics
2016-05,14,physics
2016-06,26,physics
2016-07,17,physics
2016-08,31,physics
2016-09,24,physics
2016-10,26,physics
2016-11,27,physics
2016-12,28,physics
2017-01,30,physics
2017-02,26,physics
2017-03,26,physics
2017-04,30,physics
2017-05,28,physics
2017-06,21,physics
2017-07,13,physics
2017-08,9,physics
2017-09,16,physics
2017-10,17,physics
2017-11,13,physics
2017-12,20,physics
2018-01,12,physics
2018-02,23,physics
2018-03,12,physics
2018-04,19,physics
2018-05,26,physics
2018-06,27,physics
2018-07,11,physics
2018-08,30,physics
2018-09,20,physics
2018-10,32,physics
2018-11,31,physics
2018-12,25,physics
2019-01,26,physics
2019-02,25,physics
2019-03,32,physics
2019-04,29,physics
2019-05,26,physics
2019-06,25,physics
2019-07,31,physics
2019-08,18,physics
2019-09,29,physics
2019-10,22,physics
2019-11,16,physics
2019-12,23,physics
2020-01,27,physics
2020-02,12,physics
2020-03,26,physics
2020-04,17,physics
2020-05,19,physics
2020-06,20,physics
2020-07,24,physics
2020-08,20,physics
2020-09,14,physics
2020-10,17,physics
2020-11,15,physics
2020-12,29,physics
2021-01,23,physics
2021-02,25,physics
2021-03,31,physics
2021-04,20,physics
2021-05,25,physics
2021-06,25,physics
2021-07,25,physics
2021-08,18,physics
2021-09,16,physics
2021-10,27,physics
2021-11,22,physics
2021-12,25,physics
2022-01,19,physics
2022-02,15,physics
2022-03,14,physics
2022-04,23,physics
2022-05,17,physics
2022-06,15,physics
2022-07,16,physics
2022-08,28,physics
2022-09,11,physics
2022-10,22,physics
2022-11,28,physics
2022-12,18,physics
2023-01,14,physics
2023-02,25,physics
2023-03,22,physics
2023-04,11,physics
2023-05,26,physics
2023-06,14,physics
2023-07,16,physics
2023-08,30,physics
2023-09,16,physics
2023-10,12,physics
2023-11,22,physics
2023-12,15,physics
2024-01,19,physics
2024-02,12,physics
2024-03,17,physics
2009-01,10,physics
2009-02,8,physics
2009-03,10,physics
2009-04,10,physics
2009-05,11,physics
2009-06,10,physics
2009-07,11,physics
2009-08,7,physics
2009-09,11,physics
2009-10,12,physics
2009-11,9,physics
2009-12,20,physics
2010-01,14,physics
2010-02,11,physics
2010-03,8,physics
2010-04,14,physics
2010-05,14,physics
2010-06,22,physics
2010-07,10,physics
2010-08,11,physics
2010-09,15,physics
2010-10,15,physics
2010-11,8,physics
2010-12,29,physics
2011-01,11,physics
2011-02,7,physics
2011-03,7,physics
2011-04,10,physics
2011-05,18,physics
2011-06,13,physics
2011-07,19,physics
2011-08,13,physics
2011-09,26,physics
2011-10,19,physics
2011-11,14,physics
2011-12,17,physics
2012-01,19,physics
2012-02,31,physics
2012-03,15,physics
2012-04,26,physics
2012-05,14,physics
2012-06,16,physics
2012-07,16,physics
2012-08,15,physics
2012-09,21,physics
2012-10,9,physics
2012-11,22,physics
2012-12,15,physics
2013-01,22,physics
2013-02,19,physics
2013-03,20,physics
2013-04,12,physics
2013-05,26,physics
2013-06,18,physics
2013-07,19,physics
2013-08,19,physics
2013-09,20,physics
2013-10,22,physics
2013-11,34,physics
2013-12,26,physics
2014-01,21,physics
2014-02,19,physics
2014-03,21,physics
2014-04,15,physics
2014-05,27,physics
2014-06,12,physics
2014-07,23,physics
2014-08,21,physics
2014-09,19,physics
2014-10,34,physics
2014-11,26,physics
2014-12,33,physics
2015-01,18,physics
2015-02,27,physics
2015-03,25,physics
2015-04,24,physics
2015-05,16,physics
2015-06,24,physics
2015-07,45,physics
2015-08,25,physics
2015-09,33,physics
2015-10,33,physics
2015-11,31,physics
2015-12,30,physics
2016-01,31,physics
2016-02,42,physics
2016-03,42,physics
2016-04,30,physics
2016-05,35,physics
2016-06,34,physics
2016-07,21,physics
2016-08,31,physics
2016-09,33,physics
2016-10,42,physics
2016-11,40,physics
2016-12,42,physics
2017-01,22,physics
2017-02,42,physics
2017-03,34,physics
2017-04,43,physics
2017-05,38,physics
2017-06,28,physics
2017-07,36,physics
2017-08,31,physics
2017-09,33,physics
2017-10,41,physics
2017-11,40,physics
2017-12,50,physics
2018-01,77,physics
2018-02,68,physics
2018-03,61,physics
2018-04,51,physics
2018-05,45,physics
2018-06,61,physics
2018-07,54,physics
2018-08,62,physics
2018-09,64,physics
2018-10,97,physics
2018-11,84,physics
2018-12,76,physics
2019-01,63,physics
2019-02,61,physics
2019-03,62,physics
2019-04,77,physics
2019-05,87,physics
2019-06,99,physics
2019-07,77,physics
2019-08,72,physics
2019-09,77,physics
2019-10,91,physics
2019-11,75,physics
2019-12,80,physics
2020-01,58,physics
2020-02,73,physics
2020-03,99,physics
2020-04,83,physics
2020-05,93,physics
2020-06,145,physics
2020-07,118,physics
2020-08,99,physics
2020-09,89,physics
2020-10,67,physics
2020-11,36,physics
2020-12,36,physics
2021-01,37,physics
2021-02,39,physics
2021-03,51,physics
2021-04,46,physics
2021-05,40,physics
2021-06,55,physics
2021-07,51,physics
2021-08,40,physics
2021-09,48,physics
2021-10,45,physics
2021-11,39,physics
2021-12,36,physics
2022-01,29,physics
2022-02,39,physics
2022-03,49,physics
2022-04,42,physics
2022-05,61,physics
2022-06,45,physics
2022-07,28,physics
2022-08,34,physics
2022-09,39,physics
2022-10,45,physics
2022-11,31,physics
2022-12,37,physics
2023-01,39,physics
2023-02,51,physics
2023-03,48,physics
2023-04,38,physics
2023-05,49,physics
2023-06,49,physics
2023-07,42,physics
2023-08,36,physics
2023-09,53,physics
2023-10,42,physics
2023-11,38,physics
2023-12,44,physics
2024-01,51,physics
2024-02,50,physics
2024-03,54,physics
2009-01,20,physics
2009-02,13,physics
2009-03,13,physics
2009-04,8,physics
2009-05,12,physics
2009-06,13,physics
2009-07,11,physics
2009-08,16,physics
2009-09,16,physics
2009-10,9,physics
2009-11,13,physics
2009-12,6,physics
2010-01,12,physics
2010-02,11,physics
2010-03,6,physics
2010-04,14,physics
2010-05,12,physics
2010-06,11,physics
2010-07,10,physics
2010-08,9,physics
2010-09,11,physics
2010-10,14,physics
2010-11,18,physics
2010-12,13,physics
2011-01,19,physics
2011-02,15,physics
2011-03,16,physics
2011-04,15,physics
2011-05,15,physics
2011-06,10,physics
2011-07,17,physics
2011-08,29,physics
2011-09,18,physics
2011-10,13,physics
2011-11,17,physics
2011-12,15,physics
2012-01,20,physics
2012-02,15,physics
2012-03,11,physics
2012-04,13,physics
2012-05,12,physics
2012-06,18,physics
2012-07,18,physics
2012-08,16,physics
2012-09,18,physics
2012-10,11,physics
2012-11,5,physics
2012-12,20,physics
2013-01,20,physics
2013-02,9,physics
2013-03,7,physics
2013-04,10,physics
2013-05,13,physics
2013-06,15,physics
2013-07,17,physics
2013-08,8,physics
2013-09,11,physics
2013-10,11,physics
2013-11,19,physics
2013-12,12,physics
2014-01,8,physics
2014-02,6,physics
2014-03,5,physics
2014-04,20,physics
2014-05,9,physics
2014-06,12,physics
2014-07,13,physics
2014-08,9,physics
2014-09,17,physics
2014-10,19,physics
2014-11,14,physics
2014-12,11,physics
2015-01,8,physics
2015-02,7,physics
2015-03,16,physics
2015-04,18,physics
2015-05,17,physics
2015-06,15,physics
2015-07,12,physics
2015-08,11,physics
2015-09,7,physics
2015-10,17,physics
2015-11,11,physics
2015-12,11,physics
2016-01,9,physics
2016-02,20,physics
2016-03,17,physics
2016-04,19,physics
2016-05,13,physics
2016-06,11,physics
2016-07,9,physics
2016-08,9,physics
2016-09,16,physics
2016-10,15,physics
2016-11,16,physics
2016-12,11,physics
2017-01,12,physics
2017-02,16,physics
2017-03,17,physics
2017-04,10,physics
2017-05,11,physics
2017-06,12,physics
2017-07,8,physics
2017-08,15,physics
2017-09,9,physics
2017-10,11,physics
2017-11,9,physics
2017-12,13,physics
2018-01,16,physics
2018-02,9,physics
2018-03,13,physics
2018-04,18,physics
2018-05,15,physics
2018-06,10,physics
2018-07,10,physics
2018-08,11,physics
2018-09,13,physics
2018-10,11,physics
2018-11,12,physics
2018-12,10,physics
2019-01,10,physics
2019-02,12,physics
2019-03,10,physics
2019-04,7,physics
2019-05,17,physics
2019-06,19,physics
2019-07,12,physics
2019-08,10,physics
2019-09,10,physics
2019-10,19,physics
2019-11,12,physics
2019-12,11,physics
2020-01,21,physics
2020-02,11,physics
2020-03,16,physics
2020-04,13,physics
2020-05,11,physics
2020-06,8,physics
2020-07,10,physics
2020-08,6,physics
2020-09,11,physics
2020-10,24,physics
2020-11,14,physics
2020-12,12,physics
2021-01,25,physics
2021-02,12,physics
2021-03,19,physics
2021-04,12,physics
2021-05,19,physics
2021-06,11,physics
2021-07,17,physics
2021-08,14,physics
2021-09,11,physics
2021-10,10,physics
2021-11,10,physics
2021-12,6,physics
2022-01,9,physics
2022-02,13,physics
2022-03,18,physics
2022-04,13,physics
2022-05,13,physics
2022-06,7,physics
2022-07,15,physics
2022-08,11,physics
2022-09,12,physics
2022-10,12,physics
2022-11,11,physics
2022-12,8,physics
2023-01,15,physics
2023-02,7,physics
2023-03,11,physics
2023-04,10,physics
2023-05,11,physics
2023-06,13,physics
2023-07,12,physics
2023-08,11,physics
2023-09,10,physics
2023-10,13,physics
2023-11,8,physics
2023-12,15,physics
2024-01,14,physics
2024-02,6,physics
2024-03,5,physics
2009-01,5,physics
2009-02,4,physics
2009-03,3,physics
2009-04,1,physics
2009-05,2,physics
2009-06,4,physics
2009-07,3,physics
2009-08,3,physics
2009-09,1,physics
2009-10,3,physics
2009-11,4,physics
2009-12,2,physics
2010-01,1,physics
2010-02,3,physics
2010-03,7,physics
2010-04,1,physics
2010-05,3,physics
2010-06,5,physics
2010-07,6,physics
2010-08,7,physics
2010-09,13,physics
2010-10,2,physics
2010-11,6,physics
2011-01,3,physics
2011-02,5,physics
2011-03,6,physics
2011-04,2,physics
2011-05,4,physics
2011-06,8,physics
2011-07,5,physics
2011-08,14,physics
2011-09,12,physics
2011-10,10,physics
2011-11,5,physics
2011-12,5,physics
2012-01,8,physics
2012-02,6,physics
2012-03,2,physics
2012-04,5,physics
2012-05,4,physics
2012-06,3,physics
2012-07,17,physics
2012-08,5,physics
2012-09,8,physics
2012-10,10,physics
2012-11,14,physics
2012-12,7,physics
2013-01,1,physics
2013-02,7,physics
2013-03,10,physics
2013-04,5,physics
2013-05,9,physics
2013-06,6,physics
2013-07,19,physics
2013-08,26,physics
2013-09,5,physics
2013-10,11,physics
2013-11,11,physics
2013-12,12,physics
2014-01,10,physics
2014-02,7,physics
2014-03,15,physics
2014-04,8,physics
2014-05,12,physics
2014-06,3,physics
2014-07,21,physics
2014-08,12,physics
2014-09,18,physics
2014-10,14,physics
2014-11,5,physics
2014-12,9,physics
2015-01,13,physics
2015-02,13,physics
2015-03,8,physics
2015-04,10,physics
2015-05,10,physics
2015-06,9,physics
2015-07,29,physics
2015-08,17,physics
2015-09,13,physics
2015-10,13,physics
2015-11,17,physics
2015-12,12,physics
2016-01,24,physics
2016-02,64,physics
2016-03,29,physics
2016-04,11,physics
2016-05,13,physics
2016-06,18,physics
2016-07,21,physics
2016-08,11,physics
2016-09,8,physics
2016-10,8,physics
2016-11,14,physics
2016-12,11,physics
2017-01,19,physics
2017-02,8,physics
2017-03,10,physics
2017-04,5,physics
2017-05,4,physics
2017-06,9,physics
2017-07,15,physics
2017-08,15,physics
2017-09,10,physics
2017-10,19,physics
2017-11,21,physics
2017-12,12,physics
2018-01,13,physics
2018-02,14,physics
2018-03,16,physics
2018-04,19,physics
2018-05,20,physics
2018-06,16,physics
2018-07,32,physics
2018-08,23,physics
2018-09,15,physics
2018-10,12,physics
2018-11,15,physics
2018-12,17,physics
2019-01,24,physics
2019-02,9,physics
2019-03,12,physics
2019-04,6,physics
2019-05,10,physics
2019-06,9,physics
2019-07,18,physics
2019-08,11,physics
2019-09,19,physics
2019-10,17,physics
2019-11,18,physics
2019-12,21,physics
2020-01,20,physics
2020-02,19,physics
2020-03,21,physics
2020-04,20,physics
2020-05,21,physics
2020-06,39,physics
2020-07,33,physics
2020-08,31,physics
2020-09,21,physics
2020-10,25,physics
2020-11,20,physics
2020-12,21,physics
2021-01,15,physics
2021-02,14,physics
2021-03,11,physics
2021-04,17,physics
2021-05,15,physics
2021-06,22,physics
2021-07,16,physics
2021-08,26,physics
2021-09,19,physics
2021-10,17,physics
2021-11,14,physics
2021-12,12,physics
2022-01,20,physics
2022-02,13,physics
2022-03,27,physics
2022-04,12,physics
2022-05,8,physics
2022-06,24,physics
2022-07,10,physics
2022-08,10,physics
2022-09,15,physics
2022-10,15,physics
2022-11,17,physics
2022-12,15,physics
2023-01,23,physics
2023-02,18,physics
2023-03,27,physics
2023-04,21,physics
2023-05,17,physics
2023-06,27,physics
2023-07,16,physics
2023-08,22,physics
2023-09,26,physics
2023-10,23,physics
2023-11,25,physics
2023-12,12,physics
2024-01,21,physics
2024-02,20,physics
2024-03,22,physics
2009-01,29,physics
2009-02,28,physics
2009-03,17,physics
2009-04,40,physics
2009-05,29,physics
2009-06,40,physics
2009-07,23,physics
2009-08,20,physics
2009-09,36,physics
2009-10,73,physics
2009-11,38,physics
2009-12,36,physics
2010-01,24,physics
2010-02,34,physics
2010-03,33,physics
2010-04,22,physics
2010-05,30,physics
2010-06,27,physics
2010-07,34,physics
2010-08,36,physics
2010-09,56,physics
2010-10,118,physics
2010-11,37,physics
2010-12,27,physics
2011-01,40,physics
2011-02,31,physics
2011-03,29,physics
2011-04,28,physics
2011-05,17,physics
2011-06,30,physics
2011-07,24,physics
2011-08,32,physics
2011-09,53,physics
2011-10,92,physics
2011-11,43,physics
2011-12,30,physics
2012-01,32,physics
2012-02,45,physics
2012-03,40,physics
2012-04,51,physics
2012-05,41,physics
2012-06,44,physics
2012-07,33,physics
2012-08,47,physics
2012-09,41,physics
2012-10,104,physics
2012-11,43,physics
2012-12,54,physics
2013-01,44,physics
2013-02,38,physics
2013-03,44,physics
2013-04,47,physics
2013-05,44,physics
2013-06,44,physics
2013-07,59,physics
2013-08,44,physics
2013-09,84,physics
2013-10,124,physics
2013-11,52,physics
2013-12,41,physics
2014-01,62,physics
2014-02,74,physics
2014-03,68,physics
2014-04,53,physics
2014-05,61,physics
2014-06,63,physics
2014-07,67,physics
2014-08,51,physics
2014-09,57,physics
2014-10,82,physics
2014-11,63,physics
2014-12,67,physics
2015-01,70,physics
2015-02,61,physics
2015-03,55,physics
2015-04,54,physics
2015-05,50,physics
2015-06,65,physics
2015-07,62,physics
2015-08,66,physics
2015-09,75,physics
2015-10,67,physics
2015-11,90,physics
2015-12,85,physics
2016-01,96,physics
2016-02,81,physics
2016-03,68,physics
2016-04,87,physics
2016-05,98,physics
2016-06,66,physics
2016-07,72,physics
2016-08,81,physics
2016-09,90,physics
2016-10,88,physics
2016-11,87,physics
2016-12,73,physics
2017-01,85,physics
2017-02,85,physics
2017-03,96,physics
2017-04,86,physics
2017-05,101,physics
2017-06,93,physics
2017-07,78,physics
2017-08,103,physics
2017-09,85,physics
2017-10,91,physics
2017-11,121,physics
2017-12,114,physics
2018-01,115,physics
2018-02,110,physics
2018-03,93,physics
2018-04,110,physics
2018-05,112,physics
2018-06,111,physics
2018-07,97,physics
2018-08,101,physics
2018-09,106,physics
2018-10,111,physics
2018-11,109,physics
2018-12,111,physics
2019-01,86,physics
2019-02,112,physics
2019-03,95,physics
2019-04,88,physics
2019-05,88,physics
2019-06,98,physics
2019-07,94,physics
2019-08,93,physics
2019-09,119,physics
2019-10,101,physics
2019-11,113,physics
2019-12,131,physics
2020-01,107,physics
2020-02,104,physics
2020-03,107,physics
2020-04,147,physics
2020-05,149,physics
2020-06,159,physics
2020-07,160,physics
2020-08,127,physics
2020-09,138,physics
2020-10,145,physics
2020-11,154,physics
2020-12,153,physics
2021-01,148,physics
2021-02,162,physics
2021-03,216,physics
2021-04,141,physics
2021-05,146,physics
2021-06,179,physics
2021-07,145,physics
2021-08,150,physics
2021-09,131,physics
2021-10,142,physics
2021-11,149,physics
2021-12,158,physics
2022-01,155,physics
2022-02,162,physics
2022-03,151,physics
2022-04,119,physics
2022-05,149,physics
2022-06,138,physics
2022-07,174,physics
2022-08,165,physics
2022-09,132,physics
2022-10,161,physics
2022-11,173,physics
2022-12,156,physics
2023-01,209,physics
2023-02,164,physics
2023-03,171,physics
2023-04,169,physics
2023-05,178,physics
2023-06,183,physics
2023-07,177,physics
2023-08,181,physics
2023-09,157,physics
2023-10,232,physics
2023-11,233,physics
2023-12,184,physics
2024-01,160,physics
2024-02,162,physics
2024-03,178,physics
2009-01,50,physics
2009-02,33,physics
2009-03,32,physics
2009-04,43,physics
2009-05,33,physics
2009-06,40,physics
2009-07,40,physics
2009-08,39,physics
2009-09,25,physics
2009-10,43,physics
2009-11,46,physics
2009-12,61,physics
2010-01,47,physics
2010-02,42,physics
2010-03,53,physics
2010-04,46,physics
2010-05,38,physics
2010-06,47,physics
2010-07,42,physics
2010-08,43,physics
2010-09,46,physics
2010-10,52,physics
2010-11,45,physics
2010-12,44,physics
2011-01,50,physics
2011-02,56,physics
2011-03,47,physics
2011-04,37,physics
2011-05,55,physics
2011-06,48,physics
2011-07,43,physics
2011-08,37,physics
2011-09,49,physics
2011-10,64,physics
2011-11,66,physics
2011-12,30,physics
2012-01,60,physics
2012-02,33,physics
2012-03,33,physics
2012-04,50,physics
2012-05,50,physics
2012-06,55,physics
2012-07,36,physics
2012-08,28,physics
2012-09,47,physics
2012-10,42,physics
2012-11,47,physics
2012-12,60,physics
2013-01,38,physics
2013-02,43,physics
2013-03,47,physics
2013-04,39,physics
2013-05,38,physics
2013-06,39,physics
2013-07,48,physics
2013-08,25,physics
2013-09,19,physics
2013-10,23,physics
2013-11,12,physics
2013-12,27,physics
2014-01,37,physics
2014-02,24,physics
2014-03,31,physics
2014-04,16,physics
2014-05,42,physics
2014-06,17,physics
2014-07,25,physics
2014-08,19,physics
2014-09,27,physics
2014-10,24,physics
2014-11,19,physics
2014-12,26,physics
2015-01,21,physics
2015-02,32,physics
2015-03,36,physics
2015-04,31,physics
2015-05,16,physics
2015-06,24,physics
2015-07,29,physics
2015-08,22,physics
2015-09,25,physics
2015-10,21,physics
2015-11,33,physics
2015-12,26,physics
2016-01,33,physics
2016-02,34,physics
2016-03,33,physics
2016-04,47,physics
2016-05,42,physics
2016-06,39,physics
2016-07,24,physics
2016-08,40,physics
2016-09,38,physics
2016-10,43,physics
2016-11,43,physics
2016-12,40,physics
2017-01,44,physics
2017-02,34,physics
2017-03,48,physics
2017-04,36,physics
2017-05,54,physics
2017-06,38,physics
2017-07,18,physics
2017-08,34,physics
2017-09,40,physics
2017-10,32,physics
2017-11,42,physics
2017-12,32,physics
2018-01,37,physics
2018-02,36,physics
2018-03,31,physics
2018-04,34,physics
2018-05,45,physics
2018-06,26,physics
2018-07,42,physics
2018-08,27,physics
2018-09,33,physics
2018-10,39,physics
2018-11,16,physics
2018-12,31,physics
2019-01,42,physics
2019-02,31,physics
2019-03,10,physics
2019-04,49,physics
2019-05,44,physics
2019-06,21,physics
2019-07,34,physics
2019-08,20,physics
2019-09,45,physics
2019-10,43,physics
2019-11,43,physics
2019-12,16,physics
2020-01,23,physics
2020-02,32,physics
2020-03,41,physics
2020-04,25,physics
2020-05,25,physics
2020-06,17,physics
2020-07,16,physics
2020-08,23,physics
2020-09,30,physics
2020-10,26,physics
2020-11,18,physics
2020-12,22,physics
2021-01,1,physics
2021-02,2,physics
2021-03,7,physics
2021-04,46,physics
2021-05,18,physics
2021-06,55,physics
2021-07,3,physics
2021-08,72,physics
2021-09,17,physics
2021-10,37,physics
2021-11,16,physics
2021-12,11,physics
2022-01,15,physics
2022-02,20,physics
2022-03,31,physics
2022-04,17,physics
2022-05,35,physics
2022-06,18,physics
2022-07,2,physics
2022-08,10,physics
2022-09,57,physics
2022-10,18,physics
2022-11,23,physics
2022-12,19,physics
2023-01,15,physics
2023-02,31,physics
2023-03,21,physics
2023-04,18,physics
2023-05,23,physics
2023-06,19,physics
2023-07,17,physics
2023-08,35,physics
2023-09,13,physics
2023-10,20,physics
2023-11,12,physics
2023-12,28,physics
2024-01,24,physics
2024-02,23,physics
2024-03,18,physics
2009-01,7,physics
2009-02,7,physics
2009-03,12,physics
2009-04,3,physics
2009-05,12,physics
2009-06,7,physics
2009-07,4,physics
2009-08,12,physics
2009-09,12,physics
2009-10,7,physics
2009-11,5,physics
2009-12,7,physics
2010-01,5,physics
2010-02,9,physics
2010-03,18,physics
2010-04,5,physics
2010-05,9,physics
2010-06,7,physics
2010-07,8,physics
2010-08,7,physics
2010-09,9,physics
2010-10,7,physics
2010-11,14,physics
2010-12,11,physics
2011-01,8,physics
2011-02,14,physics
2011-03,9,physics
2011-04,14,physics
2011-05,10,physics
2011-06,13,physics
2011-07,9,physics
2011-08,12,physics
2011-09,13,physics
2011-10,6,physics
2011-11,8,physics
2011-12,10,physics
2012-01,8,physics
2012-02,13,physics
2012-03,10,physics
2012-04,8,physics
2012-05,11,physics
2012-06,7,physics
2012-07,11,physics
2012-08,10,physics
2012-09,8,physics
2012-10,12,physics
2012-11,12,physics
2012-12,18,physics
2013-01,14,physics
2013-02,12,physics
2013-03,7,physics
2013-04,9,physics
2013-05,11,physics
2013-06,16,physics
2013-07,12,physics
2013-08,13,physics
2013-09,8,physics
2013-10,8,physics
2013-11,6,physics
2013-12,7,physics
2014-01,10,physics
2014-02,7,physics
2014-03,10,physics
2014-04,12,physics
2014-05,17,physics
2014-06,11,physics
2014-07,11,physics
2014-08,6,physics
2014-09,10,physics
2014-10,15,physics
2014-11,7,physics
2014-12,15,physics
2015-01,12,physics
2015-02,13,physics
2015-03,8,physics
2015-04,4,physics
2015-05,6,physics
2015-06,15,physics
2015-07,10,physics
2015-08,6,physics
2015-09,7,physics
2015-10,7,physics
2015-11,10,physics
2015-12,10,physics
2016-01,13,physics
2016-02,15,physics
2016-03,8,physics
2016-04,11,physics
2016-05,14,physics
2016-06,9,physics
2016-07,15,physics
2016-08,19,physics
2016-09,25,physics
2016-10,19,physics
2016-11,22,physics
2016-12,14,physics
2017-01,29,physics
2017-02,17,physics
2017-03,15,physics
2017-04,24,physics
2017-05,13,physics
2017-06,24,physics
2017-07,17,physics
2017-08,11,physics
2017-09,14,physics
2017-10,20,physics
2017-11,16,physics
2017-12,23,physics
2018-01,11,physics
2018-02,22,physics
2018-03,16,physics
2018-04,21,physics
2018-05,20,physics
2018-06,28,physics
2018-07,13,physics
2018-08,21,physics
2018-09,8,physics
2018-10,30,physics
2018-11,14,physics
2018-12,33,physics
2019-01,39,physics
2019-02,24,physics
2019-03,19,physics
2019-04,26,physics
2019-05,24,physics
2019-06,20,physics
2019-07,27,physics
2019-08,23,physics
2019-09,30,physics
2019-10,19,physics
2019-11,24,physics
2019-12,27,physics
2020-01,21,physics
2020-02,16,physics
2020-03,42,physics
2020-04,25,physics
2020-05,29,physics
2020-06,29,physics
2020-07,19,physics
2020-08,21,physics
2020-09,26,physics
2020-10,27,physics
2020-11,31,physics
2020-12,27,physics
2021-01,34,physics
2021-02,15,physics
2021-03,25,physics
2021-04,41,physics
2021-05,28,physics
2021-06,29,physics
2021-07,25,physics
2021-08,25,physics
2021-09,26,physics
2021-10,25,physics
2021-11,34,physics
2021-12,21,physics
2022-01,28,physics
2022-02,22,physics
2022-03,25,physics
2022-04,31,physics
2022-05,30,physics
2022-06,26,physics
2022-07,22,physics
2022-08,26,physics
2022-09,29,physics
2022-10,26,physics
2022-11,25,physics
2022-12,37,physics
2023-01,36,physics
2023-02,40,physics
2023-03,25,physics
2023-04,41,physics
2023-05,40,physics
2023-06,21,physics
2023-07,37,physics
2023-08,21,physics
2023-09,32,physics
2023-10,42,physics
2023-11,33,physics
2023-12,25,physics
2024-01,30,physics
2024-02,34,physics
2024-03,37,physics
2009-01,2,physics
2009-02,1,physics
2009-03,11,physics
2009-04,6,physics
2009-05,10,physics
2009-06,7,physics
2009-07,5,physics
2009-08,2,physics
2009-09,1,physics
2009-10,8,physics
2009-11,7,physics
2009-12,4,physics
2010-01,8,physics
2010-02,4,physics
2010-03,5,physics
2010-04,4,physics
2010-05,7,physics
2010-06,6,physics
2010-07,5,physics
2010-08,4,physics
2010-09,6,physics
2010-10,5,physics
2010-11,10,physics
2010-12,8,physics
2011-01,11,physics
2011-02,8,physics
2011-03,14,physics
2011-04,12,physics
2011-05,7,physics
2011-06,18,physics
2011-07,9,physics
2011-08,4,physics
2011-09,19,physics
2011-10,14,physics
2011-11,14,physics
2011-12,20,physics
2012-01,8,physics
2012-02,14,physics
2012-03,11,physics
2012-04,16,physics
2012-05,22,physics
2012-06,10,physics
2012-07,16,physics
2012-08,17,physics
2012-09,15,physics
2012-10,16,physics
2012-11,27,physics
2012-12,15,physics
2013-01,21,physics
2013-02,13,physics
2013-03,14,physics
2013-04,15,physics
2013-05,15,physics
2013-06,22,physics
2013-07,16,physics
2013-08,11,physics
2013-09,25,physics
2013-10,16,physics
2013-11,16,physics
2013-12,13,physics
2014-01,13,physics
2014-02,18,physics
2014-03,18,physics
2014-04,13,physics
2014-05,20,physics
2014-06,24,physics
2014-07,18,physics
2014-08,14,physics
2014-09,14,physics
2014-10,13,physics
2014-11,16,physics
2014-12,23,physics
2015-01,19,physics
2015-02,19,physics
2015-03,21,physics
2015-04,14,physics
2015-05,12,physics
2015-06,22,physics
2015-07,5,physics
2015-08,17,physics
2015-09,16,physics
2015-10,14,physics
2015-11,11,physics
2015-12,21,physics
2016-01,5,physics
2016-02,11,physics
2016-03,8,physics
2016-04,30,physics
2016-05,10,physics
2016-06,18,physics
2016-07,13,physics
2016-08,14,physics
2016-09,17,physics
2016-10,15,physics
2016-11,8,physics
2016-12,19,physics
2017-01,12,physics
2017-02,14,physics
2017-03,11,physics
2017-04,13,physics
2017-05,11,physics
2017-06,12,physics
2017-07,16,physics
2017-08,12,physics
2017-09,14,physics
2017-10,14,physics
2017-11,13,physics
2017-12,24,physics
2018-01,26,physics
2018-02,16,physics
2018-03,20,physics
2018-04,21,physics
2018-05,16,physics
2018-06,10,physics
2018-07,13,physics
2018-08,13,physics
2018-09,18,physics
2018-10,21,physics
2018-11,12,physics
2018-12,18,physics
2019-01,13,physics
2019-02,14,physics
2019-03,13,physics
2019-04,13,physics
2019-05,11,physics
2019-06,18,physics
2019-07,22,physics
2019-08,12,physics
2019-09,21,physics
2019-10,20,physics
2019-11,9,physics
2019-12,20,physics
2020-01,26,physics
2020-02,15,physics
2020-03,17,physics
2020-04,21,physics
2020-05,20,physics
2020-06,27,physics
2020-07,25,physics
2020-08,19,physics
2020-09,22,physics
2020-10,16,physics
2020-11,21,physics
2020-12,18,physics
2021-01,15,physics
2021-02,9,physics
2021-03,43,physics
2021-04,18,physics
2021-05,13,physics
2021-06,10,physics
2021-07,14,physics
2021-08,11,physics
2021-09,12,physics
2021-10,26,physics
2021-11,13,physics
2021-12,16,physics
2022-01,18,physics
2022-02,13,physics
2022-03,21,physics
2022-04,20,physics
2022-05,18,physics
2022-06,15,physics
2022-07,5,physics
2022-08,17,physics
2022-09,12,physics
2022-10,13,physics
2022-11,16,physics
2022-12,14,physics
2023-01,16,physics
2023-02,19,physics
2023-03,18,physics
2023-04,15,physics
2023-05,13,physics
2023-06,9,physics
2023-07,24,physics
2023-08,17,physics
2023-09,22,physics
2023-10,15,physics
2023-11,19,physics
2023-12,8,physics
2024-01,15,physics
2024-02,16,physics
2024-03,28,physics
2009-01,41,physics
2009-02,32,physics
2009-03,14,physics
2009-04,19,physics
2009-05,21,physics
2009-06,24,physics
2009-07,20,physics
2009-08,17,physics
2009-09,30,physics
2009-10,39,physics
2009-11,54,physics
2009-12,16,physics
2010-01,38,physics
2010-02,18,physics
2010-03,22,physics
2010-04,26,physics
2010-05,25,physics
2010-06,43,physics
2010-07,36,physics
2010-08,31,physics
2010-09,24,physics
2010-10,24,physics
2010-11,33,physics
2010-12,25,physics
2011-01,22,physics
2011-02,24,physics
2011-03,28,physics
2011-04,23,physics
2011-05,43,physics
2011-06,30,physics
2011-07,26,physics
2011-08,19,physics
2011-09,51,physics
2011-10,49,physics
2011-11,42,physics
2011-12,32,physics
2012-01,49,physics
2012-02,42,physics
2012-03,43,physics
2012-04,30,physics
2012-05,27,physics
2012-06,31,physics
2012-07,34,physics
2012-08,23,physics
2012-09,32,physics
2012-10,53,physics
2012-11,48,physics
2012-12,29,physics
2013-01,34,physics
2013-02,41,physics
2013-03,41,physics
2013-04,66,physics
2013-05,61,physics
2013-06,54,physics
2013-07,81,physics
2013-08,47,physics
2013-09,77,physics
2013-10,82,physics
2013-11,65,physics
2013-12,54,physics
2014-01,51,physics
2014-02,55,physics
2014-03,62,physics
2014-04,51,physics
2014-05,57,physics
2014-06,81,physics
2014-07,59,physics
2014-08,59,physics
2014-09,69,physics
2014-10,84,physics
2014-11,68,physics
2014-12,67,physics
2015-01,62,physics
2015-02,61,physics
2015-03,62,physics
2015-04,66,physics
2015-05,60,physics
2015-06,86,physics
2015-07,67,physics
2015-08,71,physics
2015-09,92,physics
2015-10,90,physics
2015-11,110,physics
2015-12,98,physics
2016-01,84,physics
2016-02,67,physics
2016-03,90,physics
2016-04,91,physics
2016-05,89,physics
2016-06,87,physics
2016-07,56,physics
2016-08,88,physics
2016-09,82,physics
2016-10,86,physics
2016-11,116,physics
2016-12,96,physics
2017-01,77,physics
2017-02,97,physics
2017-03,104,physics
2017-04,62,physics
2017-05,92,physics
2017-06,79,physics
2017-07,86,physics
2017-08,73,physics
2017-09,86,physics
2017-10,131,physics
2017-11,90,physics
2017-12,72,physics
2018-01,79,physics
2018-02,69,physics
2018-03,87,physics
2018-04,87,physics
2018-05,81,physics
2018-06,196,physics
2018-07,100,physics
2018-08,78,physics
2018-09,83,physics
2018-10,81,physics
2018-11,78,physics
2018-12,97,physics
2019-01,87,physics
2019-02,64,physics
2019-03,92,physics
2019-04,91,physics
2019-05,73,physics
2019-06,72,physics
2019-07,75,physics
2019-08,80,physics
2019-09,95,physics
2019-10,125,physics
2019-11,98,physics
2019-12,95,physics
2020-01,73,physics
2020-02,114,physics
2020-03,116,physics
2020-04,114,physics
2020-05,126,physics
2020-06,113,physics
2020-07,90,physics
2020-08,65,physics
2020-09,89,physics
2020-10,106,physics
2020-11,89,physics
2020-12,83,physics
2021-01,74,physics
2021-02,74,physics
2021-03,92,physics
2021-04,72,physics
2021-05,91,physics
2021-06,82,physics
2021-07,96,physics
2021-08,59,physics
2021-09,84,physics
2021-10,86,physics
2021-11,109,physics
2021-12,133,physics
2022-01,89,physics
2022-02,110,physics
2022-03,136,physics
2022-04,71,physics
2022-05,86,physics
2022-06,74,physics
2022-07,60,physics
2022-08,68,physics
2022-09,105,physics
2022-10,91,physics
2022-11,90,physics
2022-12,93,physics
2023-01,80,physics
2023-02,77,physics
2023-03,86,physics
2023-04,61,physics
2023-05,65,physics
2023-06,57,physics
2023-07,63,physics
2023-08,60,physics
2023-09,70,physics
2023-10,77,physics
2023-11,88,physics
2023-12,58,physics
2024-01,81,physics
2024-02,91,physics
2024-03,73,physics
2009-01,1,physics
2009-02,5,physics
2009-03,5,physics
2009-04,9,physics
2009-05,4,physics
2009-06,2,physics
2009-07,6,physics
2009-08,4,physics
2009-09,5,physics
2009-10,3,physics
2009-11,15,physics
2009-12,3,physics
2010-01,4,physics
2010-02,4,physics
2010-03,7,physics
2010-04,3,physics
2010-05,8,physics
2010-06,8,physics
2010-07,3,physics
2010-08,5,physics
2010-09,11,physics
2010-10,3,physics
2010-11,3,physics
2010-12,4,physics
2011-01,3,physics
2011-02,8,physics
2011-03,5,physics
2011-04,4,physics
2011-05,5,physics
2011-06,8,physics
2011-07,8,physics
2011-08,3,physics
2011-09,8,physics
2011-10,4,physics
2011-11,5,physics
2011-12,8,physics
2012-01,5,physics
2012-02,4,physics
2012-03,7,physics
2012-04,11,physics
2012-05,4,physics
2012-06,2,physics
2012-07,6,physics
2012-08,9,physics
2012-09,4,physics
2012-10,9,physics
2012-11,4,physics
2012-12,15,physics
2013-01,3,physics
2013-02,8,physics
2013-03,11,physics
2013-04,9,physics
2013-05,10,physics
2013-06,10,physics
2013-07,15,physics
2013-08,4,physics
2013-09,7,physics
2013-10,15,physics
2013-11,11,physics
2013-12,5,physics
2014-01,8,physics
2014-02,10,physics
2014-03,10,physics
2014-04,6,physics
2014-05,10,physics
2014-06,11,physics
2014-07,9,physics
2014-08,14,physics
2014-09,13,physics
2014-10,17,physics
2014-11,5,physics
2014-12,10,physics
2015-01,13,physics
2015-02,9,physics
2015-03,42,physics
2015-04,9,physics
2015-05,7,physics
2015-06,15,physics
2015-07,9,physics
2015-08,13,physics
2015-09,9,physics
2015-10,15,physics
2015-11,12,physics
2015-12,9,physics
2016-01,14,physics
2016-02,14,physics
2016-03,12,physics
2016-04,14,physics
2016-05,10,physics
2016-06,10,physics
2016-07,14,physics
2016-08,25,physics
2016-09,22,physics
2016-10,23,physics
2016-11,17,physics
2016-12,12,physics
2017-01,15,physics
2017-02,13,physics
2017-03,27,physics
2017-04,13,physics
2017-05,13,physics
2017-06,26,physics
2017-07,14,physics
2017-08,23,physics
2017-09,23,physics
2017-10,28,physics
2017-11,18,physics
2017-12,19,physics
2018-01,20,physics
2018-02,27,physics
2018-03,30,physics
2018-04,31,physics
2018-05,25,physics
2018-06,33,physics
2018-07,23,physics
2018-08,23,physics
2018-09,39,physics
2018-10,26,physics
2018-11,41,physics
2018-12,33,physics
2019-01,34,physics
2019-02,39,physics
2019-03,47,physics
2019-04,27,physics
2019-05,30,physics
2019-06,33,physics
2019-07,32,physics
2019-08,38,physics
2019-09,33,physics
2019-10,50,physics
2019-11,30,physics
2019-12,32,physics
2020-01,41,physics
2020-02,29,physics
2020-03,49,physics
2020-04,37,physics
2020-05,49,physics
2020-06,44,physics
2020-07,49,physics
2020-08,41,physics
2020-09,49,physics
2020-10,49,physics
2020-11,48,physics
2020-12,47,physics
2021-01,54,physics
2021-02,53,physics
2021-03,43,physics
2021-04,38,physics
2021-05,41,physics
2021-06,40,physics
2021-07,43,physics
2021-08,47,physics
2021-09,44,physics
2021-10,35,physics
2021-11,52,physics
2021-12,42,physics
2022-01,36,physics
2022-02,42,physics
2022-03,44,physics
2022-04,44,physics
2022-05,46,physics
2022-06,31,physics
2022-07,29,physics
2022-08,37,physics
2022-09,40,physics
2022-10,49,physics
2022-11,47,physics
2022-12,43,physics
2023-01,38,physics
2023-02,29,physics
2023-03,43,physics
2023-04,49,physics
2023-05,51,physics
2023-06,53,physics
2023-07,36,physics
2023-08,49,physics
2023-09,53,physics
2023-10,53,physics
2023-11,49,physics
2023-12,52,physics
2024-01,46,physics
2024-02,43,physics
2024-03,62,physics
2009-01,51,physics
2009-02,51,physics
2009-03,64,physics
2009-04,53,physics
2009-05,51,physics
2009-06,67,physics
2009-07,68,physics
2009-08,58,physics
2009-09,57,physics
2009-10,67,physics
2009-11,47,physics
2009-12,71,physics
2010-01,69,physics
2010-02,65,physics
2010-03,79,physics
2010-04,70,physics
2010-05,62,physics
2010-06,78,physics
2010-07,70,physics
2010-08,58,physics
2010-09,67,physics
2010-10,58,physics
2010-11,87,physics
2010-12,67,physics
2011-01,61,physics
2011-02,85,physics
2011-03,59,physics
2011-04,70,physics
2011-05,79,physics
2011-06,59,physics
2011-07,74,physics
2011-08,89,physics
2011-09,81,physics
2011-10,91,physics
2011-11,98,physics
2011-12,70,physics
2012-01,84,physics
2012-02,83,physics
2012-03,87,physics
2012-04,85,physics
2012-05,89,physics
2012-06,85,physics
2012-07,97,physics
2012-08,103,physics
2012-09,100,physics
2012-10,111,physics
2012-11,108,physics
2012-12,79,physics
2013-01,120,physics
2013-02,105,physics
2013-03,112,physics
2013-04,114,physics
2013-05,126,physics
2013-06,84,physics
2013-07,106,physics
2013-08,113,physics
2013-09,114,physics
2013-10,118,physics
2013-11,123,physics
2013-12,88,physics
2014-01,154,physics
2014-02,123,physics
2014-03,123,physics
2014-04,110,physics
2014-05,160,physics
2014-06,110,physics
2014-07,135,physics
2014-08,98,physics
2014-09,124,physics
2014-10,141,physics
2014-11,128,physics
2014-12,147,physics
2015-01,119,physics
2015-02,159,physics
2015-03,135,physics
2015-04,125,physics
2015-05,151,physics
2015-06,158,physics
2015-07,146,physics
2015-08,141,physics
2015-09,157,physics
2015-10,162,physics
2015-11,133,physics
2015-12,135,physics
2016-01,128,physics
2016-02,132,physics
2016-03,138,physics
2016-04,145,physics
2016-05,158,physics
2016-06,145,physics
2016-07,137,physics
2016-08,124,physics
2016-09,155,physics
2016-10,157,physics
2016-11,138,physics
2016-12,125,physics
2017-01,117,physics
2017-02,103,physics
2017-03,148,physics
2017-04,107,physics
2017-05,151,physics
2017-06,128,physics
2017-07,152,physics
2017-08,113,physics
2017-09,130,physics
2017-10,169,physics
2017-11,152,physics
2017-12,147,physics
2018-01,124,physics
2018-02,143,physics
2018-03,114,physics
2018-04,113,physics
2018-05,160,physics
2018-06,131,physics
2018-07,137,physics
2018-08,127,physics
2018-09,118,physics
2018-10,181,physics
2018-11,179,physics
2018-12,149,physics
2019-01,132,physics
2019-02,146,physics
2019-03,171,physics
2019-04,168,physics
2019-05,187,physics
2019-06,143,physics
2019-07,156,physics
2019-08,130,physics
2019-09,182,physics
2019-10,182,physics
2019-11,161,physics
2019-12,170,physics
2020-01,173,physics
2020-02,159,physics
2020-03,181,physics
2020-04,191,physics
2020-05,189,physics
2020-06,181,physics
2020-07,182,physics
2020-08,183,physics
2020-09,167,physics
2020-10,191,physics
2020-11,170,physics
2020-12,215,physics
2021-01,187,physics
2021-02,192,physics
2021-03,233,physics
2021-04,220,physics
2021-05,209,physics
2021-06,202,physics
2021-07,189,physics
2021-08,202,physics
2021-09,199,physics
2021-10,171,physics
2021-11,194,physics
2021-12,202,physics
2022-01,190,physics
2022-02,179,physics
2022-03,240,physics
2022-04,179,physics
2022-05,192,physics
2022-06,215,physics
2022-07,186,physics
2022-08,240,physics
2022-09,192,physics
2022-10,201,physics
2022-11,215,physics
2022-12,199,physics
2023-01,203,physics
2023-02,154,physics
2023-03,197,physics
2023-04,176,physics
2023-05,255,physics
2023-06,242,physics
2023-07,206,physics
2023-08,209,physics
2023-09,200,physics
2023-10,284,physics
2023-11,245,physics
2023-12,183,physics
2024-01,225,physics
2024-02,242,physics
2024-03,244,physics
2009-01,37,physics
2009-02,36,physics
2009-03,16,physics
2009-04,25,physics
2009-05,15,physics
2009-06,36,physics
2009-07,21,physics
2009-08,9,physics
2009-09,23,physics
2009-10,21,physics
2009-11,27,physics
2009-12,22,physics
2010-01,19,physics
2010-02,17,physics
2010-03,33,physics
2010-04,16,physics
2010-05,30,physics
2010-06,23,physics
2010-07,29,physics
2010-08,34,physics
2010-09,32,physics
2010-10,28,physics
2010-11,25,physics
2010-12,17,physics
2011-01,28,physics
2011-02,25,physics
2011-03,33,physics
2011-04,44,physics
2011-05,27,physics
2011-06,29,physics
2011-07,27,physics
2011-08,31,physics
2011-09,32,physics
2011-10,23,physics
2011-11,29,physics
2011-12,33,physics
2012-01,28,physics
2012-02,31,physics
2012-03,28,physics
2012-04,25,physics
2012-05,44,physics
2012-06,35,physics
2012-07,22,physics
2012-08,37,physics
2012-09,34,physics
2012-10,44,physics
2012-11,43,physics
2012-12,32,physics
2013-01,50,physics
2013-02,42,physics
2013-03,30,physics
2013-04,42,physics
2013-05,45,physics
2013-06,47,physics
2013-07,40,physics
2013-08,35,physics
2013-09,42,physics
2013-10,59,physics
2013-11,40,physics
2013-12,38,physics
2014-01,40,physics
2014-02,40,physics
2014-03,58,physics
2014-04,46,physics
2014-05,41,physics
2014-06,51,physics
2014-07,51,physics
2014-08,38,physics
2014-09,57,physics
2014-10,51,physics
2014-11,40,physics
2014-12,52,physics
2015-01,41,physics
2015-02,45,physics
2015-03,69,physics
2015-04,43,physics
2015-05,33,physics
2015-06,52,physics
2015-07,45,physics
2015-08,44,physics
2015-09,42,physics
2015-10,61,physics
2015-11,48,physics
2015-12,57,physics
2016-01,44,physics
2016-02,55,physics
2016-03,50,physics
2016-04,71,physics
2016-05,47,physics
2016-06,56,physics
2016-07,53,physics
2016-08,66,physics
2016-09,47,physics
2016-10,70,physics
2016-11,67,physics
2016-12,48,physics
2017-01,51,physics
2017-02,59,physics
2017-03,66,physics
2017-04,58,physics
2017-05,63,physics
2017-06,54,physics
2017-07,53,physics
2017-08,74,physics
2017-09,69,physics
2017-10,73,physics
2017-11,74,physics
2017-12,62,physics
2018-01,65,physics
2018-02,67,physics
2018-03,58,physics
2018-04,59,physics
2018-05,54,physics
2018-06,57,physics
2018-07,56,physics
2018-08,53,physics
2018-09,65,physics
2018-10,69,physics
2018-11,60,physics
2018-12,49,physics
2019-01,64,physics
2019-02,44,physics
2019-03,64,physics
2019-04,67,physics
2019-05,39,physics
2019-06,55,physics
2019-07,64,physics
2019-08,52,physics
2019-09,61,physics
2019-10,62,physics
2019-11,66,physics
2019-12,61,physics
2020-01,51,physics
2020-02,58,physics
2020-03,64,physics
2020-04,58,physics
2020-05,69,physics
2020-06,65,physics
2020-07,73,physics
2020-08,58,physics
2020-09,70,physics
2020-10,74,physics
2020-11,93,physics
2020-12,83,physics
2021-01,59,physics
2021-02,65,physics
2021-03,89,physics
2021-04,101,physics
2021-05,69,physics
2021-06,81,physics
2021-07,68,physics
2021-08,62,physics
2021-09,82,physics
2021-10,66,physics
2021-11,71,physics
2021-12,61,physics
2022-01,72,physics
2022-02,54,physics
2022-03,76,physics
2022-04,66,physics
2022-05,61,physics
2022-06,52,physics
2022-07,53,physics
2022-08,77,physics
2022-09,71,physics
2022-10,62,physics
2022-11,91,physics
2022-12,69,physics
2023-01,69,physics
2023-02,80,physics
2023-03,71,physics
2023-04,73,physics
2023-05,77,physics
2023-06,91,physics
2023-07,60,physics
2023-08,60,physics
2023-09,70,physics
2023-10,89,physics
2023-11,81,physics
2023-12,68,physics
2024-01,79,physics
2024-02,80,physics
2024-03,68,physics
2009-01,3,physics
2009-03,6,physics
2009-04,3,physics
2009-05,8,physics
2009-06,4,physics
2009-07,4,physics
2009-08,2,physics
2009-10,3,physics
2009-11,7,physics
2009-12,3,physics
2010-01,7,physics
2010-02,3,physics
2010-03,4,physics
2010-04,6,physics
2010-05,3,physics
2010-06,5,physics
2010-07,8,physics
2010-08,2,physics
2010-09,3,physics
2010-10,8,physics
2010-11,2,physics
2010-12,5,physics
2011-01,6,physics
2011-02,8,physics
2011-03,7,physics
2011-04,9,physics
2011-05,4,physics
2011-06,5,physics
2011-07,4,physics
2011-08,6,physics
2011-09,7,physics
2011-10,6,physics
2011-11,11,physics
2011-12,5,physics
2012-01,7,physics
2012-02,9,physics
2012-03,11,physics
2012-04,8,physics
2012-05,3,physics
2012-06,5,physics
2012-07,5,physics
2012-08,5,physics
2012-09,7,physics
2012-10,5,physics
2012-11,6,physics
2012-12,2,physics
2013-01,6,physics
2013-02,4,physics
2013-03,6,physics
2013-04,12,physics
2013-05,5,physics
2013-06,5,physics
2013-07,3,physics
2013-08,5,physics
2013-09,5,physics
2013-10,4,physics
2013-11,3,physics
2013-12,3,physics
2014-01,5,physics
2014-02,4,physics
2014-03,1,physics
2014-04,3,physics
2014-05,4,physics
2014-06,6,physics
2014-07,5,physics
2014-08,5,physics
2014-09,2,physics
2014-10,12,physics
2014-11,3,physics
2014-12,3,physics
2015-01,5,physics
2015-02,5,physics
2015-03,9,physics
2015-04,2,physics
2015-05,7,physics
2015-06,11,physics
2015-07,4,physics
2015-08,4,physics
2015-09,4,physics
2015-10,4,physics
2015-11,9,physics
2015-12,4,physics
2016-01,2,physics
2016-02,4,physics
2016-03,6,physics
2016-04,13,physics
2016-05,6,physics
2016-06,9,physics
2016-07,2,physics
2016-08,6,physics
2016-09,4,physics
2016-10,3,physics
2016-11,3,physics
2016-12,7,physics
2017-01,5,physics
2017-02,5,physics
2017-03,12,physics
2017-04,8,physics
2017-05,9,physics
2017-06,5,physics
2017-07,3,physics
2017-08,4,physics
2017-09,7,physics
2017-10,3,physics
2017-11,7,physics
2017-12,5,physics
2018-01,10,physics
2018-02,13,physics
2018-03,14,physics
2018-04,12,physics
2018-05,7,physics
2018-06,17,physics
2018-07,12,physics
2018-08,8,physics
2018-09,4,physics
2018-10,6,physics
2018-11,8,physics
2018-12,2,physics
2019-01,8,physics
2019-02,4,physics
2019-03,14,physics
2019-04,6,physics
2019-05,6,physics
2019-06,6,physics
2019-07,7,physics
2019-08,9,physics
2019-09,7,physics
2019-10,10,physics
2019-11,1,physics
2019-12,8,physics
2020-01,12,physics
2020-02,7,physics
2020-03,12,physics
2020-04,10,physics
2020-05,12,physics
2020-06,9,physics
2020-07,10,physics
2020-08,7,physics
2020-09,15,physics
2020-10,8,physics
2020-11,9,physics
2020-12,5,physics
2021-01,6,physics
2021-02,3,physics
2021-03,14,physics
2021-04,11,physics
2021-05,10,physics
2021-06,8,physics
2021-07,2,physics
2021-08,8,physics
2021-09,4,physics
2021-10,15,physics
2021-11,2,physics
2021-12,3,physics
2022-01,10,physics
2022-02,3,physics
2022-03,11,physics
2022-04,5,physics
2022-05,6,physics
2022-06,4,physics
2022-07,2,physics
2022-08,7,physics
2022-09,4,physics
2022-10,8,physics
2022-11,7,physics
2022-12,3,physics
2023-01,7,physics
2023-02,3,physics
2023-03,4,physics
2023-04,1,physics
2023-05,4,physics
2023-06,6,physics
2023-07,3,physics
2023-08,6,physics
2023-09,11,physics
2023-10,4,physics
2023-11,4,physics
2023-12,2,physics
2024-01,5,physics
2024-02,4,physics
2024-03,7,physics
2009-01,22,physics
2009-02,25,physics
2009-03,31,physics
2009-04,22,physics
2009-05,32,physics
2009-06,25,physics
2009-07,36,physics
2009-08,40,physics
2009-09,30,physics
2009-10,27,physics
2009-11,77,physics
2009-12,26,physics
2010-01,28,physics
2010-02,28,physics
2010-03,38,physics
2010-04,31,physics
2010-05,20,physics
2010-06,32,physics
2010-07,26,physics
2010-08,25,physics
2010-09,15,physics
2010-10,38,physics
2010-11,21,physics
2010-12,30,physics
2011-01,33,physics
2011-02,28,physics
2011-03,43,physics
2011-04,38,physics
2011-05,43,physics
2011-06,37,physics
2011-07,26,physics
2011-08,32,physics
2011-09,40,physics
2011-10,35,physics
2011-11,28,physics
2011-12,45,physics
2012-01,33,physics
2012-02,28,physics
2012-03,36,physics
2012-04,28,physics
2012-05,40,physics
2012-06,51,physics
2012-07,55,physics
2012-08,35,physics
2012-09,47,physics
2012-10,38,physics
2012-11,39,physics
2012-12,44,physics
2013-01,43,physics
2013-02,49,physics
2013-03,45,physics
2013-04,51,physics
2013-05,48,physics
2013-06,55,physics
2013-07,58,physics
2013-08,58,physics
2013-09,60,physics
2013-10,50,physics
2013-11,35,physics
2013-12,38,physics
2014-01,57,physics
2014-02,30,physics
2014-03,57,physics
2014-04,40,physics
2014-05,53,physics
2014-06,45,physics
2014-07,52,physics
2014-08,56,physics
2014-09,50,physics
2014-10,54,physics
2014-11,55,physics
2014-12,53,physics
2015-01,47,physics
2015-02,60,physics
2015-03,74,physics
2015-04,46,physics
2015-05,76,physics
2015-06,61,physics
2015-07,69,physics
2015-08,51,physics
2015-09,74,physics
2015-10,42,physics
2015-11,60,physics
2015-12,70,physics
2016-01,47,physics
2016-02,57,physics
2016-03,51,physics
2016-04,55,physics
2016-05,54,physics
2016-06,80,physics
2016-07,58,physics
2016-08,58,physics
2016-09,63,physics
2016-10,68,physics
2016-11,49,physics
2016-12,48,physics
2017-01,52,physics
2017-02,46,physics
2017-03,54,physics
2017-04,54,physics
2017-05,57,physics
2017-06,66,physics
2017-07,44,physics
2017-08,59,physics
2017-09,63,physics
2017-10,57,physics
2017-11,55,physics
2017-12,54,physics
2018-01,63,physics
2018-02,70,physics
2018-03,69,physics
2018-04,56,physics
2018-05,75,physics
2018-06,61,physics
2018-07,57,physics
2018-08,61,physics
2018-09,64,physics
2018-10,62,physics
2018-11,62,physics
2018-12,60,physics
2019-01,68,physics
2019-02,42,physics
2019-03,55,physics
2019-04,60,physics
2019-05,58,physics
2019-06,54,physics
2019-07,59,physics
2019-08,60,physics
2019-09,69,physics
2019-10,73,physics
2019-11,63,physics
2019-12,60,physics
2020-01,78,physics
2020-02,79,physics
2020-03,103,physics
2020-04,122,physics
2020-05,132,physics
2020-06,129,physics
2020-07,119,physics
2020-08,98,physics
2020-09,91,physics
2020-10,78,physics
2020-11,87,physics
2020-12,71,physics
2021-01,74,physics
2021-02,60,physics
2021-03,89,physics
2021-04,88,physics
2021-05,60,physics
2021-06,79,physics
2021-07,101,physics
2021-08,81,physics
2021-09,87,physics
2021-10,60,physics
2021-11,94,physics
2021-12,73,physics
2022-01,86,physics
2022-02,65,physics
2022-03,66,physics
2022-04,49,physics
2022-05,77,physics
2022-06,70,physics
2022-07,61,physics
2022-08,78,physics
2022-09,67,physics
2022-10,67,physics
2022-11,74,physics
2022-12,75,physics
2023-01,55,physics
2023-02,44,physics
2023-03,86,physics
2023-04,62,physics
2023-05,85,physics
2023-06,82,physics
2023-07,110,physics
2023-08,76,physics
2023-09,57,physics
2023-10,89,physics
2023-11,97,physics
2023-12,68,physics
2024-01,88,physics
2024-02,83,physics
2024-03,100,physics
2009-01,6,physics
2009-02,5,physics
2009-03,5,physics
2009-04,1,physics
2009-05,2,physics
2009-06,5,physics
2009-07,1,physics
2009-08,3,physics
2009-09,2,physics
2009-10,4,physics
2009-11,6,physics
2009-12,2,physics
2010-01,1,physics
2010-02,11,physics
2010-03,5,physics
2010-04,2,physics
2010-05,6,physics
2010-06,6,physics
2010-08,2,physics
2010-09,7,physics
2010-10,10,physics
2010-11,3,physics
2010-12,5,physics
2011-01,5,physics
2011-02,5,physics
2011-03,9,physics
2011-04,6,physics
2011-05,6,physics
2011-06,4,physics
2011-07,1,physics
2011-08,7,physics
2011-09,5,physics
2011-10,5,physics
2011-11,6,physics
2011-12,3,physics
2012-01,8,physics
2012-02,4,physics
2012-03,3,physics
2012-04,4,physics
2012-05,6,physics
2012-06,9,physics
2012-07,7,physics
2012-08,3,physics
2012-09,6,physics
2012-10,4,physics
2012-11,3,physics
2012-12,4,physics
2013-01,8,physics
2013-02,11,physics
2013-03,6,physics
2013-04,8,physics
2013-05,8,physics
2013-06,4,physics
2013-07,7,physics
2013-08,8,physics
2013-09,6,physics
2013-10,5,physics
2013-11,5,physics
2013-12,5,physics
2014-01,5,physics
2014-02,9,physics
2014-03,3,physics
2014-04,10,physics
2014-05,6,physics
2014-06,8,physics
2014-07,1,physics
2014-08,4,physics
2014-09,8,physics
2014-10,10,physics
2014-11,9,physics
2014-12,9,physics
2015-01,2,physics
2015-02,11,physics
2015-03,11,physics
2015-04,11,physics
2015-05,8,physics
2015-06,6,physics
2015-07,9,physics
2015-08,6,physics
2015-09,9,physics
2015-10,6,physics
2015-11,9,physics
2015-12,10,physics
2016-01,7,physics
2016-02,15,physics
2016-03,11,physics
2016-04,9,physics
2016-05,21,physics
2016-06,25,physics
2016-07,15,physics
2016-08,8,physics
2016-09,6,physics
2016-10,18,physics
2016-11,16,physics
2016-12,18,physics
2017-01,19,physics
2017-02,14,physics
2017-03,14,physics
2017-04,12,physics
2017-05,15,physics
2017-06,21,physics
2017-07,11,physics
2017-08,13,physics
2017-09,10,physics
2017-10,14,physics
2017-11,20,physics
2017-12,13,physics
2018-01,16,physics
2018-02,16,physics
2018-03,18,physics
2018-04,14,physics
2018-05,8,physics
2018-06,14,physics
2018-07,20,physics
2018-08,20,physics
2018-09,15,physics
2018-10,13,physics
2018-11,16,physics
2018-12,14,physics
2019-01,23,physics
2019-02,20,physics
2019-03,21,physics
2019-04,18,physics
2019-05,21,physics
2019-06,13,physics
2019-07,17,physics
2019-08,30,physics
2019-09,14,physics
2019-10,18,physics
2019-11,8,physics
2019-12,32,physics
2020-01,16,physics
2020-02,10,physics
2020-03,12,physics
2020-04,20,physics
2020-05,15,physics
2020-06,19,physics
2020-07,13,physics
2020-08,18,physics
2020-09,18,physics
2020-10,16,physics
2020-11,14,physics
2020-12,20,physics
2021-01,12,physics
2021-02,8,physics
2021-03,14,physics
2021-04,11,physics
2021-05,15,physics
2021-06,9,physics
2021-07,17,physics
2021-08,21,physics
2021-09,11,physics
2021-10,10,physics
2021-11,12,physics
2021-12,16,physics
2022-01,18,physics
2022-02,9,physics
2022-03,14,physics
2022-04,9,physics
2022-05,18,physics
2022-06,12,physics
2022-07,10,physics
2022-08,15,physics
2022-09,18,physics
2022-10,17,physics
2022-11,16,physics
2022-12,6,physics
2023-01,10,physics
2023-02,14,physics
2023-03,21,physics
2023-04,9,physics
2023-05,17,physics
2023-06,8,physics
2023-07,17,physics
2023-08,11,physics
2023-09,13,physics
2023-10,9,physics
2023-11,9,physics
2023-12,13,physics
2024-01,10,physics
2024-02,17,physics
2024-03,15,physics
2009-01,241,physics
2009-02,253,physics
2009-03,295,physics
2009-04,254,physics
2009-05,251,physics
2009-06,305,physics
2009-07,290,physics
2009-08,250,physics
2009-09,298,physics
2009-10,299,physics
2009-11,279,physics
2009-12,276,physics
2010-01,216,physics
2010-02,247,physics
2010-03,320,physics
2010-04,268,physics
2010-05,273,physics
2010-06,293,physics
2010-07,290,physics
2010-08,266,physics
2010-09,284,physics
2010-10,295,physics
2010-11,293,physics
2010-12,276,physics
2011-01,299,physics
2011-02,268,physics
2011-03,304,physics
2011-04,270,physics
2011-05,325,physics
2011-06,287,physics
2011-07,289,physics
2011-08,304,physics
2011-09,293,physics
2011-10,295,physics
2011-11,315,physics
2011-12,308,physics
2012-01,265,physics
2012-02,281,physics
2012-03,291,physics
2012-04,339,physics
2012-05,340,physics
2012-06,315,physics
2012-07,341,physics
2012-08,307,physics
2012-09,279,physics
2012-10,375,physics
2012-11,294,physics
2012-12,296,physics
2013-01,304,physics
2013-02,300,physics
2013-03,306,physics
2013-04,363,physics
2013-05,347,physics
2013-06,338,physics
2013-07,353,physics
2013-08,310,physics
2013-09,358,physics
2013-10,392,physics
2013-11,310,physics
2013-12,340,physics
2014-01,352,physics
2014-02,337,physics
2014-03,366,physics
2014-04,369,physics
2014-05,335,physics
2014-06,337,physics
2014-07,366,physics
2014-08,317,physics
2014-09,429,physics
2014-10,398,physics
2014-11,337,physics
2014-12,389,physics
2015-01,337,physics
2015-02,380,physics
2015-03,392,physics
2015-04,390,physics
2015-05,349,physics
2015-06,394,physics
2015-07,364,physics
2015-08,339,physics
2015-09,401,physics
2015-10,403,physics
2015-11,363,physics
2015-12,409,physics
2016-01,362,physics
2016-02,355,physics
2016-03,413,physics
2016-04,366,physics
2016-05,432,physics
2016-06,375,physics
2016-07,378,physics
2016-08,368,physics
2016-09,462,physics
2016-10,401,physics
2016-11,371,physics
2016-12,416,physics
2017-01,382,physics
2017-02,373,physics
2017-03,460,physics
2017-04,376,physics
2017-05,419,physics
2017-06,416,physics
2017-07,427,physics
2017-08,407,physics
2017-09,394,physics
2017-10,461,physics
2017-11,440,physics
2017-12,420,physics
2018-01,406,physics
2018-02,351,physics
2018-03,461,physics
2018-04,410,physics
2018-05,451,physics
2018-06,456,physics
2018-07,467,physics
2018-08,403,physics
2018-09,396,physics
2018-10,476,physics
2018-11,473,physics
2018-12,434,physics
2019-01,383,physics
2019-02,441,physics
2019-03,442,physics
2019-04,457,physics
2019-05,517,physics
2019-06,420,physics
2019-07,507,physics
2019-08,407,physics
2019-09,486,physics
2019-10,495,physics
2019-11,477,physics
2019-12,502,physics
2020-01,415,physics
2020-02,423,physics
2020-03,524,physics
2020-04,528,physics
2020-05,495,physics
2020-06,574,physics
2020-07,532,physics
2020-08,490,physics
2020-09,544,physics
2020-10,538,physics
2020-11,605,physics
2020-12,614,physics
2021-01,451,physics
2021-02,515,physics
2021-03,718,physics
2021-04,582,physics
2021-05,620,physics
2021-06,625,physics
2021-07,603,physics
2021-08,573,physics
2021-09,574,physics
2021-10,612,physics
2021-11,660,physics
2021-12,735,physics
2022-01,532,physics
2022-02,549,physics
2022-03,691,physics
2022-04,589,physics
2022-05,703,physics
2022-06,619,physics
2022-07,627,physics
2022-08,638,physics
2022-09,683,physics
2022-10,699,physics
2022-11,713,physics
2022-12,738,physics
2023-01,603,physics
2023-02,631,physics
2023-03,787,physics
2023-04,609,physics
2023-05,793,physics
2023-06,693,physics
2023-07,756,physics
2023-08,701,physics
2023-09,729,physics
2023-10,774,physics
2023-11,773,physics
2023-12,750,physics
2024-01,675,physics
2024-02,800,physics
2024-03,780,physics
2009-01,9,q-bio
2009-02,15,q-bio
2009-03,8,q-bio
2009-04,15,q-bio
2009-05,7,q-bio
2009-06,7,q-bio
2009-07,5,q-bio
2009-08,8,q-bio
2009-09,5,q-bio
2009-10,7,q-bio
2009-11,5,q-bio
2009-12,8,q-bio
2010-01,6,q-bio
2010-02,9,q-bio
2010-03,5,q-bio
2010-04,4,q-bio
2010-05,4,q-bio
2010-06,10,q-bio
2010-07,12,q-bio
2010-08,5,q-bio
2010-09,11,q-bio
2010-10,4,q-bio
2010-11,5,q-bio
2010-12,3,q-bio
2011-01,4,q-bio
2011-02,7,q-bio
2011-03,7,q-bio
2011-04,6,q-bio
2011-05,10,q-bio
2011-06,3,q-bio
2011-07,11,q-bio
2011-08,3,q-bio
2011-09,10,q-bio
2011-10,8,q-bio
2011-11,12,q-bio
2011-12,7,q-bio
2012-01,8,q-bio
2012-02,7,q-bio
2012-03,6,q-bio
2012-04,8,q-bio
2012-05,3,q-bio
2012-06,10,q-bio
2012-07,6,q-bio
2012-08,6,q-bio
2012-09,9,q-bio
2012-10,11,q-bio
2012-11,7,q-bio
2012-12,8,q-bio
2013-01,14,q-bio
2013-02,9,q-bio
2013-03,9,q-bio
2013-04,15,q-bio
2013-05,6,q-bio
2013-06,12,q-bio
2013-07,12,q-bio
2013-08,9,q-bio
2013-09,7,q-bio
2013-10,14,q-bio
2013-11,5,q-bio
2013-12,13,q-bio
2014-01,5,q-bio
2014-02,11,q-bio
2014-03,10,q-bio
2014-04,11,q-bio
2014-05,8,q-bio
2014-06,10,q-bio
2014-07,17,q-bio
2014-08,7,q-bio
2014-09,7,q-bio
2014-10,15,q-bio
2014-11,9,q-bio
2014-12,19,q-bio
2015-01,13,q-bio
2015-02,7,q-bio
2015-03,6,q-bio
2015-04,14,q-bio
2015-05,16,q-bio
2015-06,17,q-bio
2015-07,5,q-bio
2015-08,11,q-bio
2015-09,6,q-bio
2015-10,16,q-bio
2015-11,11,q-bio
2015-12,11,q-bio
2016-01,3,q-bio
2016-02,19,q-bio
2016-03,9,q-bio
2016-04,10,q-bio
2016-05,17,q-bio
2016-06,15,q-bio
2016-07,8,q-bio
2016-08,10,q-bio
2016-09,14,q-bio
2016-10,16,q-bio
2016-11,17,q-bio
2016-12,6,q-bio
2017-01,6,q-bio
2017-02,3,q-bio
2017-03,13,q-bio
2017-04,12,q-bio
2017-05,8,q-bio
2017-06,6,q-bio
2017-07,12,q-bio
2017-08,14,q-bio
2017-09,3,q-bio
2017-10,13,q-bio
2017-11,14,q-bio
2017-12,12,q-bio
2018-01,7,q-bio
2018-02,14,q-bio
2018-03,11,q-bio
2018-04,4,q-bio
2018-05,4,q-bio
2018-06,11,q-bio
2018-07,9,q-bio
2018-08,11,q-bio
2018-09,13,q-bio
2018-10,6,q-bio
2018-11,10,q-bio
2018-12,10,q-bio
2019-01,6,q-bio
2019-02,12,q-bio
2019-03,10,q-bio
2019-04,11,q-bio
2019-05,9,q-bio
2019-06,17,q-bio
2019-07,12,q-bio
2019-08,10,q-bio
2019-09,10,q-bio
2019-10,13,q-bio
2019-11,21,q-bio
2019-12,18,q-bio
2020-01,14,q-bio
2020-02,16,q-bio
2020-03,16,q-bio
2020-04,25,q-bio
2020-05,30,q-bio
2020-06,16,q-bio
2020-07,19,q-bio
2020-08,16,q-bio
2020-09,19,q-bio
2020-10,17,q-bio
2020-11,15,q-bio
2020-12,18,q-bio
2021-01,11,q-bio
2021-02,16,q-bio
2021-03,15,q-bio
2021-04,12,q-bio
2021-05,16,q-bio
2021-06,12,q-bio
2021-07,13,q-bio
2021-08,13,q-bio
2021-09,13,q-bio
2021-10,10,q-bio
2021-11,19,q-bio
2021-12,7,q-bio
2022-01,17,q-bio
2022-02,15,q-bio
2022-03,13,q-bio
2022-04,21,q-bio
2022-05,10,q-bio
2022-06,14,q-bio
2022-07,13,q-bio
2022-08,13,q-bio
2022-09,18,q-bio
2022-10,23,q-bio
2022-11,17,q-bio
2022-12,19,q-bio
2023-01,15,q-bio
2023-02,18,q-bio
2023-03,24,q-bio
2023-04,14,q-bio
2023-05,34,q-bio
2023-06,19,q-bio
2023-07,28,q-bio
2023-08,28,q-bio
2023-09,19,q-bio
2023-10,30,q-bio
2023-11,36,q-bio
2023-12,19,q-bio
2024-01,33,q-bio
2024-02,33,q-bio
2024-03,34,q-bio
2009-01,1,q-bio
2009-02,2,q-bio
2009-03,3,q-bio
2009-04,4,q-bio
2009-05,4,q-bio
2009-06,3,q-bio
2009-07,3,q-bio
2009-08,1,q-bio
2009-09,1,q-bio
2009-10,4,q-bio
2009-11,2,q-bio
2009-12,2,q-bio
2010-01,1,q-bio
2010-02,3,q-bio
2010-03,4,q-bio
2010-04,3,q-bio
2010-05,5,q-bio
2010-06,3,q-bio
2010-07,4,q-bio
2010-10,3,q-bio
2010-11,4,q-bio
2010-12,6,q-bio
2011-01,2,q-bio
2011-02,2,q-bio
2011-03,1,q-bio
2011-04,5,q-bio
2011-05,2,q-bio
2011-06,2,q-bio
2011-07,5,q-bio
2011-08,5,q-bio
2011-09,2,q-bio
2011-10,1,q-bio
2011-11,1,q-bio
2011-12,2,q-bio
2012-01,7,q-bio
2012-02,3,q-bio
2012-03,4,q-bio
2012-04,3,q-bio
2012-05,4,q-bio
2012-06,6,q-bio
2012-07,1,q-bio
2012-08,3,q-bio
2012-09,2,q-bio
2012-10,1,q-bio
2012-11,5,q-bio
2012-12,5,q-bio
2013-01,4,q-bio
2013-03,6,q-bio
2013-04,6,q-bio
2013-05,5,q-bio
2013-06,2,q-bio
2013-07,3,q-bio
2013-08,7,q-bio
2013-09,4,q-bio
2013-10,8,q-bio
2013-11,6,q-bio
2013-12,4,q-bio
2014-01,2,q-bio
2014-02,4,q-bio
2014-03,5,q-bio
2014-04,1,q-bio
2014-05,2,q-bio
2014-06,3,q-bio
2014-07,8,q-bio
2014-08,3,q-bio
2014-09,7,q-bio
2014-10,6,q-bio
2014-11,3,q-bio
2014-12,4,q-bio
2015-01,4,q-bio
2015-02,2,q-bio
2015-03,5,q-bio
2015-04,7,q-bio
2015-05,6,q-bio
2015-06,4,q-bio
2015-07,9,q-bio
2015-08,5,q-bio
2015-09,5,q-bio
2015-10,4,q-bio
2015-11,3,q-bio
2015-12,14,q-bio
2016-01,4,q-bio
2016-02,7,q-bio
2016-03,4,q-bio
2016-04,2,q-bio
2016-05,7,q-bio
2016-06,8,q-bio
2016-07,4,q-bio
2016-08,2,q-bio
2016-09,2,q-bio
2016-10,3,q-bio
2016-11,4,q-bio
2016-12,5,q-bio
2017-01,7,q-bio
2017-02,3,q-bio
2017-03,3,q-bio
2017-04,7,q-bio
2017-05,8,q-bio
2017-06,5,q-bio
2017-07,4,q-bio
2017-08,4,q-bio
2017-09,4,q-bio
2017-10,7,q-bio
2017-11,7,q-bio
2017-12,8,q-bio
2018-01,5,q-bio
2018-02,3,q-bio
2018-03,8,q-bio
2018-04,8,q-bio
2018-05,6,q-bio
2018-06,7,q-bio
2018-07,6,q-bio
2018-08,6,q-bio
2018-09,5,q-bio
2018-10,8,q-bio
2018-11,4,q-bio
2018-12,7,q-bio
2019-01,11,q-bio
2019-02,3,q-bio
2019-03,9,q-bio
2019-04,10,q-bio
2019-05,6,q-bio
2019-06,6,q-bio
2019-07,5,q-bio
2019-08,8,q-bio
2019-09,6,q-bio
2019-10,2,q-bio
2019-11,6,q-bio
2019-12,3,q-bio
2020-01,3,q-bio
2020-02,5,q-bio
2020-03,5,q-bio
2020-04,9,q-bio
2020-05,9,q-bio
2020-06,4,q-bio
2020-07,7,q-bio
2020-08,5,q-bio
2020-09,4,q-bio
2020-10,7,q-bio
2020-11,4,q-bio
2020-12,2,q-bio
2021-01,4,q-bio
2021-02,4,q-bio
2021-03,3,q-bio
2021-04,6,q-bio
2021-05,5,q-bio
2021-06,3,q-bio
2021-07,6,q-bio
2021-09,7,q-bio
2021-10,4,q-bio
2021-11,3,q-bio
2021-12,4,q-bio
2022-01,4,q-bio
2022-02,5,q-bio
2022-03,5,q-bio
2022-04,2,q-bio
2022-05,5,q-bio
2022-06,1,q-bio
2022-07,2,q-bio
2022-08,7,q-bio
2022-09,2,q-bio
2022-10,1,q-bio
2022-11,4,q-bio
2022-12,5,q-bio
2023-01,6,q-bio
2023-02,4,q-bio
2023-03,3,q-bio
2023-04,2,q-bio
2023-06,8,q-bio
2023-07,5,q-bio
2023-08,2,q-bio
2023-09,4,q-bio
2023-10,4,q-bio
2023-11,2,q-bio
2023-12,2,q-bio
2024-01,7,q-bio
2024-02,2,q-bio
2024-03,4,q-bio
2009-01,6,q-bio
2009-02,1,q-bio
2009-03,4,q-bio
2009-04,9,q-bio
2009-05,2,q-bio
2009-06,2,q-bio
2009-07,2,q-bio
2009-08,1,q-bio
2009-09,7,q-bio
2009-10,7,q-bio
2009-11,5,q-bio
2009-12,5,q-bio
2010-01,5,q-bio
2010-02,2,q-bio
2010-03,2,q-bio
2010-04,2,q-bio
2010-05,5,q-bio
2010-06,4,q-bio
2010-07,5,q-bio
2010-08,3,q-bio
2010-09,2,q-bio
2010-10,2,q-bio
2010-11,2,q-bio
2010-12,6,q-bio
2011-01,5,q-bio
2011-02,5,q-bio
2011-04,3,q-bio
2011-05,2,q-bio
2011-06,1,q-bio
2011-07,2,q-bio
2011-08,1,q-bio
2011-09,7,q-bio
2011-10,1,q-bio
2011-11,2,q-bio
2011-12,5,q-bio
2012-01,5,q-bio
2012-02,3,q-bio
2012-03,8,q-bio
2012-05,3,q-bio
2012-06,4,q-bio
2012-07,8,q-bio
2012-08,8,q-bio
2012-09,14,q-bio
2012-10,12,q-bio
2012-11,8,q-bio
2012-12,12,q-bio
2013-01,18,q-bio
2013-02,15,q-bio
2013-03,15,q-bio
2013-04,17,q-bio
2013-05,14,q-bio
2013-06,8,q-bio
2013-07,18,q-bio
2013-08,15,q-bio
2013-09,17,q-bio
2013-10,12,q-bio
2013-11,17,q-bio
2013-12,10,q-bio
2014-01,16,q-bio
2014-02,11,q-bio
2014-03,8,q-bio
2014-04,11,q-bio
2014-05,5,q-bio
2014-06,12,q-bio
2014-07,9,q-bio
2014-08,6,q-bio
2014-09,13,q-bio
2014-10,10,q-bio
2014-11,8,q-bio
2014-12,4,q-bio
2015-01,6,q-bio
2015-02,11,q-bio
2015-03,12,q-bio
2015-04,14,q-bio
2015-05,11,q-bio
2015-06,8,q-bio
2015-07,6,q-bio
2015-08,12,q-bio
2015-09,7,q-bio
2015-10,8,q-bio
2015-11,12,q-bio
2015-12,7,q-bio
2016-01,3,q-bio
2016-02,11,q-bio
2016-03,4,q-bio
2016-04,16,q-bio
2016-05,5,q-bio
2016-06,9,q-bio
2016-07,6,q-bio
2016-08,4,q-bio
2016-09,9,q-bio
2016-10,6,q-bio
2016-11,4,q-bio
2016-12,2,q-bio
2017-01,8,q-bio
2017-02,3,q-bio
2017-03,13,q-bio
2017-04,5,q-bio
2017-05,10,q-bio
2017-06,6,q-bio
2017-07,4,q-bio
2017-08,8,q-bio
2017-09,3,q-bio
2017-10,4,q-bio
2017-11,6,q-bio
2017-12,3,q-bio
2018-01,6,q-bio
2018-02,5,q-bio
2018-03,4,q-bio
2018-04,7,q-bio
2018-05,10,q-bio
2018-06,7,q-bio
2018-07,6,q-bio
2018-08,6,q-bio
2018-09,10,q-bio
2018-10,8,q-bio
2018-11,13,q-bio
2018-12,4,q-bio
2019-01,7,q-bio
2019-02,6,q-bio
2019-03,3,q-bio
2019-04,6,q-bio
2019-05,9,q-bio
2019-06,6,q-bio
2019-07,5,q-bio
2019-08,6,q-bio
2019-09,11,q-bio
2019-10,14,q-bio
2019-11,19,q-bio
2019-12,8,q-bio
2020-01,6,q-bio
2020-02,6,q-bio
2020-03,13,q-bio
2020-04,12,q-bio
2020-05,10,q-bio
2020-06,11,q-bio
2020-07,10,q-bio
2020-08,8,q-bio
2020-09,6,q-bio
2020-10,10,q-bio
2020-11,13,q-bio
2020-12,8,q-bio
2021-01,18,q-bio
2021-02,13,q-bio
2021-03,7,q-bio
2021-04,7,q-bio
2021-05,10,q-bio
2021-06,11,q-bio
2021-07,14,q-bio
2021-08,6,q-bio
2021-09,9,q-bio
2021-10,8,q-bio
2021-11,11,q-bio
2021-12,18,q-bio
2022-01,10,q-bio
2022-02,6,q-bio
2022-03,5,q-bio
2022-04,5,q-bio
2022-05,8,q-bio
2022-06,7,q-bio
2022-07,8,q-bio
2022-08,7,q-bio
2022-09,9,q-bio
2022-10,13,q-bio
2022-11,10,q-bio
2022-12,11,q-bio
2023-01,14,q-bio
2023-02,12,q-bio
2023-03,16,q-bio
2023-04,11,q-bio
2023-05,13,q-bio
2023-06,11,q-bio
2023-07,8,q-bio
2023-08,10,q-bio
2023-09,10,q-bio
2023-10,8,q-bio
2023-11,22,q-bio
2023-12,10,q-bio
2024-01,9,q-bio
2024-02,20,q-bio
2024-03,13,q-bio
2009-01,11,q-bio
2009-02,9,q-bio
2009-03,4,q-bio
2009-04,13,q-bio
2009-05,7,q-bio
2009-06,4,q-bio
2009-07,9,q-bio
2009-08,8,q-bio
2009-09,3,q-bio
2009-10,11,q-bio
2009-11,8,q-bio
2009-12,6,q-bio
2010-01,7,q-bio
2010-02,9,q-bio
2010-03,5,q-bio
2010-04,5,q-bio
2010-05,6,q-bio
2010-06,6,q-bio
2010-07,8,q-bio
2010-08,7,q-bio
2010-09,11,q-bio
2010-10,7,q-bio
2010-12,11,q-bio
2011-01,11,q-bio
2011-02,4,q-bio
2011-03,5,q-bio
2011-04,8,q-bio
2011-05,16,q-bio
2011-06,5,q-bio
2011-07,4,q-bio
2011-08,9,q-bio
2011-09,14,q-bio
2011-10,11,q-bio
2011-11,4,q-bio
2011-12,8,q-bio
2012-01,11,q-bio
2012-02,10,q-bio
2012-03,7,q-bio
2012-04,9,q-bio
2012-05,6,q-bio
2012-06,12,q-bio
2012-07,7,q-bio
2012-08,5,q-bio
2012-09,7,q-bio
2012-10,20,q-bio
2012-11,9,q-bio
2012-12,12,q-bio
2013-01,9,q-bio
2013-02,7,q-bio
2013-03,11,q-bio
2013-04,18,q-bio
2013-05,15,q-bio
2013-06,4,q-bio
2013-07,15,q-bio
2013-08,9,q-bio
2013-09,19,q-bio
2013-10,17,q-bio
2013-11,11,q-bio
2013-12,20,q-bio
2014-01,10,q-bio
2014-02,4,q-bio
2014-03,7,q-bio
2014-04,14,q-bio
2014-05,10,q-bio
2014-06,11,q-bio
2014-07,17,q-bio
2014-08,14,q-bio
2014-09,12,q-bio
2014-10,16,q-bio
2014-11,12,q-bio
2014-12,12,q-bio
2015-01,8,q-bio
2015-02,11,q-bio
2015-03,7,q-bio
2015-04,17,q-bio
2015-05,14,q-bio
2015-06,7,q-bio
2015-07,9,q-bio
2015-08,15,q-bio
2015-09,17,q-bio
2015-10,14,q-bio
2015-11,11,q-bio
2015-12,16,q-bio
2016-01,12,q-bio
2016-02,16,q-bio
2016-03,5,q-bio
2016-04,10,q-bio
2016-05,13,q-bio
2016-06,12,q-bio
2016-07,9,q-bio
2016-08,11,q-bio
2016-09,10,q-bio
2016-10,12,q-bio
2016-11,13,q-bio
2016-12,6,q-bio
2017-01,13,q-bio
2017-02,5,q-bio
2017-03,13,q-bio
2017-04,11,q-bio
2017-05,13,q-bio
2017-06,9,q-bio
2017-07,10,q-bio
2017-08,9,q-bio
2017-09,9,q-bio
2017-10,12,q-bio
2017-11,8,q-bio
2017-12,9,q-bio
2018-01,11,q-bio
2018-02,12,q-bio
2018-03,13,q-bio
2018-04,7,q-bio
2018-05,13,q-bio
2018-06,4,q-bio
2018-07,9,q-bio
2018-08,11,q-bio
2018-09,7,q-bio
2018-10,14,q-bio
2018-11,11,q-bio
2018-12,8,q-bio
2019-01,6,q-bio
2019-02,16,q-bio
2019-03,10,q-bio
2019-04,7,q-bio
2019-05,7,q-bio
2019-06,10,q-bio
2019-07,8,q-bio
2019-08,8,q-bio
2019-09,10,q-bio
2019-10,12,q-bio
2019-11,11,q-bio
2019-12,8,q-bio
2020-01,12,q-bio
2020-02,10,q-bio
2020-03,15,q-bio
2020-04,12,q-bio
2020-05,14,q-bio
2020-06,11,q-bio
2020-07,10,q-bio
2020-08,4,q-bio
2020-09,13,q-bio
2020-10,12,q-bio
2020-11,8,q-bio
2020-12,8,q-bio
2021-01,8,q-bio
2021-02,8,q-bio
2021-03,11,q-bio
2021-04,11,q-bio
2021-05,11,q-bio
2021-06,13,q-bio
2021-07,12,q-bio
2021-08,6,q-bio
2021-09,12,q-bio
2021-10,5,q-bio
2021-11,5,q-bio
2021-12,5,q-bio
2022-01,7,q-bio
2022-02,7,q-bio
2022-03,8,q-bio
2022-04,8,q-bio
2022-05,8,q-bio
2022-06,7,q-bio
2022-07,6,q-bio
2022-08,8,q-bio
2022-09,5,q-bio
2022-10,4,q-bio
2022-11,6,q-bio
2022-12,8,q-bio
2023-01,12,q-bio
2023-02,14,q-bio
2023-03,10,q-bio
2023-04,11,q-bio
2023-05,12,q-bio
2023-06,6,q-bio
2023-07,8,q-bio
2023-08,12,q-bio
2023-09,12,q-bio
2023-10,8,q-bio
2023-11,5,q-bio
2023-12,12,q-bio
2024-01,17,q-bio
2024-02,10,q-bio
2024-03,9,q-bio
2009-01,8,q-bio
2009-02,8,q-bio
2009-03,13,q-bio
2009-04,2,q-bio
2009-05,10,q-bio
2009-06,12,q-bio
2009-07,8,q-bio
2009-08,4,q-bio
2009-09,1,q-bio
2009-10,2,q-bio
2009-11,3,q-bio
2009-12,13,q-bio
2010-01,4,q-bio
2010-02,6,q-bio
2010-03,10,q-bio
2010-04,6,q-bio
2010-05,1,q-bio
2010-06,3,q-bio
2010-07,8,q-bio
2010-08,3,q-bio
2010-09,10,q-bio
2010-10,16,q-bio
2010-11,12,q-bio
2010-12,16,q-bio
2011-01,8,q-bio
2011-02,9,q-bio
2011-03,13,q-bio
2011-04,7,q-bio
2011-05,6,q-bio
2011-06,9,q-bio
2011-07,8,q-bio
2011-08,6,q-bio
2011-09,6,q-bio
2011-10,6,q-bio
2011-11,19,q-bio
2011-12,11,q-bio
2012-01,12,q-bio
2012-02,14,q-bio
2012-03,13,q-bio
2012-04,19,q-bio
2012-05,8,q-bio
2012-06,16,q-bio
2012-07,15,q-bio
2012-08,11,q-bio
2012-09,18,q-bio
2012-10,26,q-bio
2012-11,13,q-bio
2012-12,14,q-bio
2013-01,15,q-bio
2013-02,15,q-bio
2013-03,15,q-bio
2013-04,18,q-bio
2013-05,11,q-bio
2013-06,12,q-bio
2013-07,22,q-bio
2013-08,20,q-bio
2013-09,25,q-bio
2013-10,36,q-bio
2013-11,24,q-bio
2013-12,18,q-bio
2014-01,10,q-bio
2014-02,16,q-bio
2014-03,19,q-bio
2014-04,26,q-bio
2014-05,23,q-bio
2014-06,14,q-bio
2014-07,26,q-bio
2014-08,16,q-bio
2014-09,37,q-bio
2014-10,29,q-bio
2014-11,29,q-bio
2014-12,17,q-bio
2015-01,35,q-bio
2015-02,28,q-bio
2015-03,32,q-bio
2015-04,19,q-bio
2015-05,23,q-bio
2015-06,24,q-bio
2015-07,27,q-bio
2015-08,23,q-bio
2015-09,25,q-bio
2015-10,28,q-bio
2015-11,27,q-bio
2015-12,35,q-bio
2016-01,33,q-bio
2016-02,26,q-bio
2016-03,39,q-bio
2016-04,29,q-bio
2016-05,38,q-bio
2016-06,40,q-bio
2016-07,28,q-bio
2016-08,37,q-bio
2016-09,38,q-bio
2016-10,54,q-bio
2016-11,55,q-bio
2016-12,27,q-bio
2017-01,29,q-bio
2017-02,42,q-bio
2017-03,42,q-bio
2017-04,36,q-bio
2017-05,46,q-bio
2017-06,39,q-bio
2017-07,37,q-bio
2017-08,33,q-bio
2017-09,37,q-bio
2017-10,41,q-bio
2017-11,41,q-bio
2017-12,24,q-bio
2018-01,51,q-bio
2018-02,31,q-bio
2018-03,39,q-bio
2018-04,39,q-bio
2018-05,47,q-bio
2018-06,38,q-bio
2018-07,45,q-bio
2018-08,30,q-bio
2018-09,40,q-bio
2018-10,37,q-bio
2018-11,43,q-bio
2018-12,43,q-bio
2019-01,25,q-bio
2019-02,46,q-bio
2019-03,42,q-bio
2019-04,41,q-bio
2019-05,41,q-bio
2019-06,48,q-bio
2019-07,48,q-bio
2019-08,34,q-bio
2019-09,35,q-bio
2019-10,31,q-bio
2019-11,42,q-bio
2019-12,35,q-bio
2020-01,40,q-bio
2020-02,42,q-bio
2020-03,42,q-bio
2020-04,37,q-bio
2020-05,41,q-bio
2020-06,63,q-bio
2020-07,46,q-bio
2020-08,38,q-bio
2020-09,40,q-bio
2020-10,47,q-bio
2020-11,47,q-bio
2020-12,39,q-bio
2021-01,27,q-bio
2021-02,37,q-bio
2021-03,48,q-bio
2021-04,39,q-bio
2021-05,31,q-bio
2021-06,52,q-bio
2021-07,33,q-bio
2021-08,34,q-bio
2021-09,41,q-bio
2021-10,50,q-bio
2021-11,40,q-bio
2021-12,49,q-bio
2022-01,39,q-bio
2022-02,36,q-bio
2022-03,36,q-bio
2022-04,42,q-bio
2022-05,49,q-bio
2022-06,46,q-bio
2022-07,38,q-bio
2022-08,45,q-bio
2022-09,43,q-bio
2022-10,54,q-bio
2022-11,58,q-bio
2022-12,47,q-bio
2023-01,50,q-bio
2023-02,32,q-bio
2023-03,37,q-bio
2023-04,41,q-bio
2023-05,62,q-bio
2023-06,47,q-bio
2023-07,42,q-bio
2023-08,36,q-bio
2023-09,54,q-bio
2023-10,58,q-bio
2023-11,62,q-bio
2023-12,40,q-bio
2024-01,49,q-bio
2024-02,49,q-bio
2024-03,47,q-bio
2009-02,2,q-bio
2009-03,1,q-bio
2009-04,2,q-bio
2009-05,1,q-bio
2009-06,3,q-bio
2009-07,1,q-bio
2009-08,3,q-bio
2009-09,2,q-bio
2009-10,2,q-bio
2009-11,1,q-bio
2009-12,1,q-bio
2010-02,3,q-bio
2010-03,1,q-bio
2010-04,3,q-bio
2010-05,2,q-bio
2010-07,1,q-bio
2010-10,1,q-bio
2010-11,2,q-bio
2010-12,5,q-bio
2011-01,2,q-bio
2011-02,3,q-bio
2011-03,1,q-bio
2011-04,3,q-bio
2011-05,1,q-bio
2011-07,1,q-bio
2011-09,1,q-bio
2011-10,4,q-bio
2011-11,1,q-bio
2011-12,1,q-bio
2012-01,4,q-bio
2012-02,1,q-bio
2012-03,1,q-bio
2012-04,3,q-bio
2012-05,3,q-bio
2012-06,4,q-bio
2012-07,2,q-bio
2012-08,4,q-bio
2012-09,1,q-bio
2012-10,1,q-bio
2012-11,2,q-bio
2012-12,2,q-bio
2013-01,3,q-bio
2013-02,1,q-bio
2013-03,3,q-bio
2013-04,2,q-bio
2013-05,5,q-bio
2013-06,2,q-bio
2013-07,2,q-bio
2013-08,7,q-bio
2013-09,2,q-bio
2013-10,5,q-bio
2013-12,2,q-bio
2014-01,4,q-bio
2014-02,1,q-bio
2014-03,5,q-bio
2014-04,4,q-bio
2014-06,6,q-bio
2014-07,3,q-bio
2014-08,3,q-bio
2014-09,4,q-bio
2014-10,3,q-bio
2014-11,4,q-bio
2015-01,5,q-bio
2015-02,5,q-bio
2015-03,6,q-bio
2015-05,2,q-bio
2015-06,1,q-bio
2015-07,2,q-bio
2015-08,1,q-bio
2015-09,2,q-bio
2015-10,2,q-bio
2015-11,1,q-bio
2015-12,6,q-bio
2016-01,2,q-bio
2016-02,4,q-bio
2016-03,2,q-bio
2016-04,1,q-bio
2016-05,12,q-bio
2016-06,5,q-bio
2016-07,9,q-bio
2016-08,3,q-bio
2016-09,6,q-bio
2016-10,8,q-bio
2016-11,6,q-bio
2016-12,6,q-bio
2017-02,2,q-bio
2017-03,6,q-bio
2017-04,2,q-bio
2017-05,6,q-bio
2017-06,5,q-bio
2017-07,7,q-bio
2017-08,2,q-bio
2017-09,5,q-bio
2017-10,1,q-bio
2017-11,7,q-bio
2017-12,2,q-bio
2018-01,4,q-bio
2018-02,5,q-bio
2018-03,5,q-bio
2018-04,5,q-bio
2018-05,5,q-bio
2018-06,5,q-bio
2018-07,7,q-bio
2018-08,3,q-bio
2018-09,2,q-bio
2018-10,6,q-bio
2018-11,3,q-bio
2018-12,3,q-bio
2019-01,3,q-bio
2019-02,6,q-bio
2019-03,3,q-bio
2019-04,3,q-bio
2019-05,4,q-bio
2019-06,2,q-bio
2019-07,1,q-bio
2019-08,4,q-bio
2019-09,5,q-bio
2019-10,3,q-bio
2019-11,6,q-bio
2019-12,7,q-bio
2020-01,4,q-bio
2020-02,5,q-bio
2020-03,8,q-bio
2020-04,9,q-bio
2020-05,11,q-bio
2020-06,13,q-bio
2020-07,9,q-bio
2020-08,11,q-bio
2020-09,4,q-bio
2020-10,5,q-bio
2020-11,13,q-bio
2020-12,6,q-bio
2021-01,7,q-bio
2021-02,4,q-bio
2021-03,3,q-bio
2021-04,2,q-bio
2021-05,6,q-bio
2021-06,4,q-bio
2021-07,8,q-bio
2021-08,5,q-bio
2021-09,4,q-bio
2021-10,3,q-bio
2021-11,5,q-bio
2021-12,11,q-bio
2022-01,9,q-bio
2022-02,3,q-bio
2022-03,3,q-bio
2022-04,6,q-bio
2022-05,2,q-bio
2022-07,3,q-bio
2022-08,6,q-bio
2022-09,3,q-bio
2022-10,3,q-bio
2022-11,1,q-bio
2022-12,3,q-bio
2023-01,4,q-bio
2023-02,7,q-bio
2023-03,7,q-bio
2023-04,5,q-bio
2023-05,4,q-bio
2023-06,8,q-bio
2023-07,11,q-bio
2023-08,5,q-bio
2023-09,11,q-bio
2023-10,9,q-bio
2023-11,8,q-bio
2023-12,3,q-bio
2024-01,8,q-bio
2024-02,11,q-bio
2024-03,9,q-bio
2009-01,17,q-bio
2009-02,12,q-bio
2009-03,11,q-bio
2009-04,11,q-bio
2009-05,10,q-bio
2009-06,14,q-bio
2009-07,8,q-bio
2009-08,14,q-bio
2009-09,11,q-bio
2009-10,18,q-bio
2009-11,14,q-bio
2009-12,18,q-bio
2010-01,20,q-bio
2010-02,17,q-bio
2010-03,20,q-bio
2010-04,18,q-bio
2010-05,20,q-bio
2010-06,23,q-bio
2010-07,15,q-bio
2010-08,15,q-bio
2010-09,7,q-bio
2010-10,20,q-bio
2010-11,23,q-bio
2010-12,18,q-bio
2011-01,14,q-bio
2011-02,18,q-bio
2011-03,21,q-bio
2011-04,14,q-bio
2011-05,18,q-bio
2011-06,18,q-bio
2011-07,10,q-bio
2011-08,24,q-bio
2011-09,11,q-bio
2011-10,21,q-bio
2011-11,17,q-bio
2011-12,32,q-bio
2012-01,12,q-bio
2012-02,30,q-bio
2012-03,20,q-bio
2012-04,25,q-bio
2012-05,26,q-bio
2012-06,21,q-bio
2012-07,22,q-bio
2012-08,32,q-bio
2012-09,27,q-bio
2012-10,30,q-bio
2012-11,31,q-bio
2012-12,37,q-bio
2013-01,37,q-bio
2013-02,25,q-bio
2013-03,29,q-bio
2013-04,41,q-bio
2013-05,39,q-bio
2013-06,45,q-bio
2013-07,52,q-bio
2013-08,51,q-bio
2013-09,51,q-bio
2013-10,44,q-bio
2013-11,25,q-bio
2013-12,32,q-bio
2014-01,16,q-bio
2014-02,36,q-bio
2014-03,49,q-bio
2014-04,37,q-bio
2014-05,27,q-bio
2014-06,33,q-bio
2014-07,42,q-bio
2014-08,34,q-bio
2014-09,34,q-bio
2014-10,32,q-bio
2014-11,30,q-bio
2014-12,31,q-bio
2015-01,25,q-bio
2015-02,25,q-bio
2015-03,43,q-bio
2015-04,26,q-bio
2015-05,32,q-bio
2015-06,44,q-bio
2015-07,34,q-bio
2015-08,24,q-bio
2015-09,30,q-bio
2015-10,34,q-bio
2015-11,39,q-bio
2015-12,35,q-bio
2016-01,24,q-bio
2016-02,36,q-bio
2016-03,34,q-bio
2016-04,26,q-bio
2016-05,40,q-bio
2016-06,28,q-bio
2016-07,21,q-bio
2016-08,23,q-bio
2016-09,38,q-bio
2016-10,34,q-bio
2016-11,32,q-bio
2016-12,38,q-bio
2017-01,31,q-bio
2017-02,28,q-bio
2017-03,36,q-bio
2017-04,29,q-bio
2017-05,31,q-bio
2017-06,28,q-bio
2017-07,34,q-bio
2017-08,32,q-bio
2017-09,33,q-bio
2017-10,28,q-bio
2017-11,36,q-bio
2017-12,38,q-bio
2018-01,26,q-bio
2018-02,32,q-bio
2018-03,42,q-bio
2018-04,33,q-bio
2018-05,25,q-bio
2018-06,40,q-bio
2018-07,23,q-bio
2018-08,32,q-bio
2018-09,29,q-bio
2018-10,41,q-bio
2018-11,30,q-bio
2018-12,31,q-bio
2019-01,29,q-bio
2019-02,31,q-bio
2019-03,35,q-bio
2019-04,29,q-bio
2019-05,25,q-bio
2019-06,28,q-bio
2019-07,36,q-bio
2019-08,41,q-bio
2019-09,29,q-bio
2019-10,39,q-bio
2019-11,36,q-bio
2019-12,31,q-bio
2020-01,30,q-bio
2020-02,43,q-bio
2020-03,117,q-bio
2020-04,196,q-bio
2020-05,119,q-bio
2020-06,101,q-bio
2020-07,98,q-bio
2020-08,68,q-bio
2020-09,54,q-bio
2020-10,54,q-bio
2020-11,56,q-bio
2020-12,60,q-bio
2021-01,40,q-bio
2021-02,52,q-bio
2021-03,60,q-bio
2021-04,41,q-bio
2021-05,38,q-bio
2021-06,37,q-bio
2021-07,43,q-bio
2021-08,33,q-bio
2021-09,52,q-bio
2021-10,42,q-bio
2021-11,60,q-bio
2021-12,45,q-bio
2022-01,36,q-bio
2022-02,56,q-bio
2022-03,26,q-bio
2022-04,23,q-bio
2022-05,41,q-bio
2022-06,28,q-bio
2022-07,39,q-bio
2022-08,35,q-bio
2022-09,34,q-bio
2022-10,35,q-bio
2022-11,39,q-bio
2022-12,32,q-bio
2023-01,43,q-bio
2023-02,29,q-bio
2023-03,50,q-bio
2023-04,41,q-bio
2023-05,37,q-bio
2023-06,45,q-bio
2023-07,33,q-bio
2023-08,27,q-bio
2023-09,40,q-bio
2023-10,44,q-bio
2023-11,47,q-bio
2023-12,30,q-bio
2024-01,37,q-bio
2024-02,30,q-bio
2024-03,30,q-bio
2009-01,8,q-bio
2009-02,12,q-bio
2009-03,8,q-bio
2009-04,9,q-bio
2009-05,15,q-bio
2009-06,5,q-bio
2009-07,10,q-bio
2009-08,10,q-bio
2009-09,9,q-bio
2009-10,7,q-bio
2009-11,6,q-bio
2009-12,8,q-bio
2010-01,8,q-bio
2010-02,4,q-bio
2010-03,7,q-bio
2010-04,7,q-bio
2010-05,5,q-bio
2010-06,7,q-bio
2010-07,10,q-bio
2010-08,9,q-bio
2010-09,6,q-bio
2010-10,8,q-bio
2010-11,10,q-bio
2010-12,10,q-bio
2011-01,11,q-bio
2011-02,3,q-bio
2011-03,8,q-bio
2011-04,17,q-bio
2011-05,13,q-bio
2011-06,17,q-bio
2011-07,9,q-bio
2011-08,7,q-bio
2011-09,10,q-bio
2011-10,11,q-bio
2011-11,10,q-bio
2011-12,7,q-bio
2012-01,9,q-bio
2012-02,10,q-bio
2012-03,9,q-bio
2012-04,4,q-bio
2012-05,13,q-bio
2012-06,11,q-bio
2012-07,17,q-bio
2012-08,12,q-bio
2012-09,8,q-bio
2012-10,14,q-bio
2012-11,11,q-bio
2012-12,14,q-bio
2013-01,13,q-bio
2013-02,12,q-bio
2013-03,10,q-bio
2013-04,15,q-bio
2013-05,20,q-bio
2013-06,12,q-bio
2013-07,33,q-bio
2013-08,20,q-bio
2013-09,18,q-bio
2013-10,13,q-bio
2013-11,16,q-bio
2013-12,17,q-bio
2014-01,23,q-bio
2014-02,19,q-bio
2014-03,20,q-bio
2014-04,26,q-bio
2014-05,21,q-bio
2014-06,24,q-bio
2014-07,22,q-bio
2014-08,9,q-bio
2014-09,19,q-bio
2014-10,21,q-bio
2014-11,15,q-bio
2014-12,24,q-bio
2015-01,22,q-bio
2015-02,15,q-bio
2015-03,23,q-bio
2015-04,11,q-bio
2015-05,18,q-bio
2015-06,16,q-bio
2015-07,21,q-bio
2015-08,15,q-bio
2015-09,26,q-bio
2015-10,15,q-bio
2015-11,16,q-bio
2015-12,17,q-bio
2016-01,23,q-bio
2016-02,20,q-bio
2016-03,19,q-bio
2016-04,20,q-bio
2016-05,25,q-bio
2016-06,18,q-bio
2016-07,14,q-bio
2016-08,16,q-bio
2016-09,24,q-bio
2016-10,24,q-bio
2016-11,22,q-bio
2016-12,22,q-bio
2017-01,24,q-bio
2017-02,12,q-bio
2017-03,23,q-bio
2017-04,21,q-bio
2017-05,26,q-bio
2017-06,22,q-bio
2017-07,23,q-bio
2017-08,31,q-bio
2017-09,24,q-bio
2017-10,41,q-bio
2017-11,20,q-bio
2017-12,25,q-bio
2018-01,36,q-bio
2018-02,24,q-bio
2018-03,25,q-bio
2018-04,16,q-bio
2018-05,23,q-bio
2018-06,19,q-bio
2018-07,25,q-bio
2018-08,28,q-bio
2018-09,27,q-bio
2018-10,27,q-bio
2018-11,29,q-bio
2018-12,31,q-bio
2019-01,25,q-bio
2019-02,33,q-bio
2019-03,31,q-bio
2019-04,31,q-bio
2019-05,22,q-bio
2019-06,25,q-bio
2019-07,27,q-bio
2019-08,25,q-bio
2019-09,33,q-bio
2019-10,43,q-bio
2019-11,42,q-bio
2019-12,33,q-bio
2020-01,23,q-bio
2020-02,35,q-bio
2020-03,35,q-bio
2020-04,42,q-bio
2020-05,62,q-bio
2020-06,32,q-bio
2020-07,41,q-bio
2020-08,32,q-bio
2020-09,35,q-bio
2020-10,44,q-bio
2020-11,42,q-bio
2020-12,34,q-bio
2021-01,39,q-bio
2021-02,33,q-bio
2021-03,34,q-bio
2021-04,30,q-bio
2021-05,32,q-bio
2021-06,28,q-bio
2021-07,31,q-bio
2021-08,41,q-bio
2021-09,36,q-bio
2021-10,52,q-bio
2021-11,45,q-bio
2021-12,35,q-bio
2022-01,36,q-bio
2022-02,32,q-bio
2022-03,31,q-bio
2022-04,34,q-bio
2022-05,38,q-bio
2022-06,40,q-bio
2022-07,36,q-bio
2022-08,37,q-bio
2022-09,28,q-bio
2022-10,52,q-bio
2022-11,41,q-bio
2022-12,25,q-bio
2023-01,33,q-bio
2023-02,30,q-bio
2023-03,42,q-bio
2023-04,29,q-bio
2023-05,40,q-bio
2023-06,40,q-bio
2023-07,43,q-bio
2023-08,39,q-bio
2023-09,44,q-bio
2023-10,40,q-bio
2023-11,43,q-bio
2023-12,42,q-bio
2024-01,49,q-bio
2024-02,57,q-bio
2024-03,47,q-bio
2009-01,5,q-bio
2009-02,2,q-bio
2009-03,4,q-bio
2009-04,4,q-bio
2009-05,2,q-bio
2009-06,7,q-bio
2009-07,1,q-bio
2009-08,1,q-bio
2009-09,4,q-bio
2009-10,2,q-bio
2009-11,1,q-bio
2009-12,4,q-bio
2010-02,3,q-bio
2010-04,1,q-bio
2010-05,1,q-bio
2010-07,1,q-bio
2010-08,3,q-bio
2010-09,2,q-bio
2010-10,1,q-bio
2010-11,1,q-bio
2011-01,2,q-bio
2011-02,1,q-bio
2011-03,2,q-bio
2011-04,1,q-bio
2011-07,1,q-bio
2011-08,1,q-bio
2011-09,3,q-bio
2011-11,2,q-bio
2011-12,2,q-bio
2012-01,2,q-bio
2012-02,5,q-bio
2012-03,1,q-bio
2012-04,3,q-bio
2012-05,3,q-bio
2012-06,3,q-bio
2012-07,3,q-bio
2012-09,4,q-bio
2012-10,1,q-bio
2012-11,2,q-bio
2012-12,2,q-bio
2013-01,6,q-bio
2013-02,1,q-bio
2013-03,1,q-bio
2013-04,3,q-bio
2013-05,4,q-bio
2013-06,1,q-bio
2013-07,3,q-bio
2013-08,6,q-bio
2013-09,3,q-bio
2013-10,2,q-bio
2013-11,1,q-bio
2013-12,4,q-bio
2014-01,3,q-bio
2014-02,2,q-bio
2014-03,5,q-bio
2014-04,7,q-bio
2014-05,4,q-bio
2014-06,5,q-bio
2014-08,2,q-bio
2014-09,2,q-bio
2014-10,1,q-bio
2014-11,4,q-bio
2014-12,5,q-bio
2015-01,4,q-bio
2015-02,5,q-bio
2015-03,6,q-bio
2015-04,5,q-bio
2015-05,3,q-bio
2015-06,3,q-bio
2015-07,3,q-bio
2015-08,3,q-bio
2015-09,6,q-bio
2015-10,6,q-bio
2015-11,9,q-bio
2015-12,1,q-bio
2016-01,3,q-bio
2016-02,2,q-bio
2016-03,10,q-bio
2016-04,7,q-bio
2016-05,11,q-bio
2016-06,2,q-bio
2016-07,2,q-bio
2016-08,2,q-bio
2016-09,7,q-bio
2016-10,8,q-bio
2016-11,5,q-bio
2016-12,6,q-bio
2017-01,5,q-bio
2017-02,6,q-bio
2017-03,3,q-bio
2017-04,2,q-bio
2017-05,7,q-bio
2017-06,3,q-bio
2017-07,1,q-bio
2017-08,1,q-bio
2017-09,1,q-bio
2017-10,3,q-bio
2017-11,4,q-bio
2017-12,5,q-bio
2018-01,5,q-bio
2018-02,3,q-bio
2018-03,4,q-bio
2018-04,4,q-bio
2018-05,1,q-bio
2018-06,3,q-bio
2018-07,9,q-bio
2018-08,1,q-bio
2018-09,6,q-bio
2018-10,6,q-bio
2018-11,7,q-bio
2018-12,3,q-bio
2019-01,4,q-bio
2019-02,4,q-bio
2019-04,3,q-bio
2019-05,6,q-bio
2019-06,3,q-bio
2019-07,3,q-bio
2019-08,5,q-bio
2019-09,3,q-bio
2019-10,3,q-bio
2019-11,3,q-bio
2019-12,8,q-bio
2020-01,4,q-bio
2020-02,2,q-bio
2020-03,1,q-bio
2020-04,4,q-bio
2020-05,7,q-bio
2020-06,3,q-bio
2020-07,5,q-bio
2020-08,4,q-bio
2020-09,5,q-bio
2020-10,1,q-bio
2020-12,1,q-bio
2021-01,2,q-bio
2021-02,2,q-bio
2021-03,4,q-bio
2021-04,2,q-bio
2021-05,3,q-bio
2021-06,1,q-bio
2021-07,3,q-bio
2021-09,1,q-bio
2021-10,1,q-bio
2021-11,2,q-bio
2022-01,1,q-bio
2022-03,1,q-bio
2022-04,1,q-bio
2022-06,1,q-bio
2022-07,2,q-bio
2022-09,2,q-bio
2022-10,2,q-bio
2022-12,1,q-bio
2023-02,2,q-bio
2023-03,4,q-bio
2023-04,2,q-bio
2023-05,3,q-bio
2023-07,2,q-bio
2023-08,2,q-bio
2023-11,3,q-bio
2023-12,1,q-bio
2024-01,2,q-bio
2024-02,2,q-bio
2024-03,1,q-bio
2009-01,1,q-bio
2009-02,1,q-bio
2009-03,1,q-bio
2009-04,2,q-bio
2009-06,1,q-bio
2009-07,1,q-bio
2009-08,2,q-bio
2009-09,1,q-bio
2009-12,1,q-bio
2010-03,1,q-bio
2010-04,1,q-bio
2010-05,5,q-bio
2010-06,1,q-bio
2010-09,3,q-bio
2010-10,3,q-bio
2010-12,2,q-bio
2011-01,1,q-bio
2011-03,1,q-bio
2011-04,1,q-bio
2011-05,2,q-bio
2011-06,3,q-bio
2011-07,2,q-bio
2011-08,1,q-bio
2011-09,3,q-bio
2011-10,4,q-bio
2011-11,2,q-bio
2011-12,4,q-bio
2012-01,6,q-bio
2012-02,2,q-bio
2012-03,1,q-bio
2012-05,3,q-bio
2012-06,1,q-bio
2012-07,6,q-bio
2012-08,4,q-bio
2012-09,4,q-bio
2012-10,2,q-bio
2012-11,1,q-bio
2012-12,1,q-bio
2013-01,3,q-bio
2013-02,6,q-bio
2013-03,3,q-bio
2013-04,5,q-bio
2013-05,8,q-bio
2013-06,2,q-bio
2013-07,2,q-bio
2013-08,6,q-bio
2013-09,8,q-bio
2013-10,1,q-bio
2013-11,6,q-bio
2013-12,5,q-bio
2014-01,4,q-bio
2014-02,2,q-bio
2014-03,4,q-bio
2014-04,4,q-bio
2014-05,3,q-bio
2014-06,1,q-bio
2014-07,3,q-bio
2014-08,2,q-bio
2014-09,4,q-bio
2014-10,1,q-bio
2014-11,2,q-bio
2014-12,5,q-bio
2015-01,10,q-bio
2015-02,1,q-bio
2015-03,4,q-bio
2015-04,2,q-bio
2015-05,15,q-bio
2015-06,4,q-bio
2015-07,1,q-bio
2015-08,8,q-bio
2015-09,4,q-bio
2015-10,8,q-bio
2015-11,3,q-bio
2015-12,11,q-bio
2016-01,10,q-bio
2016-02,5,q-bio
2016-03,5,q-bio
2016-04,4,q-bio
2016-05,2,q-bio
2016-06,7,q-bio
2016-07,5,q-bio
2016-08,8,q-bio
2016-09,11,q-bio
2016-10,14,q-bio
2016-11,7,q-bio
2016-12,5,q-bio
2017-01,6,q-bio
2017-02,3,q-bio
2017-03,5,q-bio
2017-04,7,q-bio
2017-05,9,q-bio
2017-06,9,q-bio
2017-07,9,q-bio
2017-08,5,q-bio
2017-09,8,q-bio
2017-10,14,q-bio
2017-11,4,q-bio
2017-12,3,q-bio
2018-01,4,q-bio
2018-02,6,q-bio
2018-03,8,q-bio
2018-04,7,q-bio
2018-05,9,q-bio
2018-06,13,q-bio
2018-07,10,q-bio
2018-08,12,q-bio
2018-09,9,q-bio
2018-10,9,q-bio
2018-11,6,q-bio
2018-12,7,q-bio
2019-01,9,q-bio
2019-02,6,q-bio
2019-03,13,q-bio
2019-04,10,q-bio
2019-05,6,q-bio
2019-06,5,q-bio
2019-07,9,q-bio
2019-08,5,q-bio
2019-09,3,q-bio
2019-10,8,q-bio
2019-11,7,q-bio
2019-12,4,q-bio
2020-01,9,q-bio
2020-02,5,q-bio
2020-03,12,q-bio
2020-04,11,q-bio
2020-05,13,q-bio
2020-06,13,q-bio
2020-07,12,q-bio
2020-08,9,q-bio
2020-09,11,q-bio
2020-10,8,q-bio
2020-11,9,q-bio
2020-12,10,q-bio
2021-01,15,q-bio
2021-02,6,q-bio
2021-03,21,q-bio
2021-04,16,q-bio
2021-05,8,q-bio
2021-06,3,q-bio
2021-07,4,q-bio
2021-08,2,q-bio
2021-09,5,q-bio
2021-10,10,q-bio
2021-11,7,q-bio
2021-12,3,q-bio
2022-01,11,q-bio
2022-02,4,q-bio
2022-03,3,q-bio
2022-04,1,q-bio
2022-05,6,q-bio
2022-06,5,q-bio
2022-07,5,q-bio
2022-08,9,q-bio
2022-09,6,q-bio
2022-10,6,q-bio
2022-11,6,q-bio
2022-12,7,q-bio
2023-01,8,q-bio
2023-02,6,q-bio
2023-03,9,q-bio
2023-04,6,q-bio
2023-05,5,q-bio
2023-06,5,q-bio
2023-07,9,q-bio
2023-08,13,q-bio
2023-09,7,q-bio
2023-10,8,q-bio
2023-11,11,q-bio
2023-12,8,q-bio
2024-01,11,q-bio
2024-02,3,q-bio
2024-03,11,q-bio
2009-01,5,q-fin
2009-02,3,q-fin
2009-03,2,q-fin
2009-04,3,q-fin
2009-06,1,q-fin
2009-07,2,q-fin
2009-08,1,q-fin
2009-09,3,q-fin
2009-10,6,q-fin
2009-11,4,q-fin
2009-12,1,q-fin
2010-01,4,q-fin
2010-02,3,q-fin
2010-03,3,q-fin
2010-04,12,q-fin
2010-05,2,q-fin
2010-06,7,q-fin
2010-07,2,q-fin
2010-08,6,q-fin
2010-09,6,q-fin
2010-10,7,q-fin
2010-11,5,q-fin
2010-12,2,q-fin
2011-01,5,q-fin
2011-02,4,q-fin
2011-03,5,q-fin
2011-04,2,q-fin
2011-05,6,q-fin
2011-06,7,q-fin
2011-07,3,q-fin
2011-08,2,q-fin
2011-09,3,q-fin
2011-10,6,q-fin
2011-11,5,q-fin
2011-12,3,q-fin
2012-01,1,q-fin
2012-02,7,q-fin
2012-03,3,q-fin
2012-04,5,q-fin
2012-05,2,q-fin
2012-06,6,q-fin
2012-07,5,q-fin
2012-08,1,q-fin
2012-09,4,q-fin
2012-10,6,q-fin
2012-11,2,q-fin
2012-12,2,q-fin
2013-01,1,q-fin
2013-02,6,q-fin
2013-03,1,q-fin
2013-04,4,q-fin
2013-05,4,q-fin
2013-06,6,q-fin
2013-07,2,q-fin
2013-08,3,q-fin
2013-09,4,q-fin
2013-10,5,q-fin
2013-11,6,q-fin
2013-12,3,q-fin
2014-01,7,q-fin
2014-02,5,q-fin
2014-03,6,q-fin
2014-04,10,q-fin
2014-05,4,q-fin
2014-06,7,q-fin
2014-08,5,q-fin
2014-09,1,q-fin
2014-10,3,q-fin
2014-11,2,q-fin
2014-12,3,q-fin
2015-01,3,q-fin
2015-02,2,q-fin
2015-03,4,q-fin
2015-04,4,q-fin
2015-05,3,q-fin
2015-06,5,q-fin
2015-07,3,q-fin
2015-08,9,q-fin
2015-09,5,q-fin
2015-10,4,q-fin
2015-11,6,q-fin
2015-12,5,q-fin
2016-01,3,q-fin
2016-02,3,q-fin
2016-03,8,q-fin
2016-04,4,q-fin
2016-05,5,q-fin
2016-06,5,q-fin
2016-07,2,q-fin
2016-08,4,q-fin
2016-09,2,q-fin
2016-10,4,q-fin
2016-11,6,q-fin
2016-12,2,q-fin
2017-01,9,q-fin
2017-02,6,q-fin
2017-03,4,q-fin
2017-04,6,q-fin
2017-05,5,q-fin
2017-06,8,q-fin
2017-07,10,q-fin
2017-08,3,q-fin
2017-09,2,q-fin
2017-10,8,q-fin
2017-11,7,q-fin
2017-12,9,q-fin
2018-01,12,q-fin
2018-02,6,q-fin
2018-03,7,q-fin
2018-04,4,q-fin
2018-05,4,q-fin
2018-06,5,q-fin
2018-07,3,q-fin
2018-08,8,q-fin
2018-09,12,q-fin
2018-10,7,q-fin
2018-11,12,q-fin
2018-12,3,q-fin
2019-01,8,q-fin
2019-02,9,q-fin
2019-03,9,q-fin
2019-04,7,q-fin
2019-05,7,q-fin
2019-06,4,q-fin
2019-07,7,q-fin
2019-08,4,q-fin
2019-09,4,q-fin
2019-10,6,q-fin
2019-11,9,q-fin
2019-12,9,q-fin
2020-01,3,q-fin
2020-02,7,q-fin
2020-03,16,q-fin
2020-04,10,q-fin
2020-05,18,q-fin
2020-06,11,q-fin
2020-07,7,q-fin
2020-08,6,q-fin
2020-09,9,q-fin
2020-10,6,q-fin
2020-11,7,q-fin
2020-12,5,q-fin
2021-01,7,q-fin
2021-02,10,q-fin
2021-03,14,q-fin
2021-04,8,q-fin
2021-05,12,q-fin
2021-06,9,q-fin
2021-07,9,q-fin
2021-08,8,q-fin
2021-09,5,q-fin
2021-10,4,q-fin
2021-11,6,q-fin
2021-12,8,q-fin
2022-01,5,q-fin
2022-02,11,q-fin
2022-03,10,q-fin
2022-04,7,q-fin
2022-05,10,q-fin
2022-06,6,q-fin
2022-07,13,q-fin
2022-08,6,q-fin
2022-09,12,q-fin
2022-10,15,q-fin
2022-11,15,q-fin
2022-12,11,q-fin
2023-01,15,q-fin
2023-02,10,q-fin
2023-03,7,q-fin
2023-04,4,q-fin
2023-05,13,q-fin
2023-06,6,q-fin
2023-07,8,q-fin
2023-08,8,q-fin
2023-09,17,q-fin
2023-10,13,q-fin
2023-11,11,q-fin
2023-12,7,q-fin
2024-01,13,q-fin
2024-02,13,q-fin
2024-03,7,q-fin
2009-01,7,q-fin
2009-02,6,q-fin
2009-03,6,q-fin
2009-04,10,q-fin
2009-05,7,q-fin
2009-06,5,q-fin
2009-07,4,q-fin
2009-08,3,q-fin
2009-09,5,q-fin
2009-11,5,q-fin
2009-12,6,q-fin
2010-01,8,q-fin
2010-02,11,q-fin
2010-03,7,q-fin
2010-04,4,q-fin
2010-05,9,q-fin
2010-06,7,q-fin
2010-08,2,q-fin
2010-09,5,q-fin
2010-10,9,q-fin
2010-11,4,q-fin
2010-12,7,q-fin
2011-01,7,q-fin
2011-02,8,q-fin
2011-03,8,q-fin
2011-04,10,q-fin
2011-05,7,q-fin
2011-06,4,q-fin
2011-07,10,q-fin
2011-08,6,q-fin
2011-09,9,q-fin
2011-10,21,q-fin
2011-11,4,q-fin
2011-12,8,q-fin
2012-01,8,q-fin
2012-02,8,q-fin
2012-03,5,q-fin
2012-04,10,q-fin
2012-05,9,q-fin
2012-06,8,q-fin
2012-07,6,q-fin
2012-08,10,q-fin
2012-09,9,q-fin
2012-10,14,q-fin
2012-11,10,q-fin
2012-12,8,q-fin
2013-01,14,q-fin
2013-02,12,q-fin
2013-03,16,q-fin
2013-04,16,q-fin
2013-05,8,q-fin
2013-06,10,q-fin
2013-07,15,q-fin
2013-08,5,q-fin
2013-09,9,q-fin
2013-10,11,q-fin
2013-11,4,q-fin
2013-12,9,q-fin
2014-01,17,q-fin
2014-02,9,q-fin
2014-03,10,q-fin
2014-04,10,q-fin
2014-05,3,q-fin
2014-06,5,q-fin
2014-07,6,q-fin
2014-08,6,q-fin
2014-09,9,q-fin
2014-10,10,q-fin
2014-11,3,q-fin
2014-12,6,q-fin
2015-01,5,q-fin
2015-02,8,q-fin
2015-03,3,q-fin
2015-04,5,q-fin
2015-05,6,q-fin
2015-06,6,q-fin
2015-07,8,q-fin
2015-08,6,q-fin
2015-09,8,q-fin
2015-10,4,q-fin
2015-11,9,q-fin
2015-12,7,q-fin
2016-01,6,q-fin
2016-02,8,q-fin
2016-03,6,q-fin
2016-04,10,q-fin
2016-05,9,q-fin
2016-06,5,q-fin
2016-07,9,q-fin
2016-08,9,q-fin
2016-09,7,q-fin
2016-10,7,q-fin
2016-11,10,q-fin
2016-12,9,q-fin
2017-01,9,q-fin
2017-02,2,q-fin
2017-03,2,q-fin
2017-04,5,q-fin
2017-05,9,q-fin
2017-06,4,q-fin
2017-07,7,q-fin
2017-08,7,q-fin
2017-09,6,q-fin
2017-10,2,q-fin
2017-11,6,q-fin
2017-12,7,q-fin
2018-01,7,q-fin
2018-02,3,q-fin
2018-03,1,q-fin
2018-04,10,q-fin
2018-05,11,q-fin
2018-06,5,q-fin
2018-07,4,q-fin
2018-08,4,q-fin
2018-09,6,q-fin
2018-10,8,q-fin
2018-11,4,q-fin
2018-12,9,q-fin
2019-01,11,q-fin
2019-02,5,q-fin
2019-03,9,q-fin
2019-04,3,q-fin
2019-05,12,q-fin
2019-06,11,q-fin
2019-07,9,q-fin
2019-08,6,q-fin
2019-09,4,q-fin
2019-10,13,q-fin
2019-11,6,q-fin
2019-12,11,q-fin
2020-01,9,q-fin
2020-02,6,q-fin
2020-03,16,q-fin
2020-04,11,q-fin
2020-05,25,q-fin
2020-06,12,q-fin
2020-07,16,q-fin
2020-08,18,q-fin
2020-09,17,q-fin
2020-10,10,q-fin
2020-11,9,q-fin
2020-12,6,q-fin
2021-01,8,q-fin
2021-02,4,q-fin
2021-03,10,q-fin
2021-04,2,q-fin
2021-05,7,q-fin
2021-06,8,q-fin
2021-07,8,q-fin
2021-08,10,q-fin
2021-09,9,q-fin
2021-10,5,q-fin
2021-11,2,q-fin
2021-12,7,q-fin
2022-01,8,q-fin
2022-02,8,q-fin
2022-03,9,q-fin
2022-04,3,q-fin
2022-05,7,q-fin
2022-06,9,q-fin
2022-07,15,q-fin
2022-08,3,q-fin
2022-09,10,q-fin
2022-10,4,q-fin
2022-11,4,q-fin
2022-12,10,q-fin
2023-01,1,q-fin
2023-02,8,q-fin
2023-03,2,q-fin
2023-04,5,q-fin
2023-05,7,q-fin
2023-06,6,q-fin
2023-07,11,q-fin
2023-08,5,q-fin
2023-09,14,q-fin
2023-10,4,q-fin
2023-11,14,q-fin
2023-12,2,q-fin
2024-01,11,q-fin
2024-02,5,q-fin
2024-03,9,q-fin
2014-04,4,q-fin
2014-05,12,q-fin
2014-06,9,q-fin
2014-07,7,q-fin
2014-08,9,q-fin
2014-09,7,q-fin
2014-10,14,q-fin
2014-11,9,q-fin
2014-12,13,q-fin
2015-01,7,q-fin
2015-02,18,q-fin
2015-03,10,q-fin
2015-04,13,q-fin
2015-05,10,q-fin
2015-06,13,q-fin
2015-07,4,q-fin
2015-08,5,q-fin
2015-09,8,q-fin
2015-10,10,q-fin
2015-11,11,q-fin
2015-12,18,q-fin
2016-01,10,q-fin
2016-02,17,q-fin
2016-03,12,q-fin
2016-04,13,q-fin
2016-05,10,q-fin
2016-06,9,q-fin
2016-07,12,q-fin
2016-08,13,q-fin
2016-09,7,q-fin
2016-10,22,q-fin
2016-11,8,q-fin
2016-12,13,q-fin
2017-01,11,q-fin
2017-02,9,q-fin
2017-03,13,q-fin
2017-04,8,q-fin
2017-05,19,q-fin
2017-06,5,q-fin
2017-07,11,q-fin
2017-08,8,q-fin
2017-09,18,q-fin
2017-10,11,q-fin
2017-11,14,q-fin
2017-12,9,q-fin
2018-01,16,q-fin
2018-02,10,q-fin
2018-03,16,q-fin
2018-04,11,q-fin
2018-05,11,q-fin
2018-06,13,q-fin
2018-07,16,q-fin
2018-08,11,q-fin
2018-09,17,q-fin
2018-10,10,q-fin
2018-11,12,q-fin
2018-12,7,q-fin
2019-01,14,q-fin
2019-02,5,q-fin
2019-03,11,q-fin
2019-04,16,q-fin
2019-05,12,q-fin
2019-06,11,q-fin
2019-07,19,q-fin
2019-08,17,q-fin
2019-09,22,q-fin
2019-10,18,q-fin
2019-11,13,q-fin
2019-12,18,q-fin
2020-01,14,q-fin
2020-02,11,q-fin
2020-03,12,q-fin
2020-04,10,q-fin
2020-05,13,q-fin
2020-06,23,q-fin
2020-07,9,q-fin
2020-08,9,q-fin
2020-09,12,q-fin
2020-10,11,q-fin
2020-11,19,q-fin
2020-12,12,q-fin
2021-01,15,q-fin
2021-02,12,q-fin
2021-03,12,q-fin
2021-04,14,q-fin
2021-05,10,q-fin
2021-06,12,q-fin
2021-07,14,q-fin
2021-08,10,q-fin
2021-09,5,q-fin
2021-10,7,q-fin
2021-11,17,q-fin
2021-12,17,q-fin
2022-01,12,q-fin
2022-02,12,q-fin
2022-03,7,q-fin
2022-04,9,q-fin
2022-05,7,q-fin
2022-06,7,q-fin
2022-07,13,q-fin
2022-08,7,q-fin
2022-09,15,q-fin
2022-10,11,q-fin
2022-11,16,q-fin
2022-12,17,q-fin
2023-01,14,q-fin
2023-02,15,q-fin
2023-03,17,q-fin
2023-04,7,q-fin
2023-05,12,q-fin
2023-06,15,q-fin
2023-07,17,q-fin
2023-08,11,q-fin
2023-09,12,q-fin
2023-10,6,q-fin
2023-11,18,q-fin
2023-12,14,q-fin
2024-01,13,q-fin
2024-02,10,q-fin
2024-03,12,q-fin
2009-01,3,q-fin
2009-02,1,q-fin
2009-03,1,q-fin
2009-04,1,q-fin
2009-05,3,q-fin
2009-06,2,q-fin
2009-07,2,q-fin
2009-08,6,q-fin
2009-09,2,q-fin
2009-11,5,q-fin
2009-12,5,q-fin
2010-01,5,q-fin
2010-02,4,q-fin
2010-03,5,q-fin
2010-04,7,q-fin
2010-05,5,q-fin
2010-06,1,q-fin
2010-08,2,q-fin
2010-09,1,q-fin
2010-10,6,q-fin
2010-11,1,q-fin
2010-12,1,q-fin
2011-01,2,q-fin
2011-02,8,q-fin
2011-03,5,q-fin
2011-04,1,q-fin
2011-05,4,q-fin
2011-06,4,q-fin
2011-07,5,q-fin
2011-08,6,q-fin
2011-09,9,q-fin
2011-10,5,q-fin
2011-11,5,q-fin
2011-12,7,q-fin
2012-01,2,q-fin
2012-02,1,q-fin
2012-03,3,q-fin
2012-04,2,q-fin
2012-05,5,q-fin
2012-06,6,q-fin
2012-07,7,q-fin
2012-08,3,q-fin
2012-09,5,q-fin
2012-10,5,q-fin
2012-11,6,q-fin
2012-12,4,q-fin
2013-01,10,q-fin
2013-02,7,q-fin
2013-03,7,q-fin
2013-04,4,q-fin
2013-05,4,q-fin
2013-06,3,q-fin
2013-07,5,q-fin
2013-08,6,q-fin
2013-09,7,q-fin
2013-10,5,q-fin
2013-11,8,q-fin
2013-12,7,q-fin
2014-01,2,q-fin
2014-02,8,q-fin
2014-03,13,q-fin
2014-04,9,q-fin
2014-05,3,q-fin
2014-06,12,q-fin
2014-07,5,q-fin
2014-08,6,q-fin
2014-09,5,q-fin
2014-10,8,q-fin
2014-11,6,q-fin
2014-12,2,q-fin
2015-01,6,q-fin
2015-02,4,q-fin
2015-03,1,q-fin
2015-04,4,q-fin
2015-05,1,q-fin
2015-06,3,q-fin
2015-07,3,q-fin
2015-08,3,q-fin
2015-09,5,q-fin
2015-10,7,q-fin
2015-11,3,q-fin
2015-12,4,q-fin
2016-01,8,q-fin
2016-02,8,q-fin
2016-03,7,q-fin
2016-04,1,q-fin
2016-05,9,q-fin
2016-06,4,q-fin
2016-07,1,q-fin
2016-08,5,q-fin
2016-09,1,q-fin
2016-10,8,q-fin
2016-11,8,q-fin
2016-12,4,q-fin
2017-01,2,q-fin
2017-02,2,q-fin
2017-03,3,q-fin
2017-04,4,q-fin
2017-05,7,q-fin
2017-06,4,q-fin
2017-07,5,q-fin
2017-08,5,q-fin
2017-09,8,q-fin
2017-10,5,q-fin
2017-11,5,q-fin
2017-12,6,q-fin
2018-01,3,q-fin
2018-02,7,q-fin
2018-03,7,q-fin
2018-04,3,q-fin
2018-05,5,q-fin
2018-06,6,q-fin
2018-07,6,q-fin
2018-08,9,q-fin
2018-09,6,q-fin
2018-10,11,q-fin
2018-11,5,q-fin
2018-12,2,q-fin
2019-01,5,q-fin
2019-02,5,q-fin
2019-03,10,q-fin
2019-04,5,q-fin
2019-05,5,q-fin
2019-06,5,q-fin
2019-07,8,q-fin
2019-08,12,q-fin
2019-09,7,q-fin
2019-10,9,q-fin
2019-11,8,q-fin
2019-12,3,q-fin
2020-01,4,q-fin
2020-02,6,q-fin
2020-03,6,q-fin
2020-04,7,q-fin
2020-05,12,q-fin
2020-06,8,q-fin
2020-07,7,q-fin
2020-08,5,q-fin
2020-09,8,q-fin
2020-10,7,q-fin
2020-11,6,q-fin
2020-12,6,q-fin
2021-01,6,q-fin
2021-02,4,q-fin
2021-03,10,q-fin
2021-04,8,q-fin
2021-05,8,q-fin
2021-06,9,q-fin
2021-07,6,q-fin
2021-08,6,q-fin
2021-09,6,q-fin
2021-10,2,q-fin
2021-11,11,q-fin
2021-12,7,q-fin
2022-01,9,q-fin
2022-02,14,q-fin
2022-03,5,q-fin
2022-04,6,q-fin
2022-05,4,q-fin
2022-06,9,q-fin
2022-07,3,q-fin
2022-08,11,q-fin
2022-09,7,q-fin
2022-10,6,q-fin
2022-11,7,q-fin
2022-12,2,q-fin
2023-01,6,q-fin
2023-02,11,q-fin
2023-03,15,q-fin
2023-04,4,q-fin
2023-05,12,q-fin
2023-06,11,q-fin
2023-07,10,q-fin
2023-08,11,q-fin
2023-09,10,q-fin
2023-10,11,q-fin
2023-11,16,q-fin
2023-12,13,q-fin
2024-01,13,q-fin
2024-02,9,q-fin
2024-03,4,q-fin
2009-01,9,q-fin
2009-02,2,q-fin
2009-03,4,q-fin
2009-04,8,q-fin
2009-05,7,q-fin
2009-06,6,q-fin
2009-07,6,q-fin
2009-08,5,q-fin
2009-09,4,q-fin
2009-10,6,q-fin
2009-11,13,q-fin
2009-12,12,q-fin
2010-01,15,q-fin
2010-02,5,q-fin
2010-03,6,q-fin
2010-04,9,q-fin
2010-05,8,q-fin
2010-06,7,q-fin
2010-07,8,q-fin
2010-08,6,q-fin
2010-09,8,q-fin
2010-10,8,q-fin
2010-11,8,q-fin
2010-12,9,q-fin
2011-01,5,q-fin
2011-02,3,q-fin
2011-03,6,q-fin
2011-04,5,q-fin
2011-05,6,q-fin
2011-06,4,q-fin
2011-07,3,q-fin
2011-08,7,q-fin
2011-09,3,q-fin
2011-10,4,q-fin
2011-11,6,q-fin
2011-12,8,q-fin
2012-01,5,q-fin
2012-02,8,q-fin
2012-03,11,q-fin
2012-04,9,q-fin
2012-05,12,q-fin
2012-06,9,q-fin
2012-07,5,q-fin
2012-08,5,q-fin
2012-09,9,q-fin
2012-10,9,q-fin
2012-11,8,q-fin
2012-12,5,q-fin
2013-01,10,q-fin
2013-02,19,q-fin
2013-03,10,q-fin
2013-04,10,q-fin
2013-05,13,q-fin
2013-06,5,q-fin
2013-07,10,q-fin
2013-08,10,q-fin
2013-09,12,q-fin
2013-10,15,q-fin
2013-11,11,q-fin
2013-12,8,q-fin
2014-01,6,q-fin
2014-02,7,q-fin
2014-03,13,q-fin
2014-04,11,q-fin
2014-05,4,q-fin
2014-06,8,q-fin
2014-07,12,q-fin
2014-09,5,q-fin
2014-10,4,q-fin
2014-11,2,q-fin
2014-12,5,q-fin
2015-01,5,q-fin
2015-02,5,q-fin
2015-03,9,q-fin
2015-04,6,q-fin
2015-05,6,q-fin
2015-06,5,q-fin
2015-07,7,q-fin
2015-08,3,q-fin
2015-09,3,q-fin
2015-10,5,q-fin
2015-11,4,q-fin
2015-12,8,q-fin
2016-01,5,q-fin
2016-02,7,q-fin
2016-03,4,q-fin
2016-04,5,q-fin
2016-05,3,q-fin
2016-06,3,q-fin
2016-07,7,q-fin
2016-08,7,q-fin
2016-09,7,q-fin
2016-10,4,q-fin
2016-11,4,q-fin
2016-12,7,q-fin
2017-01,6,q-fin
2017-02,5,q-fin
2017-03,7,q-fin
2017-04,1,q-fin
2017-05,3,q-fin
2017-06,4,q-fin
2017-07,10,q-fin
2017-08,7,q-fin
2017-09,3,q-fin
2017-10,7,q-fin
2017-11,5,q-fin
2017-12,6,q-fin
2018-01,6,q-fin
2018-02,8,q-fin
2018-03,5,q-fin
2018-04,7,q-fin
2018-05,7,q-fin
2018-06,5,q-fin
2018-07,3,q-fin
2018-08,10,q-fin
2018-09,5,q-fin
2018-10,5,q-fin
2018-11,3,q-fin
2018-12,3,q-fin
2019-01,3,q-fin
2019-02,2,q-fin
2019-03,4,q-fin
2019-04,3,q-fin
2019-05,4,q-fin
2019-06,10,q-fin
2019-07,1,q-fin
2019-08,6,q-fin
2019-09,5,q-fin
2019-10,6,q-fin
2019-11,3,q-fin
2019-12,8,q-fin
2020-01,9,q-fin
2020-02,5,q-fin
2020-03,4,q-fin
2020-04,5,q-fin
2020-05,4,q-fin
2020-06,7,q-fin
2020-07,8,q-fin
2020-08,5,q-fin
2020-09,5,q-fin
2020-10,2,q-fin
2020-11,3,q-fin
2021-01,4,q-fin
2021-02,4,q-fin
2021-03,4,q-fin
2021-04,6,q-fin
2021-05,7,q-fin
2021-06,1,q-fin
2021-07,4,q-fin
2021-08,3,q-fin
2021-09,9,q-fin
2021-10,1,q-fin
2021-11,3,q-fin
2021-12,8,q-fin
2022-01,3,q-fin
2022-02,5,q-fin
2022-03,4,q-fin
2022-04,2,q-fin
2022-05,8,q-fin
2022-06,2,q-fin
2022-07,1,q-fin
2022-08,6,q-fin
2022-09,6,q-fin
2022-10,2,q-fin
2022-11,5,q-fin
2022-12,4,q-fin
2023-01,9,q-fin
2023-02,5,q-fin
2023-03,6,q-fin
2023-04,4,q-fin
2023-05,5,q-fin
2023-06,5,q-fin
2023-07,8,q-fin
2023-08,5,q-fin
2023-09,4,q-fin
2023-10,5,q-fin
2023-11,4,q-fin
2023-12,4,q-fin
2024-01,5,q-fin
2024-02,8,q-fin
2024-03,4,q-fin
2009-01,1,q-fin
2009-02,2,q-fin
2009-04,15,q-fin
2009-05,4,q-fin
2009-06,2,q-fin
2009-07,3,q-fin
2009-09,2,q-fin
2009-10,2,q-fin
2009-11,3,q-fin
2009-12,2,q-fin
2010-01,4,q-fin
2010-02,7,q-fin
2010-03,3,q-fin
2010-04,5,q-fin
2010-05,5,q-fin
2010-06,4,q-fin
2010-07,5,q-fin
2010-08,1,q-fin
2010-09,8,q-fin
2010-10,4,q-fin
2010-11,7,q-fin
2010-12,3,q-fin
2011-01,2,q-fin
2011-02,7,q-fin
2011-03,21,q-fin
2011-04,4,q-fin
2011-05,2,q-fin
2011-06,2,q-fin
2011-07,5,q-fin
2011-08,1,q-fin
2011-09,3,q-fin
2011-10,5,q-fin
2011-11,8,q-fin
2011-12,6,q-fin
2012-01,6,q-fin
2012-02,5,q-fin
2012-03,6,q-fin
2012-04,3,q-fin
2012-05,7,q-fin
2012-06,6,q-fin
2012-07,3,q-fin
2012-08,2,q-fin
2012-09,4,q-fin
2012-10,8,q-fin
2012-11,5,q-fin
2012-12,5,q-fin
2013-01,11,q-fin
2013-02,1,q-fin
2013-03,4,q-fin
2013-04,5,q-fin
2013-05,3,q-fin
2013-06,9,q-fin
2013-07,5,q-fin
2013-08,7,q-fin
2013-09,4,q-fin
2013-10,2,q-fin
2013-11,3,q-fin
2013-12,8,q-fin
2014-01,6,q-fin
2014-02,6,q-fin
2014-03,4,q-fin
2014-04,1,q-fin
2014-05,5,q-fin
2014-06,7,q-fin
2014-07,2,q-fin
2014-08,4,q-fin
2014-09,4,q-fin
2014-10,9,q-fin
2014-11,8,q-fin
2014-12,6,q-fin
2015-01,3,q-fin
2015-02,5,q-fin
2015-03,10,q-fin
2015-04,6,q-fin
2015-05,10,q-fin
2015-06,5,q-fin
2015-07,7,q-fin
2015-08,4,q-fin
2015-09,2,q-fin
2015-10,9,q-fin
2015-11,7,q-fin
2015-12,4,q-fin
2016-01,8,q-fin
2016-02,6,q-fin
2016-03,7,q-fin
2016-04,2,q-fin
2016-05,1,q-fin
2016-06,3,q-fin
2016-07,8,q-fin
2016-08,6,q-fin
2016-09,6,q-fin
2016-10,7,q-fin
2016-11,4,q-fin
2016-12,8,q-fin
2017-01,4,q-fin
2017-02,6,q-fin
2017-03,4,q-fin
2017-04,7,q-fin
2017-05,2,q-fin
2017-06,6,q-fin
2017-07,9,q-fin
2017-08,7,q-fin
2017-09,3,q-fin
2017-10,10,q-fin
2017-11,4,q-fin
2017-12,1,q-fin
2018-01,12,q-fin
2018-02,5,q-fin
2018-03,10,q-fin
2018-04,4,q-fin
2018-05,10,q-fin
2018-06,5,q-fin
2018-07,5,q-fin
2018-08,4,q-fin
2018-09,8,q-fin
2018-10,5,q-fin
2018-11,6,q-fin
2018-12,12,q-fin
2019-01,2,q-fin
2019-02,8,q-fin
2019-03,4,q-fin
2019-04,6,q-fin
2019-05,6,q-fin
2019-06,6,q-fin
2019-07,6,q-fin
2019-08,9,q-fin
2019-09,7,q-fin
2019-10,4,q-fin
2019-11,9,q-fin
2019-12,12,q-fin
2020-01,2,q-fin
2020-02,8,q-fin
2020-03,9,q-fin
2020-04,10,q-fin
2020-05,13,q-fin
2020-06,10,q-fin
2020-07,12,q-fin
2020-08,11,q-fin
2020-09,13,q-fin
2020-10,9,q-fin
2020-11,7,q-fin
2020-12,14,q-fin
2021-01,8,q-fin
2021-02,7,q-fin
2021-03,11,q-fin
2021-04,7,q-fin
2021-05,8,q-fin
2021-06,8,q-fin
2021-07,20,q-fin
2021-08,7,q-fin
2021-09,8,q-fin
2021-10,13,q-fin
2021-11,6,q-fin
2021-12,7,q-fin
2022-01,8,q-fin
2022-02,17,q-fin
2022-03,8,q-fin
2022-04,7,q-fin
2022-05,14,q-fin
2022-06,9,q-fin
2022-07,8,q-fin
2022-08,5,q-fin
2022-09,8,q-fin
2022-10,8,q-fin
2022-11,7,q-fin
2022-12,10,q-fin
2023-01,5,q-fin
2023-02,5,q-fin
2023-03,6,q-fin
2023-04,10,q-fin
2023-05,7,q-fin
2023-06,2,q-fin
2023-07,6,q-fin
2023-08,5,q-fin
2023-09,8,q-fin
2023-10,17,q-fin
2023-11,10,q-fin
2023-12,5,q-fin
2024-01,13,q-fin
2024-02,14,q-fin
2024-03,11,q-fin
2009-01,8,q-fin
2009-02,2,q-fin
2009-03,8,q-fin
2009-04,4,q-fin
2009-05,8,q-fin
2009-06,4,q-fin
2009-07,3,q-fin
2009-08,4,q-fin
2009-09,5,q-fin
2009-10,7,q-fin
2009-11,7,q-fin
2009-12,7,q-fin
2010-01,5,q-fin
2010-02,8,q-fin
2010-03,5,q-fin
2010-04,6,q-fin
2010-05,7,q-fin
2010-06,6,q-fin
2010-07,4,q-fin
2010-08,4,q-fin
2010-09,10,q-fin
2010-10,7,q-fin
2010-11,11,q-fin
2010-12,2,q-fin
2011-01,2,q-fin
2011-02,10,q-fin
2011-03,13,q-fin
2011-04,2,q-fin
2011-06,5,q-fin
2011-07,4,q-fin
2011-08,5,q-fin
2011-09,6,q-fin
2011-10,11,q-fin
2011-11,5,q-fin
2011-12,7,q-fin
2012-01,15,q-fin
2012-02,10,q-fin
2012-03,4,q-fin
2012-04,6,q-fin
2012-05,12,q-fin
2012-06,5,q-fin
2012-07,4,q-fin
2012-08,7,q-fin
2012-09,5,q-fin
2012-10,3,q-fin
2012-11,5,q-fin
2012-12,4,q-fin
2013-01,6,q-fin
2013-02,6,q-fin
2013-03,4,q-fin
2013-04,4,q-fin
2013-05,7,q-fin
2013-06,9,q-fin
2013-07,9,q-fin
2013-08,10,q-fin
2013-09,12,q-fin
2013-10,9,q-fin
2013-11,12,q-fin
2013-12,3,q-fin
2014-01,9,q-fin
2014-02,9,q-fin
2014-03,14,q-fin
2014-04,6,q-fin
2014-05,5,q-fin
2014-06,13,q-fin
2014-07,7,q-fin
2014-08,8,q-fin
2014-09,9,q-fin
2014-10,4,q-fin
2014-11,6,q-fin
2014-12,6,q-fin
2015-01,7,q-fin
2015-02,6,q-fin
2015-03,9,q-fin
2015-04,8,q-fin
2015-05,5,q-fin
2015-06,5,q-fin
2015-07,9,q-fin
2015-08,10,q-fin
2015-09,9,q-fin
2015-10,15,q-fin
2015-11,4,q-fin
2015-12,4,q-fin
2016-01,9,q-fin
2016-02,11,q-fin
2016-03,7,q-fin
2016-04,5,q-fin
2016-05,9,q-fin
2016-06,4,q-fin
2016-07,5,q-fin
2016-08,9,q-fin
2016-09,3,q-fin
2016-10,16,q-fin
2016-11,12,q-fin
2016-12,10,q-fin
2017-01,4,q-fin
2017-02,7,q-fin
2017-03,10,q-fin
2017-04,7,q-fin
2017-05,6,q-fin
2017-06,7,q-fin
2017-07,12,q-fin
2017-08,7,q-fin
2017-09,9,q-fin
2017-10,5,q-fin
2017-11,4,q-fin
2017-12,7,q-fin
2018-01,7,q-fin
2018-02,4,q-fin
2018-03,11,q-fin
2018-04,6,q-fin
2018-05,6,q-fin
2018-06,11,q-fin
2018-07,11,q-fin
2018-08,9,q-fin
2018-09,16,q-fin
2018-10,7,q-fin
2018-11,12,q-fin
2018-12,11,q-fin
2019-01,6,q-fin
2019-02,14,q-fin
2019-03,9,q-fin
2019-04,13,q-fin
2019-05,11,q-fin
2019-06,14,q-fin
2019-07,16,q-fin
2019-08,11,q-fin
2019-09,11,q-fin
2019-10,14,q-fin
2019-11,9,q-fin
2019-12,8,q-fin
2020-01,8,q-fin
2020-02,16,q-fin
2020-03,10,q-fin
2020-04,26,q-fin
2020-05,13,q-fin
2020-06,15,q-fin
2020-07,16,q-fin
2020-08,16,q-fin
2020-09,26,q-fin
2020-10,22,q-fin
2020-11,14,q-fin
2020-12,8,q-fin
2021-01,11,q-fin
2021-02,13,q-fin
2021-03,23,q-fin
2021-04,15,q-fin
2021-05,12,q-fin
2021-06,19,q-fin
2021-07,24,q-fin
2021-08,9,q-fin
2021-09,10,q-fin
2021-10,13,q-fin
2021-11,14,q-fin
2021-12,14,q-fin
2022-01,16,q-fin
2022-02,12,q-fin
2022-03,13,q-fin
2022-04,19,q-fin
2022-05,14,q-fin
2022-06,9,q-fin
2022-07,10,q-fin
2022-08,15,q-fin
2022-09,10,q-fin
2022-10,13,q-fin
2022-11,12,q-fin
2022-12,9,q-fin
2023-01,10,q-fin
2023-02,12,q-fin
2023-03,19,q-fin
2023-04,16,q-fin
2023-05,14,q-fin
2023-06,20,q-fin
2023-07,16,q-fin
2023-08,13,q-fin
2023-09,16,q-fin
2023-10,9,q-fin
2023-11,20,q-fin
2023-12,10,q-fin
2024-01,18,q-fin
2024-02,14,q-fin
2024-03,17,q-fin
2009-01,3,q-fin
2009-02,6,q-fin
2009-03,1,q-fin
2009-04,6,q-fin
2009-05,4,q-fin
2009-06,1,q-fin
2009-07,3,q-fin
2009-08,2,q-fin
2009-09,1,q-fin
2009-10,2,q-fin
2009-11,1,q-fin
2009-12,1,q-fin
2010-01,2,q-fin
2010-02,3,q-fin
2010-03,4,q-fin
2010-04,4,q-fin
2010-05,2,q-fin
2010-06,6,q-fin
2010-07,5,q-fin
2010-08,1,q-fin
2010-09,5,q-fin
2010-10,2,q-fin
2010-11,5,q-fin
2010-12,2,q-fin
2011-01,2,q-fin
2011-02,3,q-fin
2011-03,6,q-fin
2011-04,2,q-fin
2011-05,7,q-fin
2011-06,4,q-fin
2011-07,4,q-fin
2011-08,3,q-fin
2011-09,3,q-fin
2011-10,7,q-fin
2011-11,2,q-fin
2011-12,6,q-fin
2012-01,3,q-fin
2012-02,4,q-fin
2012-04,7,q-fin
2012-05,5,q-fin
2012-06,3,q-fin
2012-07,5,q-fin
2012-08,1,q-fin
2012-09,2,q-fin
2012-10,7,q-fin
2012-11,6,q-fin
2012-12,3,q-fin
2013-01,6,q-fin
2013-02,3,q-fin
2013-03,4,q-fin
2013-04,3,q-fin
2013-05,5,q-fin
2013-06,2,q-fin
2013-07,2,q-fin
2013-09,6,q-fin
2013-10,8,q-fin
2013-11,6,q-fin
2013-12,11,q-fin
2014-01,6,q-fin
2014-02,6,q-fin
2014-03,3,q-fin
2014-04,5,q-fin
2014-05,6,q-fin
2014-06,2,q-fin
2014-07,5,q-fin
2014-08,2,q-fin
2014-09,5,q-fin
2014-10,2,q-fin
2014-11,3,q-fin
2014-12,8,q-fin
2015-01,4,q-fin
2015-02,5,q-fin
2015-03,2,q-fin
2015-04,6,q-fin
2015-05,3,q-fin
2015-06,4,q-fin
2015-07,3,q-fin
2015-08,5,q-fin
2015-09,7,q-fin
2015-10,2,q-fin
2015-11,6,q-fin
2015-12,3,q-fin
2016-01,3,q-fin
2016-02,11,q-fin
2016-03,7,q-fin
2016-04,3,q-fin
2016-05,6,q-fin
2016-06,3,q-fin
2016-07,3,q-fin
2016-08,2,q-fin
2016-09,8,q-fin
2016-10,7,q-fin
2016-11,1,q-fin
2016-12,1,q-fin
2017-01,4,q-fin
2017-02,4,q-fin
2017-03,3,q-fin
2017-04,4,q-fin
2017-05,4,q-fin
2017-06,3,q-fin
2017-07,4,q-fin
2017-08,8,q-fin
2017-09,5,q-fin
2017-10,6,q-fin
2017-11,2,q-fin
2017-12,3,q-fin
2018-01,1,q-fin
2018-02,7,q-fin
2018-03,3,q-fin
2018-04,3,q-fin
2018-05,6,q-fin
2018-06,5,q-fin
2018-07,7,q-fin
2018-08,4,q-fin
2018-09,5,q-fin
2018-10,6,q-fin
2018-11,9,q-fin
2018-12,8,q-fin
2019-01,5,q-fin
2019-02,8,q-fin
2019-03,4,q-fin
2019-04,5,q-fin
2019-05,4,q-fin
2019-06,9,q-fin
2019-07,6,q-fin
2019-08,7,q-fin
2019-09,6,q-fin
2019-10,7,q-fin
2019-11,7,q-fin
2019-12,8,q-fin
2020-01,7,q-fin
2020-02,12,q-fin
2020-03,9,q-fin
2020-04,12,q-fin
2020-05,6,q-fin
2020-06,11,q-fin
2020-07,3,q-fin
2020-08,3,q-fin
2020-09,11,q-fin
2020-10,9,q-fin
2020-11,6,q-fin
2020-12,15,q-fin
2021-01,7,q-fin
2021-02,5,q-fin
2021-03,12,q-fin
2021-04,3,q-fin
2021-05,8,q-fin
2021-06,10,q-fin
2021-07,8,q-fin
2021-08,2,q-fin
2021-09,7,q-fin
2021-10,14,q-fin
2021-11,5,q-fin
2021-12,10,q-fin
2022-01,6,q-fin
2022-02,4,q-fin
2022-03,5,q-fin
2022-04,7,q-fin
2022-05,6,q-fin
2022-06,7,q-fin
2022-07,6,q-fin
2022-08,8,q-fin
2022-09,3,q-fin
2022-10,9,q-fin
2022-11,9,q-fin
2022-12,5,q-fin
2023-01,8,q-fin
2023-02,4,q-fin
2023-03,7,q-fin
2023-04,4,q-fin
2023-05,4,q-fin
2023-06,11,q-fin
2023-07,16,q-fin
2023-08,8,q-fin
2023-09,9,q-fin
2023-10,6,q-fin
2023-11,5,q-fin
2023-12,8,q-fin
2024-01,11,q-fin
2024-02,9,q-fin
2024-03,12,q-fin
2009-01,24,stat
2009-02,4,stat
2009-03,8,stat
2009-04,3,stat
2009-05,12,stat
2009-06,13,stat
2009-07,11,stat
2009-08,26,stat
2009-09,7,stat
2009-10,18,stat
2009-11,5,stat
2009-12,3,stat
2010-01,1,stat
2010-02,8,stat
2010-03,5,stat
2010-04,8,stat
2010-05,9,stat
2010-06,12,stat
2010-07,13,stat
2010-08,6,stat
2010-09,26,stat
2010-10,33,stat
2010-11,59,stat
2010-12,6,stat
2011-01,38,stat
2011-02,6,stat
2011-03,10,stat
2011-04,38,stat
2011-05,15,stat
2011-06,9,stat
2011-07,29,stat
2011-08,34,stat
2011-09,14,stat
2011-10,13,stat
2011-11,28,stat
2011-12,12,stat
2012-01,16,stat
2012-02,30,stat
2012-03,35,stat
2012-04,20,stat
2012-05,20,stat
2012-06,34,stat
2012-07,27,stat
2012-08,18,stat
2012-09,24,stat
2012-10,30,stat
2012-11,25,stat
2012-12,18,stat
2013-01,41,stat
2013-02,22,stat
2013-03,31,stat
2013-04,38,stat
2013-05,17,stat
2013-06,29,stat
2013-07,22,stat
2013-08,20,stat
2013-09,15,stat
2013-10,28,stat
2013-11,36,stat
2013-12,48,stat
2014-01,57,stat
2014-02,30,stat
2014-03,36,stat
2014-04,32,stat
2014-05,31,stat
2014-06,18,stat
2014-07,43,stat
2014-08,23,stat
2014-09,35,stat
2014-10,30,stat
2014-11,46,stat
2014-12,37,stat
2015-01,49,stat
2015-02,34,stat
2015-03,36,stat
2015-04,21,stat
2015-05,34,stat
2015-06,31,stat
2015-07,42,stat
2015-08,39,stat
2015-09,49,stat
2015-10,32,stat
2015-11,52,stat
2015-12,30,stat
2016-01,40,stat
2016-02,63,stat
2016-03,44,stat
2016-04,38,stat
2016-05,42,stat
2016-06,47,stat
2016-07,40,stat
2016-08,43,stat
2016-09,37,stat
2016-10,40,stat
2016-11,50,stat
2016-12,49,stat
2017-01,49,stat
2017-02,44,stat
2017-03,61,stat
2017-04,59,stat
2017-05,63,stat
2017-06,45,stat
2017-07,57,stat
2017-08,55,stat
2017-09,46,stat
2017-10,67,stat
2017-11,57,stat
2017-12,38,stat
2018-01,60,stat
2018-02,55,stat
2018-03,67,stat
2018-04,59,stat
2018-05,75,stat
2018-06,66,stat
2018-07,72,stat
2018-08,66,stat
2018-09,53,stat
2018-10,84,stat
2018-11,60,stat
2018-12,59,stat
2019-01,62,stat
2019-02,67,stat
2019-03,76,stat
2019-04,75,stat
2019-05,62,stat
2019-06,84,stat
2019-07,67,stat
2019-08,72,stat
2019-09,66,stat
2019-10,90,stat
2019-11,88,stat
2019-12,81,stat
2020-01,68,stat
2020-02,59,stat
2020-03,81,stat
2020-04,81,stat
2020-05,92,stat
2020-06,95,stat
2020-07,107,stat
2020-08,83,stat
2020-09,90,stat
2020-10,74,stat
2020-11,79,stat
2020-12,84,stat
2021-01,74,stat
2021-02,79,stat
2021-03,83,stat
2021-04,59,stat
2021-05,62,stat
2021-06,92,stat
2021-07,55,stat
2021-08,56,stat
2021-09,62,stat
2021-10,72,stat
2021-11,91,stat
2021-12,66,stat
2022-01,59,stat
2022-02,63,stat
2022-03,66,stat
2022-04,45,stat
2022-05,55,stat
2022-06,66,stat
2022-07,53,stat
2022-08,69,stat
2022-09,58,stat
2022-10,89,stat
2022-11,73,stat
2022-12,53,stat
2023-01,59,stat
2023-02,57,stat
2023-03,84,stat
2023-04,55,stat
2023-05,82,stat
2023-06,71,stat
2023-07,68,stat
2023-08,57,stat
2023-09,56,stat
2023-10,79,stat
2023-11,70,stat
2023-12,66,stat
2024-01,71,stat
2024-02,67,stat
2024-03,55,stat
2009-01,5,stat
2009-02,5,stat
2009-03,2,stat
2009-04,5,stat
2009-05,4,stat
2009-06,3,stat
2009-07,7,stat
2009-08,3,stat
2009-09,5,stat
2009-10,5,stat
2009-11,5,stat
2009-12,3,stat
2010-01,6,stat
2010-02,7,stat
2010-03,7,stat
2010-04,10,stat
2010-05,7,stat
2010-06,5,stat
2010-07,4,stat
2010-08,4,stat
2010-09,10,stat
2010-10,7,stat
2010-11,17,stat
2010-12,5,stat
2011-01,9,stat
2011-02,4,stat
2011-03,8,stat
2011-04,3,stat
2011-05,10,stat
2011-06,6,stat
2011-07,5,stat
2011-08,7,stat
2011-09,6,stat
2011-10,14,stat
2011-11,11,stat
2011-12,6,stat
2012-01,14,stat
2012-02,11,stat
2012-03,9,stat
2012-04,4,stat
2012-05,15,stat
2012-06,16,stat
2012-07,13,stat
2012-08,13,stat
2012-09,6,stat
2012-10,16,stat
2012-11,16,stat
2012-12,10,stat
2013-01,15,stat
2013-02,7,stat
2013-03,8,stat
2013-04,11,stat
2013-05,10,stat
2013-06,21,stat
2013-07,16,stat
2013-08,9,stat
2013-09,22,stat
2013-10,15,stat
2013-11,16,stat
2013-12,14,stat
2014-01,20,stat
2014-02,19,stat
2014-03,21,stat
2014-04,15,stat
2014-05,21,stat
2014-06,18,stat
2014-07,15,stat
2014-08,16,stat
2014-09,16,stat
2014-10,18,stat
2014-11,18,stat
2014-12,27,stat
2015-01,19,stat
2015-02,31,stat
2015-03,22,stat
2015-04,24,stat
2015-05,20,stat
2015-06,30,stat
2015-07,32,stat
2015-08,15,stat
2015-09,29,stat
2015-10,21,stat
2015-11,20,stat
2015-12,24,stat
2016-01,11,stat
2016-02,25,stat
2016-03,25,stat
2016-04,14,stat
2016-05,22,stat
2016-06,30,stat
2016-07,19,stat
2016-08,29,stat
2016-09,19,stat
2016-10,23,stat
2016-11,21,stat
2016-12,23,stat
2017-01,20,stat
2017-02,29,stat
2017-03,29,stat
2017-04,20,stat
2017-05,37,stat
2017-06,25,stat
2017-07,24,stat
2017-08,20,stat
2017-09,36,stat
2017-10,30,stat
2017-11,22,stat
2017-12,17,stat
2018-01,24,stat
2018-02,23,stat
2018-03,34,stat
2018-04,26,stat
2018-05,21,stat
2018-06,38,stat
2018-07,21,stat
2018-08,21,stat
2018-09,27,stat
2018-10,31,stat
2018-11,28,stat
2018-12,28,stat
2019-01,18,stat
2019-02,24,stat
2019-03,36,stat
2019-04,24,stat
2019-05,39,stat
2019-06,28,stat
2019-07,25,stat
2019-08,21,stat
2019-09,21,stat
2019-10,27,stat
2019-11,28,stat
2019-12,23,stat
2020-01,32,stat
2020-02,26,stat
2020-03,20,stat
2020-04,34,stat
2020-05,19,stat
2020-06,23,stat
2020-07,24,stat
2020-08,15,stat
2020-09,24,stat
2020-10,24,stat
2020-11,23,stat
2020-12,24,stat
2021-01,28,stat
2021-02,22,stat
2021-03,22,stat
2021-04,21,stat
2021-05,27,stat
2021-06,31,stat
2021-07,23,stat
2021-08,22,stat
2021-09,22,stat
2021-10,30,stat
2021-11,18,stat
2021-12,26,stat
2022-01,20,stat
2022-02,19,stat
2022-03,24,stat
2022-04,22,stat
2022-05,29,stat
2022-06,34,stat
2022-07,20,stat
2022-08,25,stat
2022-09,22,stat
2022-10,32,stat
2022-11,31,stat
2022-12,12,stat
2023-01,15,stat
2023-02,19,stat
2023-03,29,stat
2023-04,16,stat
2023-05,20,stat
2023-06,20,stat
2023-07,18,stat
2023-08,18,stat
2023-09,21,stat
2023-10,31,stat
2023-11,19,stat
2023-12,19,stat
2024-01,21,stat
2024-02,18,stat
2024-03,22,stat
2009-01,12,stat
2009-02,17,stat
2009-03,19,stat
2009-04,15,stat
2009-05,12,stat
2009-06,23,stat
2009-07,15,stat
2009-08,14,stat
2009-09,14,stat
2009-10,23,stat
2009-11,18,stat
2009-12,18,stat
2010-01,29,stat
2010-02,12,stat
2010-03,21,stat
2010-04,13,stat
2010-05,23,stat
2010-06,24,stat
2010-07,13,stat
2010-08,16,stat
2010-09,20,stat
2010-10,36,stat
2010-11,26,stat
2010-12,19,stat
2011-01,29,stat
2011-02,31,stat
2011-03,27,stat
2011-04,36,stat
2011-05,28,stat
2011-06,35,stat
2011-07,30,stat
2011-08,46,stat
2011-09,19,stat
2011-10,14,stat
2011-11,26,stat
2011-12,23,stat
2012-01,42,stat
2012-02,44,stat
2012-03,45,stat
2012-04,41,stat
2012-05,46,stat
2012-06,50,stat
2012-07,38,stat
2012-08,37,stat
2012-09,32,stat
2012-10,53,stat
2012-11,39,stat
2012-12,42,stat
2013-01,43,stat
2013-02,52,stat
2013-03,31,stat
2013-04,53,stat
2013-05,49,stat
2013-06,58,stat
2013-07,68,stat
2013-08,38,stat
2013-09,51,stat
2013-10,59,stat
2013-11,57,stat
2013-12,69,stat
2014-01,54,stat
2014-02,58,stat
2014-03,72,stat
2014-04,61,stat
2014-05,82,stat
2014-06,62,stat
2014-07,56,stat
2014-08,46,stat
2014-09,53,stat
2014-10,79,stat
2014-11,70,stat
2014-12,63,stat
2015-01,70,stat
2015-02,70,stat
2015-03,62,stat
2015-04,72,stat
2015-05,80,stat
2015-06,90,stat
2015-07,67,stat
2015-08,90,stat
2015-09,76,stat
2015-10,80,stat
2015-11,84,stat
2015-12,73,stat
2016-01,74,stat
2016-02,75,stat
2016-03,71,stat
2016-04,83,stat
2016-05,97,stat
2016-06,107,stat
2016-07,78,stat
2016-08,79,stat
2016-09,95,stat
2016-10,107,stat
2016-11,98,stat
2016-12,87,stat
2017-01,105,stat
2017-02,95,stat
2017-03,98,stat
2017-04,86,stat
2017-05,114,stat
2017-06,91,stat
2017-07,123,stat
2017-08,102,stat
2017-09,108,stat
2017-10,138,stat
2017-11,133,stat
2017-12,115,stat
2018-01,112,stat
2018-02,109,stat
2018-03,124,stat
2018-04,114,stat
2018-05,123,stat
2018-06,116,stat
2018-07,113,stat
2018-08,106,stat
2018-09,98,stat
2018-10,116,stat
2018-11,82,stat
2018-12,103,stat
2019-01,102,stat
2019-02,89,stat
2019-03,89,stat
2019-04,110,stat
2019-05,103,stat
2019-06,114,stat
2019-07,124,stat
2019-08,108,stat
2019-09,108,stat
2019-10,152,stat
2019-11,138,stat
2019-12,108,stat
2020-01,97,stat
2020-02,132,stat
2020-03,142,stat
2020-04,161,stat
2020-05,164,stat
2020-06,222,stat
2020-07,195,stat
2020-08,160,stat
2020-09,155,stat
2020-10,166,stat
2020-11,184,stat
2020-12,175,stat
2021-01,152,stat
2021-02,150,stat
2021-03,221,stat
2021-04,177,stat
2021-05,189,stat
2021-06,189,stat
2021-07,182,stat
2021-08,155,stat
2021-09,182,stat
2021-10,203,stat
2021-11,168,stat
2021-12,182,stat
2022-01,153,stat
2022-02,170,stat
2022-03,229,stat
2022-04,154,stat
2022-05,186,stat
2022-06,205,stat
2022-07,168,stat
2022-08,215,stat
2022-09,197,stat
2022-10,224,stat
2022-11,196,stat
2022-12,172,stat
2023-01,174,stat
2023-02,194,stat
2023-03,195,stat
2023-04,165,stat
2023-05,228,stat
2023-06,250,stat
2023-07,188,stat
2023-08,165,stat
2023-09,200,stat
2023-10,229,stat
2023-11,220,stat
2023-12,195,stat
2024-01,266,stat
2024-02,220,stat
2024-03,221,stat
2009-01,9,stat
2009-02,11,stat
2009-03,2,stat
2009-04,4,stat
2009-05,5,stat
2009-06,7,stat
2009-07,9,stat
2009-08,9,stat
2009-09,15,stat
2009-10,12,stat
2009-11,11,stat
2009-12,13,stat
2010-01,9,stat
2010-02,9,stat
2010-03,10,stat
2010-04,9,stat
2010-05,12,stat
2010-06,7,stat
2010-07,10,stat
2010-08,12,stat
2010-09,13,stat
2010-10,12,stat
2010-11,16,stat
2010-12,9,stat
2011-01,12,stat
2011-02,14,stat
2011-03,17,stat
2011-04,16,stat
2011-05,13,stat
2011-06,25,stat
2011-07,13,stat
2011-08,17,stat
2011-09,9,stat
2011-10,22,stat
2011-11,24,stat
2011-12,20,stat
2012-01,11,stat
2012-02,14,stat
2012-03,21,stat
2012-04,26,stat
2012-05,34,stat
2012-06,22,stat
2012-07,25,stat
2012-08,17,stat
2012-09,32,stat
2012-10,33,stat
2012-11,28,stat
2012-12,28,stat
2013-01,37,stat
2013-02,32,stat
2013-03,34,stat
2013-04,17,stat
2013-05,27,stat
2013-06,38,stat
2013-07,39,stat
2013-08,16,stat
2013-09,32,stat
2013-10,60,stat
2013-11,43,stat
2013-12,64,stat
2014-01,42,stat
2014-02,53,stat
2014-03,31,stat
2014-04,30,stat
2014-05,33,stat
2014-06,72,stat
2014-07,36,stat
2014-08,32,stat
2014-09,40,stat
2014-10,64,stat
2014-11,70,stat
2014-12,57,stat
2015-01,49,stat
2015-02,74,stat
2015-03,65,stat
2015-04,46,stat
2015-05,55,stat
2015-06,118,stat
2015-07,72,stat
2015-08,54,stat
2015-09,66,stat
2015-10,73,stat
2015-11,99,stat
2015-12,60,stat
2016-01,38,stat
2016-02,122,stat
2016-03,72,stat
2016-04,56,stat
2016-05,119,stat
2016-06,136,stat
2016-07,75,stat
2016-08,73,stat
2016-09,80,stat
2016-10,151,stat
2016-11,145,stat
2016-12,94,stat
2017-01,82,stat
2017-02,116,stat
2017-03,147,stat
2017-04,110,stat
2017-05,177,stat
2017-06,155,stat
2017-07,130,stat
2017-08,97,stat
2017-09,133,stat
2017-10,176,stat
2017-11,226,stat
2017-12,124,stat
2018-01,98,stat
2018-02,240,stat
2018-03,185,stat
2018-04,131,stat
2018-05,264,stat
2018-06,252,stat
2018-07,127,stat
2018-08,89,stat
2018-09,95,stat
2018-10,185,stat
2018-11,136,stat
2018-12,121,stat
2019-01,137,stat
2019-02,142,stat
2019-03,115,stat
2019-04,106,stat
2019-05,196,stat
2019-06,209,stat
2019-07,111,stat
2019-08,95,stat
2019-09,129,stat
2019-10,201,stat
2019-11,113,stat
2019-12,128,stat
2020-01,95,stat
2020-02,222,stat
2020-03,125,stat
2020-04,98,stat
2020-05,99,stat
2020-06,350,stat
2020-07,187,stat
2020-08,102,stat
2020-09,103,stat
2020-10,181,stat
2020-11,136,stat
2020-12,117,stat
2021-01,87,stat
2021-02,164,stat
2021-03,141,stat
2021-04,113,stat
2021-05,124,stat
2021-06,213,stat
2021-07,109,stat
2021-08,75,stat
2021-09,107,stat
2021-10,179,stat
2021-11,122,stat
2021-12,92,stat
2022-01,100,stat
2022-02,186,stat
2022-03,129,stat
2022-04,77,stat
2022-05,175,stat
2022-06,183,stat
2022-07,107,stat
2022-08,87,stat
2022-09,108,stat
2022-10,173,stat
2022-11,136,stat
2022-12,80,stat
2023-01,121,stat
2023-02,177,stat
2023-03,116,stat
2023-04,84,stat
2023-05,204,stat
2023-06,190,stat
2023-07,104,stat
2023-08,95,stat
2023-09,124,stat
2023-10,231,stat
2023-11,112,stat
2023-12,101,stat
2024-01,96,stat
2024-02,203,stat
2024-03,133,stat
2010-06,2,stat
2010-07,3,stat
2010-08,1,stat
2010-09,2,stat
2010-10,1,stat
2010-11,2,stat
2010-12,1,stat
2011-01,1,stat
2011-04,1,stat
2011-05,2,stat
2011-06,4,stat
2011-07,2,stat
2011-08,1,stat
2011-09,5,stat
2011-10,3,stat
2011-11,1,stat
2012-01,3,stat
2012-02,2,stat
2012-03,4,stat
2012-04,1,stat
2012-05,4,stat
2012-06,1,stat
2012-07,2,stat
2012-08,1,stat
2012-09,3,stat
2012-10,2,stat
2012-11,1,stat
2012-12,1,stat
2013-01,1,stat
2013-03,1,stat
2013-04,1,stat
2013-05,1,stat
2013-06,1,stat
2013-07,1,stat
2013-08,1,stat
2013-09,1,stat
2013-10,2,stat
2013-12,2,stat
2014-01,2,stat
2014-02,4,stat
2014-03,2,stat
2014-04,3,stat
2014-05,5,stat
2014-06,4,stat
2014-07,1,stat
2014-08,2,stat
2014-09,4,stat
2014-10,7,stat
2014-11,3,stat
2014-12,3,stat
2015-01,4,stat
2015-02,2,stat
2015-03,6,stat
2015-04,5,stat
2015-05,1,stat
2015-06,1,stat
2015-07,9,stat
2015-08,6,stat
2015-09,5,stat
2015-11,2,stat
2015-12,2,stat
2016-01,1,stat
2016-02,2,stat
2016-03,5,stat
2016-04,5,stat
2016-05,1,stat
2016-06,5,stat
2016-07,3,stat
2016-08,3,stat
2016-09,1,stat
2016-10,4,stat
2016-11,6,stat
2016-12,4,stat
2017-01,5,stat
2017-02,4,stat
2017-03,6,stat
2017-04,7,stat
2017-05,7,stat
2017-06,3,stat
2017-07,9,stat
2017-08,5,stat
2017-09,2,stat
2017-10,5,stat
2017-11,3,stat
2017-12,5,stat
2018-01,6,stat
2018-02,7,stat
2018-03,5,stat
2018-04,6,stat
2018-05,6,stat
2018-06,5,stat
2018-08,3,stat
2018-09,6,stat
2018-10,6,stat
2018-11,9,stat
2018-12,4,stat
2019-01,8,stat
2019-02,5,stat
2019-03,7,stat
2019-04,9,stat
2019-05,8,stat
2019-06,2,stat
2019-07,3,stat
2019-08,5,stat
2019-09,9,stat
2019-10,9,stat
2019-11,5,stat
2019-12,3,stat
2020-01,9,stat
2020-02,7,stat
2020-03,11,stat
2020-04,5,stat
2020-05,1,stat
2020-06,3,stat
2020-07,9,stat
2020-08,4,stat
2020-09,2,stat
2020-10,6,stat
2020-11,3,stat
2020-12,5,stat
2021-01,6,stat
2021-02,5,stat
2021-03,4,stat
2021-04,4,stat
2021-05,6,stat
2021-06,3,stat
2021-07,2,stat
2021-08,5,stat
2021-09,2,stat
2021-10,2,stat
2021-11,2,stat
2021-12,4,stat
2022-01,3,stat
2022-02,6,stat
2022-03,1,stat
2022-04,8,stat
2022-05,7,stat
2022-06,4,stat
2022-07,1,stat
2022-08,2,stat
2022-09,1,stat
2022-10,2,stat
2022-11,5,stat
2022-12,1,stat
2023-01,5,stat
2023-02,3,stat
2023-03,2,stat
2023-04,7,stat
2023-05,8,stat
2023-06,2,stat
2023-07,12,stat
2023-08,1,stat
2023-09,8,stat
2023-10,7,stat
2023-12,2,stat
2024-01,4,stat
2024-02,4,stat
2024-03,4,stat
